,m1,m2,m3,profits
0,0.15479120971119267,0.08777568795041046,0.1717195839822765,844143.885958866
1,0.1394736058118728,0.018835469577529906,0.1951244703273512,35780.135597316286
2,0.1522279403980706,0.15721286105539078,0.025622726535109178,-148998.60412421558
3,0.09007718757911343,0.07415960484651625,0.18535299776972036,3878239.5847283104
4,0.12877302401613291,0.164552322654166,0.08868283976546623,1638553.5646167204
5,0.04544774435695538,0.11091695740316697,0.012763451220835066,-168871.98862268755
6,0.16552623439851644,0.12633287982441296,0.15161754801707478,1852183.8896758736
7,0.07090519362597368,0.19413960487898066,0.17862422426443955,11543676.946714623
8,0.15567669941475237,0.03892774157039352,0.09334420074540684,-55947.508923242625
9,0.008760753157445756,0.03085789841350957,0.13660979064849094,34514.527581239585
10,0.14895243118156343,0.19350194648684202,0.0651650716276304,205996.03870924836
11,0.07409194120697378,0.09391116225516159,0.037894271816857145,462681.0692051374
12,0.02598430106709433,0.09514098524518676,0.04538186981017683,1778260.0740726527
13,0.13396279893650206,0.08743038377446616,0.1665356392115675,1755290.1530499563
14,0.14005302040044984,0.06247332827640822,0.16645196027904022,607462.8333909698
15,0.16095287149936038,0.07749567580603489,0.057665620786048824,-221607.96869177418
16,0.1364991007949951,0.027950496721861964,0.03998164049502167,-252943.7384707468
17,0.0014724539502011026,0.15738487550042768,0.13297017131840644,-221260.12947906952
18,0.14103307572526702,0.15614580620439358,0.09178315510766799,1060897.100258071
19,0.11374823919057875,0.02795939962553149,0.02290601470719469,-228347.95155883394
20,0.13368059235809435,0.09421924122862652,0.11304722129623777,762708.982986772
21,0.15299977148320512,0.12694366400011817,0.11071588013159916,841224.3119580144
22,0.11184143214908271,0.06079001961252244,0.006163566913587881,-335539.6974873129
23,0.08734347784647248,0.04291693456390584,0.08170572874492724,193455.11777347972
24,0.17068061465363324,0.04678789717306815,0.011660548337813204,-147302.8835820732
25,0.05627677840439931,0.05871875155333672,0.132383302945379,3889031.710209879
26,0.11140643046825567,0.1567796418212827,0.1328627080654775,12357953.054305501
27,0.08127737228801411,0.16280407693320695,0.033394583981540785,376209.1721027368
28,0.004542414626772096,0.018009572155128353,0.14447187011929005,-1030161.5380318832
29,0.09237544605027748,0.03225435580672036,0.10020895502067272,96748.21446613072
30,0.030462420542633685,0.13926407501554722,0.08923125511480615,3980647.21094384
31,0.0762042452192965,0.06030241782957531,0.1260565186237777,3006331.2951237643
32,0.07236252211067809,0.0175299838632202,0.023601180424103065,-329949.2564989658
33,0.19237953290990292,0.18171613814152143,0.1399414267621499,1389857.0138890601
34,0.05317399229190392,0.1938352754695448,0.15575018079315894,8567894.382585414
35,0.14337803783179912,0.08987230042875774,0.054448312369031804,-256750.93469716804
36,0.01927819243069986,0.18052047930876836,0.09115525796672222,2409444.190247491
37,0.040472672959046066,0.061191324830130504,0.1158439137883792,3539704.8438469204
38,0.03535455658784634,0.17132285681847512,0.15170390596704203,5653862.977860779
39,0.14389259119018735,0.08641860795502075,0.12546176814048865,589574.3175664695
40,0.11681959378254712,0.129969320310964,0.016888864227977817,-379785.8486242231
41,0.08316148043412193,0.008322834772378496,0.09879816384890379,-94888.08032826326
42,0.06597224246655707,0.02890483777320938,0.02068059354451033,-355252.65505753167
43,0.11752891443554242,0.03411859370737722,0.18502402367535944,303037.39544763154
44,0.116212227940079,0.06937396090696742,0.11818309829628336,959943.069970441
45,0.0045607742059395,0.19171184264828908,0.09646068738858005,129511.76013522048
46,0.15654704545005727,0.016545999984487716,0.09733166616763207,-120296.47701129608
47,0.09814139887090419,0.18756529099499658,0.11434561047521508,9856557.658180239
48,0.09469788021139076,0.05339513261837872,0.06631379946851045,164296.36326658062
49,0.10413448049430757,0.08778229206100935,0.004322415976066085,-464136.2376393086
50,0.16525838483887156,0.17923215436795337,0.028049817799722154,-108035.59716542884
51,0.11080722870780989,0.021715148227088713,0.13444801860796235,55054.251358072084
52,0.056246756767801664,0.13188452693838035,0.14539892285737652,8309831.494889154
53,0.15372949838353142,0.021548189191179314,0.1832023690275216,105925.76882532157
54,0.04604279817897616,0.007482511235235956,0.11097049387829667,-35312.8450331928
55,0.07418445677248775,0.16595794862648264,0.16165029441286038,11572428.082657171
56,0.06342777856454307,0.19057987901394902,0.05818356762802373,3253601.8739184616
57,0.10301142584634292,0.051193018113520554,0.18720871400979266,1001886.3742870316
58,0.03292156351640363,0.008982123878465798,0.08701941200060759,27877.70200128783
59,0.19847511281116742,0.1783354532509828,0.14972160389138986,1474112.9067903024
60,0.17815849817570498,0.17868932793957265,0.10377167207728982,517090.5252810273
61,0.0631858103661586,0.15440248642219762,0.13233225263355222,9294448.931544717
62,0.07473154577474202,0.018893333612303054,0.1493579222698052,241316.728424057
63,0.05249210318457294,0.18736263010675586,0.048194115001136954,2593344.106158153
64,0.024551586482297206,0.16622253442498125,0.03065686332489881,1120865.6419990961
65,0.035853661631547816,0.11987655830416871,0.1749124081674929,5378345.312588005
66,0.03928693314291465,0.06206473458001896,0.15548096764823552,3917653.3572399807
67,0.19436528521219348,0.10014823724046847,0.028779500510250158,-110677.67996796303
68,0.002787257541640309,0.04593120599977105,0.026364443557304208,-883836.6334205405
69,0.1355317347225715,0.024366500925706226,0.1012659863241266,-99522.31590055132
70,0.1388524871285773,0.11622332184418048,0.03995513033201153,-209566.4944236062
71,0.16082490523645254,0.14308142592316034,0.14779680078310836,4724916.422412903
72,0.02621155031146265,0.024750760730068922,0.18551251020130155,913443.2117498406
73,0.07951563876498813,0.060189738356187954,0.09771680907030666,2038043.2863875974
74,0.13257284255271648,0.191124651409394,0.057289245376411,296260.00712128717
75,0.18496168586240544,0.004971898277251263,0.11103960846536494,46645.90723711706
76,0.12679502233621703,0.02117948075015066,0.028067919412782527,-240845.11172395982
77,0.08382286386326077,0.19324638242863634,0.11920851064687457,10994330.585372074
78,0.18660464432004226,0.16087218312259416,0.0934763203110583,-1265.4894750144877
79,0.1569526898504375,0.003567356795397547,0.02182879935314699,-208848.5916520637
80,0.16588572297654727,0.15936341766503237,0.04652814839328674,-111826.26170412773
81,0.1061539181198107,0.12120316414000219,0.17354779075520224,10758170.107504878
82,0.12062143146774514,0.08251431385473607,0.07483680868143654,249329.46561771515
83,0.08517641727470199,0.13038620511599483,0.173498126350465,11986859.405789725
84,0.09077937641525996,0.04956791259027163,0.04733247259951623,23343.55203598726
85,0.1492028560486893,0.1633137526847821,0.021055615970824993,-176987.79584406206
86,0.013311771391035633,0.11888673275129036,0.029234648838539656,-220367.06533113966
87,0.16493283809126827,0.06206693478481489,0.02877438659422853,-174555.84551872997
88,0.18419409449749005,0.03310634454705563,0.056944016467587115,-113161.07903752435
89,0.030722679038411728,0.023098012733070994,0.004229603267288007,-670746.53045516
90,0.011079081832852023,0.03492829418717054,0.010676386525435079,-726124.7995077911
91,0.11822876322219425,0.13614290535990128,0.07872609136640565,1303549.7828161235
92,0.06359821939040988,0.10090524740444602,0.17500098844692172,8500742.741390154
93,0.1702263253644412,0.00869501240255839,0.03629968191930482,-108338.32456569365
94,0.047348974220879206,0.04987751516644237,0.11424653034855455,3193318.3978028516
95,0.08325248514063846,0.009850823985518798,0.07472282769191432,-67996.87061425742
96,0.10475058974352745,0.020334380580743196,0.16669171075771194,123675.95130026128
97,0.010392373293020852,0.18496837380361242,0.019822628315975102,-509057.556668389
98,0.16871499031955056,0.18053062878552342,0.19591413611731856,15163384.03316515
99,0.1604051760547187,0.15589550815426578,0.12849665519910955,2407385.3752783113
100,0.15579927091562581,0.02691044168262942,0.10721360718952747,-113031.42582376635
101,0.10284457403808289,0.1715144288245115,0.09255987311870317,5369666.125201724
102,0.0770178992200707,0.12791265424742201,0.053292663500169216,1498659.3922083275
103,0.027953682190791376,0.09557545480474916,0.08337787371897701,3105957.9125364516
104,0.04651398810577474,0.07350236202302561,0.07327848996524948,4380606.547408859
105,0.06549911288250909,0.0758928159453858,0.13714866909118908,5617665.632547442
106,0.05937529491425706,0.1897715853430681,0.18326960390763558,9711881.778512577
107,0.09618208566001572,0.06567224100093776,0.10708695796600064,1303272.0308524482
108,0.16971209775472493,0.13051746811202042,0.16087836558941548,2280978.454319339
109,0.10654445521314804,0.12658352585352414,0.05763112283649235,602186.9986967734
110,0.14697863246205817,0.04048091862514367,0.13895962576369966,171794.18985160952
111,0.17214381366517884,0.026420567460308787,0.12287594810838397,-47041.62691613456
112,0.019019149645986923,0.1451431256542854,0.016898643764704048,24248.326107603913
113,0.1871879645401252,0.027481586007560434,0.1917760491818161,39831.27157325968
114,0.16017683521701934,0.11873640089327082,0.15652482092590939,1926182.918087084
115,0.15902296779661718,0.18920541256346607,0.05067667076783744,-31714.839530221085
116,0.11801517907166184,0.019009839512880246,0.12323314000482427,7886.614973530504
117,0.03425826081855776,0.11299012229448838,0.11448610280676995,4849425.582181142
118,0.09319703059624547,0.10452635510262456,0.1527846780013176,8810635.965285195
119,0.15984894330241334,0.09843064311508583,0.11991868830452246,369136.545588734
120,0.18624724713802038,0.023946717700224565,0.023420713180022104,-72774.97145958932
121,0.017541802382153682,0.13157265700810558,0.0837216601580759,1932730.729028326
122,0.15486428322836865,0.13424628266171854,0.06672755166564763,43010.67516484535
123,0.17967330947230717,0.15250642941413048,0.054106988182035146,-135621.25428946453
124,0.0728384035544108,0.06288799604085259,0.03152232972499993,61227.492856777644
125,0.02955667450843833,0.18722549267514882,0.08758080743975066,3600623.2347750133
126,0.07666396455548197,0.1459371417354756,0.11059861305058,9599735.813942095
127,0.18722799736769247,0.15606029878187844,0.09587391282490808,44476.79528596975
128,0.07527189469616524,0.19732630898486442,0.1435520472007287,11415122.708131265
129,0.19023893200076825,0.023695715443408275,0.17010673583815653,57727.63277991017
130,0.1274147767982415,0.024384335667022517,0.11765159999384414,-125638.7045911748
131,0.13721927302108977,0.002460537177720568,0.09086359236834932,-53261.873543375164
132,0.16507990223926425,0.05907180506881798,0.09170961635971023,-122584.97259020274
133,0.08846282541357864,0.06038547828849832,0.18368837910311087,2044653.7446194428
134,0.1562588070863032,0.0221176821992221,0.19940693156751463,171222.85793442532
135,0.17584000486154905,0.0567816875728078,0.16737931593218766,100448.21863431635
136,0.021283906374276573,0.19982094609484774,0.1331369472213074,3207282.5031314823
137,0.1300250031117594,0.01808814539682655,0.17940667977932506,43389.74896547048
138,0.005799900640893885,0.04816561160822941,0.028604375033327002,-895356.1835586058
139,0.15535358813844372,0.03964084544257958,0.18212764542617707,152764.17823888338
140,0.13125380786549803,0.007232542098939244,0.0010859668257400922,-244096.76834078474
141,0.010331583402879785,0.12118503552954554,0.16029636217188306,1236368.451092007
142,0.047710564125477695,0.1698817685846146,0.011446388030652078,-91925.76106998124
143,0.16019277072833527,0.1855590860344561,0.15442167982087612,9297088.264334658
144,0.13962415679572746,0.16759604373107662,0.008030259909413284,-207048.62504234342
145,0.04035642214381108,0.024984735861128617,0.10090619803859731,1154431.492956337
146,0.14903762566576892,0.12600236891527974,0.17022621995238701,4425960.241139415
147,0.03104259848821818,0.14692421838703232,0.03860829817378082,1507012.3712179891
148,0.054151750263560054,0.14198093945626078,0.19604095697973636,8547710.70134193
149,0.12230872119541392,0.01090006299825912,0.12326179398550657,-6795.903122188112
150,0.00847011031603342,0.17682914227336344,0.14191565702012415,1116343.4796069667
151,0.03462556928450065,0.018344201164839615,0.0367066457760638,-2522.5775317441203
152,0.19600543591083852,0.09171212849169796,0.1568161896682816,173297.90575235125
153,0.1272816684215554,0.11448262999172748,0.02902605093300994,-271393.65849001665
154,0.18920489071161903,0.06026852650294359,0.11560344316150845,-41122.17828098392
155,0.13995518891781322,0.12984663104906177,0.1881188819391037,7841469.433941298
156,0.0296877979840116,0.10167054768938842,0.0808068781481532,3400042.6743498854
157,0.09483374589652363,0.023843505239548923,0.02681892197455307,-418754.32022235356
158,0.05561510915625148,0.06094092075216626,0.08558064273627,3664272.3805195815
159,0.12219750940732566,0.1269258234836526,0.08236217931711405,1263992.3718089047
160,0.08175662188573943,0.0435257053393924,0.11766124968180165,1002016.5905366578
161,0.06340818226344758,0.007211966855472741,0.08368000883137208,-165039.3334049901
162,0.09482653501803406,0.0451185736408422,0.11449158662442314,478820.2833494175
163,0.11315438008638419,0.1404004362220743,0.129589696440242,10281457.13742146
164,0.13048661130420633,0.06324283036480863,0.15748644439719078,783338.8878151053
165,0.1098288767199359,0.08628363903597802,0.12520249618821142,2672048.2198576583
166,0.07213146689005086,0.10254784892135166,0.14734113769644405,8871064.687894318
167,0.17728057734474156,0.18421143945903834,0.10072658503661985,402062.14662753686
168,0.10405502294811382,0.15997408215276732,0.06289013834884026,1150587.116638632
169,0.16747647246901373,0.09882832930348469,0.02317134486705368,-175232.968910986
170,0.01441182941458874,0.16839864220789263,0.01111358338137558,-632162.217437907
171,0.05612228722673118,0.06682600810030917,0.03459888903831876,705548.1579447412
172,0.06277867396039785,0.14853851334501714,0.002936568712014154,-361653.4430919896
173,0.1654346849041373,0.17130960471491163,0.07445231463830963,60671.35719371609
174,0.030722579812126963,0.12016808158901618,0.02393451117297887,585363.246737519
175,0.0729838722156505,0.1916858361801945,0.19909289451672743,11898571.20240568
176,0.15442097827091714,0.06219230198415324,0.1375330098332185,57697.31818288098
177,0.14108127309680255,0.07756833903272996,0.1281777269172319,551095.5920756713
178,0.002145528995135249,0.0418115317204483,0.10501766059345224,-761939.4924472129
179,0.03275026085165918,0.033181373575306726,0.1672608581100476,1592729.9766375488
180,0.1978266005367211,0.11119388560568969,0.1678139461763427,351616.8179129999
181,0.19806433286525452,0.02831917771375494,0.08964912265087022,-39232.67538260561
182,0.07851454316838398,0.016009856729237004,0.1510660345589489,184773.1776269667
183,0.08675580546451861,0.09386538683808027,0.03013459476264804,23069.542394126784
184,0.03618533044617363,0.18142072443124302,0.008929817794855776,-292989.25665953057
185,0.04657045698874125,0.058411866062905674,0.09803950848031728,3522016.1460456904
186,0.1172890346029592,0.09865799517013332,0.016823066911376406,-329372.9200609049
187,0.04873349081114271,0.16871767695250825,0.1275177400956918,7426763.9797482835
188,0.12982981002685487,0.134040651070271,0.15258060380790583,9566573.85109826
189,0.011621696344289468,0.07332167698652248,0.10790548705233574,1096208.0949724119
190,0.0676912966594652,0.16889577465743733,0.09651450171745879,8335677.40099732
191,0.15372551789187583,0.17040310337623382,0.10095829658069962,1215374.6712722133
192,0.18191044877426998,0.11742478810739612,0.17005485976674437,901006.2224691864
193,0.06811815911830486,0.09976339170629706,0.10628220820091555,7644355.795507396
194,0.02099594317921412,0.07971050134030813,0.18346753451033523,2536050.0962584
195,0.1261664480729485,0.0355013164873935,0.067771127121921,-43751.86420161846
196,0.03832060193253997,0.004964626359714508,0.18549209170080536,-148582.63266390134
197,0.0896414656513743,0.061507014484157234,0.11969543831154733,1761721.1258735252
198,0.0014628912586031274,0.05560442132016277,0.14060669313977853,-659202.1754282147
199,0.1267539546138526,0.19636118950850712,0.12407154193160881,8750213.784146933
200,0.09550117472554656,0.15228651263680154,0.1806655743928106,14244847.419473134
201,0.14413918934367032,0.19264224470987593,0.15640103414763545,14070945.26155531
202,0.17336028765238531,0.022820814236727438,0.14648270059875754,-108595.00640194396
203,0.08801773990547374,0.11062076048225505,0.13082048189647136,9677744.804684214
204,0.1939630233411139,0.19691561628632492,0.057645649097581055,-6649.999121875052
205,0.14675069948758324,0.14999670758705372,0.06929857226260976,286253.3825352437
206,0.024773954972844205,0.008189392057143951,0.15546862550583573,-46469.09499758433
207,0.09793994836338119,0.19710803389898524,0.09299469123873061,6024145.107027964
208,0.19558339581476805,0.08231520043881198,0.15873643011199454,58283.80754775241
209,0.016963854462366413,0.11109234202755279,0.16041195739714487,2397084.773598769
210,0.18494033344397776,0.16451661812348634,0.0073941454402348455,-153260.92744468283
211,0.07454046826134685,0.009739694462770255,0.0218564582229116,-290997.99044656265
212,0.13506112573349682,0.14265163926233965,0.15474413655032526,10041816.633485008
213,0.1730913096111326,0.14788629369530198,0.16017431842132643,3382156.3557523075
214,0.009792741964655849,0.04690703008825972,0.12437955467504916,355947.6894333933
215,0.17162506092496466,0.0009000249879318246,0.10292586842326996,-59302.6499444849
216,0.13545747987287945,0.005921457825722643,0.08027111151067759,-166391.2695116186
217,0.17912697627673937,0.13432256177117174,0.04753167267211947,-166138.2381856776
218,0.17055622592638253,0.06960628468190287,0.1706689342288119,295430.8529914939
219,0.05978873022378111,0.1180640501766298,0.07938801354956682,5896857.015899683
220,0.054965010151013405,0.17731151243437385,0.037518736387898266,1618881.2191513127
221,0.01696231824715262,0.06838538770913208,0.14352782952831353,1716154.2174441637
222,0.16148632119525635,0.19974867401335297,0.05927241140223299,62853.782634565745
223,0.08158839022625644,0.02736425560592526,0.11497438592460672,244275.64715656813
224,0.19951600745258347,0.1401762020241317,0.11904256808267435,19526.962213799903
225,0.07847381858435881,0.18305975205711097,0.0993833192260699,8853367.437784778
226,0.0268733826626123,0.0730756926398267,0.01343333376955338,-3226.0799969944037
227,0.04039580753775632,0.003533756199982441,0.09065598330003269,-61131.62219200128
228,0.12690805299035943,0.06865849247578155,0.08407635430105542,123637.0373478946
229,0.1918418545689152,0.15039262431498313,0.10817132738899025,271481.13107489963
230,0.05690817502236505,0.17939935975459906,0.0470194233761319,2562517.215572969
231,0.06506854610333541,0.1818129628845897,0.10590841105701448,8685349.89303522
232,0.14846358988359534,0.11814895883275323,0.13068784180189905,2128587.5439565172
233,0.05987665830296512,0.04827441232533258,0.06449846943373305,1661554.7656542235
234,0.031088312816684494,0.1748628730581615,0.056649386650022816,2922896.6883166586
235,0.11229787888287693,0.1583948850282748,0.15676482187514273,14963900.333717948
236,0.08767725171683859,0.09525146171734514,0.19894034978700498,7900606.178808021
237,0.1349194953958048,0.16292768862357654,0.18051079384384638,16869550.364738427
238,0.15751796724586786,0.03703586899071352,0.11243414674751445,6603.6969794925935
239,0.020378831462908975,0.13058442531279968,0.19106988563756222,2937072.3882790534
240,0.10254641286002227,0.08659449857355345,0.007168550283632636,-340201.0617987363
241,0.19195490446584407,0.02060053682603176,0.008215818660969388,-47050.91110815384
242,0.0492133223009877,0.013106086783676486,0.09102356848235248,-120340.82984333255
243,0.10321756025142248,0.06251398980571679,0.010192096514977211,-276958.11178157845
244,0.02232007364984534,0.07690087559798563,0.012105690165307227,-184416.88979203693
245,0.1396379451219827,0.0414041083049624,0.060414313756727706,-210423.1511946285
246,0.0788251554356195,0.08332192661382959,0.0003321415349601065,-493911.49030188215
247,0.02241407419973951,0.17255291274817564,0.0002466125023816268,-728546.2876401142
248,0.10163347116257503,0.09790040130144162,0.06661883220212757,1006894.0971787162
249,0.08626540402928994,0.15611622750531687,0.1682407412429913,13062381.050575623
250,0.05206970868305001,0.06449808819354597,0.04849657060566655,2019619.8257880325
251,0.09597268011021304,0.13665167153176258,0.04565057509268411,291822.1760828912
252,0.06614714841097334,0.18607692351783012,0.009713857969391615,-332850.2274512421
253,0.09215392104791326,0.14231160831935558,0.030090802311494816,99012.87918668542
254,0.009474804001096371,0.027641074327706152,0.18376463870613657,-184239.00278167118
255,0.0018519563642246828,0.037664394962270364,0.00625670258032891,-1394250.0453285647
256,0.022125893512440653,0.12402985732565926,0.048327781747817156,1562871.9463763458
257,0.11384241008613537,0.11803907655322524,0.16988706661795583,9546575.377468724
258,0.0009482785823747841,0.17067389186847337,0.12382381728539481,-283022.88995301933
259,0.03254869722099152,0.15458747762705682,0.17109830835811715,5162597.844355837
260,0.05085269675083146,0.18375873618053618,0.09089148605973157,6499319.671157902
261,0.1206848908666643,0.19692990672352872,0.07230721572783987,1028624.9220874227
262,0.16263186916402259,0.06367982356569193,0.1598427044482982,199784.059453487
263,0.1201467837725285,0.04327113904508029,0.08280521875784728,-27705.780064606664
264,0.06352712687271234,0.015621678616072776,0.005966954019939497,-426942.280319334
265,0.06929573108143619,0.003806829563497316,0.03309755151635501,-368217.4291435988
266,0.14503666417017377,0.14161824713671758,0.14771607729147654,7079104.77146128
267,0.06343063422599575,0.17800389142353912,0.11876610960568952,8975054.341313157
268,0.025205268349325308,0.028743732291106827,0.1386190853859403,1097716.931550987
269,0.034588787288415614,0.10145854031640866,0.19835489518574215,4880341.924270407
270,0.0008015209466678997,0.0033159603795113847,0.19861691638610132,-1349950.25974561
271,0.1169277668268331,0.025381995103702627,0.17946043995081873,207402.35180922018
272,0.17607606002553844,0.10724008262227505,0.12435840597215131,253158.3159042831
273,0.05463743830017527,0.01010393927440103,0.11891352177817288,50789.980221748294
274,0.0589510386405526,0.13272420933207038,0.16724903536852026,8994133.327320985
275,0.003632108782872812,0.11914275493714549,0.04625610793737045,-586338.7060188215
276,0.17477769958076028,0.0507329013123657,0.12215402664708366,-48802.23527589948
277,0.1107081680179223,0.07923330001184979,0.13552415271995882,1917683.3339884481
278,0.1451539269430868,0.11338755906387737,0.15168444743695084,2451820.3211492817
279,0.19668341519858754,0.08385447758016103,0.10291661037710619,-111772.45015648848
280,0.0024939755882426476,0.1592057112620757,0.10404601340919878,27775.944606742425
281,0.08159228607211305,0.018814392617879164,0.17793128433507946,291448.48206248635
282,0.07900144800811129,0.13651631964184407,0.029874831273630154,125839.74177885936
283,0.1923099259082065,0.03568835236436618,0.03990839857989808,-88581.37946229649
284,0.17179657211154276,0.18251654882838625,0.042429481504660284,-104915.18683011289
285,0.09396017763496559,0.14669898091256597,0.17567314676216034,13604069.50765927
286,0.07581053900746104,0.10340389736988585,0.14834328210394698,9198921.47477285
287,0.14622719533055908,0.156592026005217,0.11398676372830528,2495132.9262752477
288,0.020923019360955045,0.18079465817560803,0.17311450786420565,3199818.601995853
289,0.1596194871636666,0.0199724954321459,0.04087947341628584,-158759.20557377773
290,0.1487200730215304,0.004628018916389288,0.19584492674145593,-7404.801182272266
291,0.07542893607113615,0.14386250673816472,0.17751421769760867,11440873.101079684
292,0.07892597763001646,0.0638264977199332,0.12174822577964935,3476672.4218752086
293,0.11619787474961014,0.08182799552495944,0.1203549511735417,1563073.5030568454
294,0.18707627391329895,0.0935280513253193,0.039348436150126266,-103308.31945916913
295,0.07544119657660078,0.07882139651862373,0.026221738605243974,-142957.6603310172
296,0.03257430011091098,0.13691241467873547,0.06789555084178055,3500926.920297203
297,0.19097967837116153,0.048719349071721485,0.019784901020964463,-120364.56318445744
298,0.15070091260005158,0.176207210383574,0.05562267137429758,12265.342072291061
299,0.0404176203290956,0.03715322697421743,0.10440246027330247,1928774.4001527794
300,0.0936833282493542,0.05188796797090685,0.009034623397885277,-385540.7612292663
301,0.09629826806525615,0.1918664695271217,0.13050384015053265,12890851.278746596
302,0.0991013113257237,0.022138414805923226,0.05048725810991746,-178111.4924462428
303,0.058954789914908545,0.15296071052144689,0.17534215945292386,9332564.649217255
304,0.1803283707132877,0.19691372165015084,0.1964733366209065,14515047.748727491
305,0.1905998265535963,0.014364428100576877,0.02755870718556104,-73816.89865909485
306,0.06089330529520658,0.1105796508128923,0.019395577741095862,-37500.67645771289
307,0.1691593915604285,0.12335123581546181,0.108472880460441,563189.8674161738
308,0.033062264673458235,0.05065109488003947,0.03206240499645161,624386.1721522551
309,0.17038663155895972,0.11684557201224365,0.14702588550392667,881479.3156604113
310,0.05920657258200515,0.07425052741765543,0.08097099288530676,4155665.822882472
311,0.15200299434880699,0.15447059753491363,0.041362705502806345,-158420.20579301627
312,0.1883077713476198,0.02413106748873728,0.1792244164847261,32603.244113659923
313,0.020079129129961862,0.05290796223026222,0.1692957072135914,1659297.31050566
314,0.03589841446921749,0.08271358626199397,0.08997185998882525,4183949.8877060157
315,0.04905179460464193,0.1420490402671973,0.1702669298804408,7792360.227228684
316,0.17491502797111436,0.0678644291473122,0.1061700788575629,-83084.56872643725
317,0.049681280773130304,0.04895930031002909,0.032250812570384826,589730.3324107007
318,0.18800380216150295,0.177597765721116,0.15547174266553845,3144984.373570015
319,0.10353230425754581,0.09812158310237439,0.1059491332364996,4279211.351258439
320,0.10731360271541786,0.08691261693953807,0.026350966578413494,-253078.68892809248
321,0.0251327705737072,0.19044994316913666,0.09640615191727012,3418598.2522154874
322,0.1906411049810378,0.032715375542021995,0.11088331040798671,-89330.06560526106
323,0.04154345067030785,0.05063692122532031,0.0060109157522357575,-307442.4263544555
324,0.023790662148042263,0.18336968152583916,0.06430659829646634,2390967.9223103863
325,0.12162584238291832,0.09300282639785461,0.08009024904905566,523283.41421754827
326,0.10637721826921363,0.037447788923068305,0.19772077970391533,519774.0085767635
327,0.16366157374077261,0.14832292654630305,0.0937518594027905,410283.03117070097
328,0.030575424425267197,0.18413317165471357,0.06827741347634553,3272817.363814906
329,0.010021337939386754,0.06848073536212573,0.15889140609917687,730209.3374728166
330,0.12454174899764164,0.15016771694897194,0.1587270767724755,14323366.65119869
331,0.04239092221610852,0.18475666321863604,0.08759792058407452,5432859.649537817
332,0.12780272985283292,0.0004617545173484006,0.1986736996822356,12063.107135589897
333,0.05617927719283103,0.012412621308031047,0.0916524083073028,-48964.484534691146
334,0.02580601143640835,0.030465342031515144,0.12645656260604204,1090955.254602457
335,0.07858547831404666,0.18437049003099903,0.06383129892161402,3421597.5893894807
336,0.14523602567678023,0.09221988603098152,0.13199026022585578,751394.7058538547
337,0.11993907134319809,0.09455679455179965,0.19001221892488743,3560984.3181198277
338,0.06854272855099118,0.035447100249854514,0.13561881217596566,895002.5358084684
339,0.16920151226158175,0.008050747987984752,0.08992653768453612,-91105.5664136367
340,0.17849753793746526,0.1499237237845735,0.19836154329952566,4472253.684975172
341,0.10628276231944876,0.13199914376023025,0.06049605622758563,794632.8834162883
342,0.18950711993319846,0.07326709771130727,0.14770214253732572,83717.12664861622
343,0.08062804082381639,0.11236378601259987,0.14395650700430926,10014517.746893805
344,0.10178683035027086,0.18141726538190173,0.08386019758556205,4280910.508769431
345,0.12941435962866504,0.06847248666001082,0.08163133364620262,61654.27739894173
346,0.08801002164671048,0.02516140366245705,0.01834473581180134,-313051.37083902286
347,0.13349798462935158,0.13110354766861046,0.13258194284201905,6415830.0222749505
348,0.003953289068538335,0.06530936853435598,0.03956196945183939,-477183.4910810275
349,0.15563028450880248,0.17212608027922605,0.04933607544522947,-94281.42937109397
350,0.13356983176959727,0.02587256069165489,0.05503050512034267,-297116.3571351739
351,0.027730899246683906,0.056704153319845844,0.1349473094698556,2732367.3514906727
352,0.1820653820370505,0.040504481584837194,0.10841580699014385,-120848.05452579459
353,0.14027822024868647,0.19058449369711317,0.12201209657743478,6145325.478907148
354,0.05102138620547614,0.12509563138278726,0.06409823233560323,4238206.422262256
355,0.19522567813834157,0.07993522703272737,0.13708554415220284,40254.896646369576
356,0.004645516469351696,0.08001228922695108,0.17502152266450233,59662.76755497703
357,0.12204548888664918,0.08878857727919527,0.1871874998871452,2542050.1587322364
358,0.17079687522944584,0.06444313476458766,0.10890968040826793,-58707.91919351485
359,0.09796485121849255,0.12644050002297247,0.06682225339175112,1593697.1952114594
360,0.048841000153177654,0.18253436705110723,0.18477489989970128,8024972.659848686
361,0.1686645771523958,0.19564088615291228,0.1489983051559377,6710338.111886155
362,0.15293344571239995,0.15251801839252815,0.09612152618846131,993277.919975232
363,0.09129043890285433,0.04804525522980063,0.1289638388718581,779728.1134734245
364,0.05786402722046691,0.05156168194047089,0.11719227481921096,2865722.9130972894
365,0.08199647764500864,0.043771321758926444,0.16321120335056624,777521.6749822665
366,0.17211398385887522,0.03353990393555619,0.0015014065599999737,-134927.25268914245
367,0.06722599370587475,0.1595021671361505,0.1678347732468649,10531879.10411059
368,0.027665814023209848,0.15486718023661025,0.02314083346188589,404441.20521669136
369,0.07801251803130585,0.19972190300238318,0.03851816464618196,603659.8656642657
370,0.030792716515525287,0.08456006650935871,0.12393370519397229,3941488.8345408477
371,0.18658015648265067,0.19616422910660686,0.013928127318278928,-119365.27301783061
372,0.027599503469581066,0.1581475947791988,0.05412643045417209,2400217.623049075
373,0.17696981190127214,0.13269065144581735,0.022368960476135437,-118686.13802344743
374,0.16650585698480144,0.03527127600161517,0.08469907893593076,-145062.08940484983
375,0.110436985711866,0.10015322981605566,0.13723258312303008,5451771.397632231
376,0.13053734697385105,0.19840840110561098,0.1998843818448376,19751014.604465056
377,0.10329188052712819,0.019039817392172798,0.14556865979374367,105288.71684157915
378,0.19533281564331784,0.06366527752580407,0.09224177716751476,-163833.07790532077
379,0.08495538496309119,0.010283830911385872,0.13445288624468896,147817.78192302657
380,0.07066753901369356,0.15749277492630046,0.16642401505639723,10987611.184174147
381,0.1642461573195691,0.08333319960797603,0.06430913644817991,-179526.01778369606
382,0.14976415593341097,0.1602778867685446,0.09825148927827324,1178013.9855403577
383,0.17860620390726062,0.028781739215711657,0.17581375593179205,30834.521381695216
384,0.019219046594376257,0.03070510441092278,0.10676800265479208,598870.7676747777
385,0.013503696037483005,0.010561420280022072,0.00010374883314110406,-917458.4468082852
386,0.08726333193885263,0.15492477625844597,0.0069676700559831335,-425714.7841187908
387,0.13045152129317109,0.1646254634832373,0.033600169715574224,-248389.45459895444
388,0.02937274696428085,0.17216019472410724,0.16462492199001896,4670584.423530481
389,0.10778835325283738,0.16383997585879606,0.018551215484898954,-220700.6284051034
390,0.07889630358775089,0.1475595112212746,0.05149039186479268,1420789.1300973042
391,0.15046578288671056,0.10083572087816278,0.15005319758964664,1117873.50983429
392,0.09293592757146592,0.07358086804436352,0.043837843295726465,62596.617244235356
393,0.04167586828700301,0.1502981621142792,0.023782069606792102,594671.0429948007
394,0.017196470022189027,0.035258273004426036,0.03506930229078438,25664.38052274856
395,0.16462152456137996,0.07970132469484248,0.1980776914720965,820079.722702776
396,0.02744225155812248,0.13070796513872868,0.08974590144025013,3467779.2016068106
397,0.0785836353394148,0.17501683981081648,0.19511912916567994,12619006.367699139
398,0.17457179175483575,0.03846013580702661,0.044159584241786815,-158072.49685624364
399,0.13121477581901267,0.057816716327638344,0.146945026156116,394896.87937552243
400,0.11328413016192894,0.11018175369808059,0.16570938496775717,7347724.17744143
401,0.14210655434853556,0.00531555299945834,0.009891827429203137,-218161.39389313007
402,0.12031169049120315,0.09723841512445511,0.05203693106859828,24357.21404953507
403,0.08373121746296033,0.15158206374657213,0.165322296931586,12689472.634185867
404,0.11224461357800884,0.0770738961714206,0.05413935229902141,-33650.08362989424
405,0.1043836941538507,0.06294992371287621,0.11281902740944459,1105155.4927948026
406,0.13533047650192753,0.013215842183878968,0.00021349300454944766,-169712.12142450223
407,0.04245542776814859,0.17890229954375622,0.12925815264571183,6597420.734827301
408,0.03439207038740457,0.17805279236472377,0.093991188057468,4697754.16673604
409,0.09521835133573214,0.18710838876853103,0.011897338436668004,-177720.99916220747
410,0.04303565492574371,0.11715426503094449,0.03909730191640082,1744424.3456360735
411,0.13590540184179156,0.04281845786734404,0.01983139411976287,-297478.68143580604
412,0.04139703192816795,0.08454680685441246,0.035227659834615975,1303935.0662376725
413,0.026938404984669463,0.1720563772437882,0.06407944071946158,2712791.606401388
414,0.07215173730365072,0.011054081900245528,0.07147392470041083,-176617.23583621965
415,0.052961435464315934,0.12209701346835772,0.04107805953448134,2229229.2655244637
416,0.1776730906125681,0.18593332418391104,0.01996621143535804,-41083.95147497134
417,0.021480591257715443,0.023065287622197596,0.1239138512620624,542484.5258258575
418,0.02439379284192458,0.17047646358605328,0.15085430298757851,3749205.2061549756
419,0.16396177164760484,0.10521210537720418,0.1993354423038307,1678397.6062094138
420,0.008835020588832255,0.08025299283722268,0.06478733378752724,287639.5035636638
421,0.18972909974252822,0.11537219169951858,0.16123819308894505,552570.6774640734
422,0.034068238731703775,0.1957268287800878,0.09972790937526305,4764576.67802679
423,0.09873441525412917,0.19417694570914756,0.07614647224342902,2849398.082092094
424,0.0795050049109986,0.11695054056098733,0.025610522109557388,38349.38472994614
425,0.06421712528237099,0.03864166448902611,0.020656695821409922,-313780.36357574374
426,0.17322892126620404,0.11786623322549522,0.07173455830558224,-93465.59446110457
427,0.08173387547334257,0.08630380073747093,0.12662983642894188,6268261.391274854
428,0.18535387829779867,0.18655592393139653,0.07829839590613269,136321.16027862928
429,0.06585249191955392,0.09020930003705102,0.11358684608569852,7401544.6738016
430,0.09236358228994966,0.1317506819633402,0.11087980467595274,9351225.621837977
431,0.06414310933881522,0.06914616115252652,0.07571855751194619,3120629.864244196
432,0.01892795364987774,0.03321252648279462,0.14462276042907724,883128.4219223286
433,0.077819342304416,0.04290779451202873,0.11253448211497147,1068303.5647516735
434,0.15110790849468547,0.05148447246907428,0.16535797638474892,288151.2761259622
435,0.18550097192500992,0.11947890581476815,0.13378953179831593,353545.95636856393
436,0.010515198064611077,0.1891039782043813,0.07849694685298876,940293.894463927
437,0.18478008010908598,0.11579550495004852,0.000923759768665522,-154263.13801869718
438,0.007708399864687143,0.1360837611339844,0.11253360276638663,741605.2056943916
439,0.005306487441214869,0.14869199224447707,0.17042906741383634,434883.36762937653
440,0.09928349648786167,0.093151488071451,0.0010946217669254965,-353272.5197513408
441,0.15732994249871987,0.06614321334922109,0.17575272395650793,373358.4108137716
442,0.0746121175116106,0.11301558212614111,0.054068357639865505,1918502.9570758548
443,0.03211766251698374,0.1549815806762656,0.09931809576925632,4328563.116285974
444,0.10729758475045015,0.1930831906963471,0.19271598244443075,16855368.78973966
445,0.1711284243404807,0.037521858553006715,0.118854538860316,-62285.04499578828
446,0.1756294849311075,0.07489278728978754,0.020221233187116994,-128285.9824599564
447,0.16219258044798437,0.09635271027243433,0.11287853607183572,51466.776960824725
448,0.1964288592635689,0.12144228609881443,0.08499587713322028,-94613.14371474746
449,0.07399687356943956,0.08352385853080913,0.023679816635733753,-84768.59929686793
450,0.15895011168351436,0.16754337163740823,0.05687942691468178,-25263.011255101257
451,0.060759323681988824,0.17486685126696266,0.004794071105591092,-274046.7647461825
452,0.10409148875344554,0.09273514293630021,0.13802535391569196,5202260.432639323
453,0.032678340029890895,0.13366614815903075,0.0753468015749753,3701075.022035122
454,0.12374295563392841,0.008019001974555184,0.09234543943690188,-121090.99128928254
455,0.10445017879647443,0.042865280570997324,0.02792473083582414,-347072.9191321655
456,0.03769486060246028,0.06882821561266961,0.019362029860994293,440214.9892128599
457,0.1894639591459209,0.08099881229916346,0.1617939205013498,70271.39453589379
458,0.19488342462176933,0.016147056000547822,0.13033389358699882,10284.291527262736
459,0.1742818173482428,0.12684688679334566,0.08580522427148254,-71778.88987486214
460,0.08621527152758766,0.007179777201471782,0.10692015025785506,-151285.69981625958
461,0.1987085993573695,0.19174150519438682,0.008079845768432637,10160.302005714031
462,0.14115940072589764,0.06035297333938616,0.18059783068122737,711144.9833335201
463,0.009022949141855708,0.1871748204022161,0.1674951487575554,1242111.0187744806
464,0.023500876450520305,0.011964867463459839,0.16694153286538718,-14402.514493265342
465,0.031151534194915877,0.10697963059517411,0.18314897157574192,4469582.358672217
466,0.11348962270986468,0.07944666029456482,0.08900321097079844,713362.5120017524
467,0.012623434140774204,0.1937504642723198,0.06213083701621656,980916.6274260484
468,0.03787269833457077,0.05720946036807906,0.1928746389782958,3390659.4884845414
469,0.018857210697601403,0.17346060810023628,0.14156877888028957,2877542.3220434063
470,0.16600383583180564,0.19517950807357928,0.16843093110337437,12853527.058998613
471,0.18867647025557058,0.025387051358183955,0.15915771303339402,-64252.11425868757
472,0.10913513881620956,0.10869911901597214,0.17978431526410274,7967648.055012793
473,0.19436076372934227,0.1409676646086362,0.0965876778943568,-96667.2757112652
474,0.09128077158036907,0.07726829144463637,0.07231980591453253,1789190.0225713423
475,0.07830136833688628,0.017950647050239056,0.015487217052087644,-431384.8100305801
476,0.15597396877446235,0.08921457858404523,0.1861368977089241,1249444.9791347208
477,0.1224442017187905,0.0070351964368839505,0.0315046682634959,-226130.20389934603
478,0.04116395860260152,0.19514720487793213,0.04374084523032698,2385005.48098333
479,0.10315113525761027,0.18723538632803924,0.19543854598287147,16288328.095222982
480,0.047272087076708914,0.009823528750008026,0.0307203665075517,-417075.12564875267
481,0.012665695740511618,0.03902484821846728,0.11371394294074709,514209.78198675165
482,0.18248975925912836,0.10744377673886801,0.12519791133981614,144879.61062417628
483,0.04037345032190823,0.16011672413477004,0.12355778170111664,5957207.930277293
484,0.17282736583854497,0.18976862140115683,0.06958015515131846,15437.877032331739
485,0.01811581170708787,0.0451857915833565,0.08756831313516744,1141662.2359298284
486,0.18913873036489467,0.07566196447468305,0.154154642733074,35764.45376283293
487,0.108095338434151,0.03656175408619531,0.06414682379069032,-112674.56781832577
488,0.13063837700456374,0.1345706789369787,0.08695194936180924,1254425.0124817535
489,0.04572912053242293,0.14438135590253529,0.033774608322542955,1418692.8370298413
490,0.18733393837302534,0.03758071580729534,0.02146247256650409,-99240.35631653389
491,0.09952954047307577,0.10390991962193881,0.10163858295564897,4970170.80929767
492,0.0873334978677679,0.19896297856592168,0.09725612253411638,7848855.055509145
493,0.0955893161479662,0.08435321254291227,0.013365150940292581,-256825.82795006156
494,0.11859132622992322,0.04559355444463649,0.12752179604581,312371.96386565495
495,0.010166692389695432,0.19627742025060035,0.09380101580253444,965905.6594158468
496,0.17935107431813968,0.09511223464658697,0.012066163714844348,-137487.3060454795
497,0.1644427092187614,0.12963674593342686,0.15635140951478904,2366920.1532975878
498,0.08563397270177467,0.12758734884932899,0.1712458007593215,11911597.708518326
499,0.1262130885743775,0.06953472696718066,0.13250591887323998,650928.246605907
500,0.13437083772281347,0.192117392501325,0.07418246430833385,747463.1122364587
501,0.08501635350282624,0.16242459223741185,0.10115246294854825,8296066.895997327
502,0.14731461862314663,0.09194189289071841,0.04309902836254009,-242405.71802429872
503,0.14904076855620216,0.02623103383694199,0.039716732706261616,-174610.29813971746
504,0.12536499655684172,0.14945396003841396,0.178937577373563,15047363.966669349
505,0.05451729948317834,0.02214485172011087,0.19120933190452583,497267.3131293837
506,0.03088461760442849,0.039533396450927905,0.05826589071169315,1788873.6562230648
507,0.1058782708052575,0.17656511320681562,0.1521092045459734,14933523.90528371
508,0.14163151076852704,0.03503611357120073,0.07153652630519484,-229117.4327762601
509,0.09568098521733559,0.02948519069711717,0.054685940425334506,-300035.5065326048
510,0.061666640790568855,0.02545523966580785,0.11004793838165153,610215.5936819692
511,0.1410056393048386,0.013986326295372243,0.09622462035262996,-125608.0380392391
512,0.15644223905355903,0.1495980257904894,0.16301461924375082,7723422.346719638
513,0.08964812663412142,0.16411141652797215,0.0481506142428539,662097.5557199811
514,0.07216211228350307,0.035271115283560264,0.09349690788571437,425295.1636182321
515,0.07841200448308866,0.04818542328286244,0.1503561418461563,1523658.9261100518
516,0.06276935442232932,0.05456086602916715,0.026178066170099015,48669.55577713034
517,0.08776434036038974,0.06059292576746041,0.07385456826819373,824941.7323644917
518,0.047199452524110536,0.1526310979639801,0.18600066947094349,7489976.626837642
519,0.09958637055777753,0.12859968466816651,0.17343445532134122,12791872.719912507
520,0.19976592746673172,0.12270329694596643,0.17795589330797376,640136.5531812478
521,0.1817216493111284,0.15829029756152446,0.09218627821462205,236572.8126565005
522,0.016230800084779864,0.0031611110880267693,0.09544012665658493,-327356.5432620627
523,0.09886290670692355,0.08147247757259446,0.11363347025827292,3682034.934598146
524,0.11043254066088543,0.1673226082065386,0.021731420652452482,-116899.4278435372
525,0.04503553322110909,0.1586009957919261,0.16956737344473094,7140729.487811585
526,0.19896484272417359,0.17458240327741684,0.17797980141446623,3457648.141311552
527,0.06286958852598097,0.08033232680187528,0.05361702096411021,2300593.4144750778
528,0.12125987963854312,0.1877610708414077,0.06892817730232355,1005352.3214565478
529,0.11140035637629005,0.05925992609069702,0.0339599947545415,-333926.3574812905
530,0.03903710596373114,0.01158906890762599,0.1898587046018515,216948.82963014988
531,0.08057592170152593,0.16682417840042163,0.13626589453793822,11399683.717576182
532,0.03838423228221708,0.035092449315817564,0.162397640302109,1916942.176411325
533,0.05294234212390747,0.18265703674039516,0.028011080937898128,692660.8979455227
534,0.13554172289089392,0.16289477520618678,0.047051277683129,-19617.531112477303
535,0.055241472691313215,0.19290377722784036,0.05291952106923166,2897942.270535581
536,0.08599140998000956,0.08650311864847322,0.05060694998593671,777197.3408159835
537,0.1551582172874181,0.15436986864583105,0.07566360284475714,128917.60726160361
538,0.16702515821614675,0.042614986879800476,0.0008611551335357293,-109953.1120364239
539,0.11423347241114822,0.19881555449047572,0.007728861965376921,-395054.93286847183
540,0.04159961474169212,0.10378292849741684,0.16198814728897415,5897192.297429566
541,0.017808401015010644,0.07904693075177888,0.14941516012597728,2053070.525873942
542,0.07430864168127231,0.0377672840951278,0.039099165479317466,-139111.1195401913
543,0.08200975738299886,0.09588341496117823,0.1723628835632028,8417883.4889443
544,0.1284504837135987,0.1380803909031003,0.1965974343071814,12226908.403063936
545,0.08236868806019476,0.08067088064982567,0.18466939354516246,5478952.138586733
546,0.04917511740101173,0.14596304926057332,0.15091462764362695,7564398.763001864
547,0.01955759948908862,0.09364628113871681,0.04011249426431081,971184.2585737316
548,0.03707505456049714,0.09276562209257525,0.057885941501613,3200641.8547996213
549,0.15921208952517418,0.1815209782780965,0.16054412105767313,11467495.659696365
550,0.05320617452433305,0.05482687873772168,0.05094567002349348,1576628.5282693175
551,0.027007619211247214,0.18875967362074225,0.08040955963141388,3181522.8617153903
552,0.04493789490917475,0.16933421010164873,0.07983906053155809,5312716.539323295
553,0.007023362221933316,0.03238831404992624,0.127850068071234,-216139.19973337775
554,0.1565810548343448,0.04218687769774259,0.18347911785322846,208951.64636473934
555,0.1701994240104329,0.1696761508122162,0.04553222935984283,-114595.91447640043
556,0.010107197730011543,0.17348470789651674,0.06116004574771348,750780.1981698421
557,0.12378327623470518,0.151993376740146,0.025658651702224033,-163962.5164327369
558,0.1561676709038096,0.18770229179221318,0.1456749931492818,8561655.84321047
559,0.08824454969611162,0.1753356277503406,0.1054915260145118,8973096.116762137
560,0.14895418556335083,0.16410118877172084,0.1498705723398012,9131434.286084544
561,0.057570975209630795,0.02356878018116622,0.04766770587241203,-59561.04720726254
562,0.10057498739607065,0.10105538445861917,0.11652886986290752,5539362.065901918
563,0.07902036750957818,0.15737827629000556,0.18263075006944157,12271323.981026916
564,0.049345010695894254,0.14730464354037762,0.13559437050900894,7305160.082676061
565,0.104618099855863,0.03770604677483205,0.15904645171654191,493040.5699564492
566,0.19212525712576656,0.14436726644672268,0.1835719993251468,2082622.035336025
567,0.19683705298959997,0.07041013484784764,0.12764471058526738,-3388.134523012134
568,0.0947865475276156,0.19732574937264602,0.018761564801544985,-268009.3103113532
569,0.08247498285944493,0.17510780890544725,0.05681026210530309,1469088.4007880848
570,0.15755857012777455,0.07655663255605115,0.19599570797803167,756663.0151418892
571,0.17670596728474153,0.06026407153252307,0.15403862270757104,266993.0403041872
572,0.06737130876665375,0.12127256804310703,0.1316961536786584,9286476.409177743
573,0.165919081817141,0.004890168176402976,0.04403157823045994,-118585.23760640094
574,0.14238356211771575,0.11270464739390747,0.09912101564022863,714894.8327556066
575,0.011041991341596093,0.06965517669229125,0.17302004638212967,888291.1844828004
576,0.006178567407206437,0.07928724707296242,0.18902965753415454,286398.4700757863
577,0.010176146909002926,0.14994115020892737,0.0515225232364073,297472.25028190034
578,0.1733217664307345,0.14921359579187302,0.1771410341716726,4713834.220443411
579,0.0431849580862532,0.106258550963721,0.15585398871496015,6044468.907057441
580,0.0491399485989962,0.04614926105344339,0.005436426699517005,-554590.9964247552
581,0.19170305879509048,0.1420033760109247,0.12711207080203699,335592.773896221
582,0.1487989445389982,0.10632258373908787,0.09522676421808207,387636.8674619681
583,0.08990644822470417,0.12808784242072827,0.04030699507847664,174362.07097359063
584,0.17761173900297395,0.16235047424385304,0.06991272229040678,-99398.1172234429
585,0.11572185936250488,0.028205459990002926,0.19446924958671963,262631.12273078493
586,0.1805785375260567,0.1843795012998401,0.06643260954069033,42460.12078467866
587,0.03382694147657115,0.04235443269326207,0.018000278209017975,170785.01993859155
588,0.02402212602027687,0.01426090683696908,0.19796461384097472,-24125.745089779273
589,0.01481153667381472,0.026508416190282727,0.1654509191181473,150881.9334239968
590,0.11604804334858863,0.1548834409138665,0.126182401554531,10410931.954984415
591,0.17643501406578962,0.12769350555294812,0.10442501858063019,195965.4528990199
592,0.14254993875225994,0.0894785503584219,0.06921276458094694,-184171.8892088605
593,0.0935304904900425,0.03394282101971213,0.15931434596053828,531654.7837836293
594,0.05214075626718893,0.030706309267409495,0.04927044835664536,338687.07912384975
595,0.16841403035444796,0.06604025911954628,0.13720997390118003,161945.89029779728
596,0.17128192613114787,0.015548933385008424,0.1530048810356086,-125117.78142491487
597,0.06153309327580601,0.04332447283680854,0.13778029049059445,1881453.9475408948
598,0.18195932454664676,0.05900384174247908,0.11376676107686381,-59135.04251685218
599,0.05796682276989831,0.1108571171452856,0.12437240613086811,7915624.01318921
600,0.12206707775803596,0.12470927392854919,0.02701595844350482,-233483.12768836392
601,0.13870809391734393,0.13495007127604466,0.13651762444337665,6266529.723956752
602,0.014814110547741267,0.08936776848283053,0.08180702640914594,1395651.9610119443
603,0.01734229672863983,0.044473585579362145,0.08819252635960735,908339.2647817121
604,0.14858126197161645,0.04741241539693264,0.16594998202498232,227224.32306850198
605,0.10915965714789269,0.1520843370369235,0.09451119666737143,4965976.649022251
606,0.09983884508444468,0.12394387787592805,0.18559412163316485,12300481.287324801
607,0.098362516282582,0.1057315076216582,0.12039939270550591,7227130.228724577
608,0.14750302745954516,0.014370067097246864,0.10313748770439442,-68738.23418876177
609,0.0963183178412087,0.1843369968475141,0.09870131608726823,7549721.07493452
610,0.0936641069388662,0.19243999770694042,0.09011529272017632,5545385.120527912
611,0.036176886064418066,0.04338322456115767,0.01903750766739483,402910.05268968997
612,0.00011362585178888996,0.08638913220009639,0.1538485162596443,-596398.6680142276
613,0.1466932885599672,0.006429817560570039,0.11399658071880658,-82292.0376776818
614,0.0308566250826952,0.18821525695293947,0.03347299992883586,1475584.53630954
615,0.1253278435394963,0.06524767243281136,0.12831226519287045,691808.0380896156
616,0.08245171929281503,0.15192861046127895,0.04613582506557157,767561.9521847483
617,0.18115837058285203,0.10004192986267042,0.1512186295425706,318591.10915609624
618,0.16994603828024543,0.199765722190961,0.04478913311879165,9413.69446809985
619,0.05737848271269097,0.05008661734637765,0.052574266431956534,1473603.4435163925
620,0.11648894830787548,0.1987045046291686,0.1980556174185509,18289683.43998594
621,0.10535464627246155,0.12780544205293476,0.1719941087403212,12241230.279680341
622,0.18658669169070105,0.04077212546590878,0.10570834578849059,-87954.21417804762
623,0.16656741093230246,0.06064041532691833,0.08796180849609335,-147951.64063757603
624,0.19712422030240162,0.1970093393441742,0.18122136215303633,7890930.767239364
625,0.15968966896561154,0.053826100144561156,0.0641700148134375,-211235.13556990487
626,0.10945656824097494,0.11215547491240244,0.1011005638714134,4365359.092019572
627,0.12733405598326122,0.08166460452659777,0.14983483146310658,1566247.9624112449
628,0.06670998529567107,0.06613539938927052,0.0254451923783656,-42271.89560011692
629,0.037742442005783854,0.17010417578427153,0.0892564677160883,4990362.253474461
630,0.04557355731056676,0.1518682200044775,0.1107962251633719,6387733.747009473
631,0.0042312022846586975,0.06327229146734303,0.03540028222426821,-734823.6254174961
632,0.1311745721965681,0.055006208126050574,0.012989355841988726,-383536.7600918198
633,0.010986997839533852,0.11634545959174299,0.0043446911408179245,-808393.5735176014
634,0.16975842262721774,0.031079423851455124,0.12131326703908596,-9073.535494039446
635,0.08893760560214914,0.08857030424638052,0.014359428472009174,-441942.1794265331
636,0.16055045004244314,0.17861049695065054,0.0022033334768456927,-152238.47853991503
637,0.03572083513942355,0.18078083775909579,0.10989872256001164,5226479.331127434
638,0.030007915649642027,0.04055809052183177,0.13199724884742284,1870064.9049770767
639,0.1449633644493746,0.11988536171598706,0.19062967598250516,4524244.831549424
640,0.09881272073235542,0.06005438242850534,0.0954465819951593,776186.295049655
641,0.0719332587333222,0.044883178534937264,0.009192649868028013,-487194.80679489527
642,0.07044249871302484,0.14228186954194846,0.003687560575038762,-371630.9788079984
643,0.08783570264118695,0.1288018802899737,0.12208082183486145,10758376.144049892
644,0.1553296871777432,0.16210394313195953,0.14234116418387757,6802897.247721682
645,0.02055953922894989,0.09500448880087214,0.12068119149752173,2641208.2086233026
646,0.04911320776189032,0.008510363529355303,0.044718064175209384,-195467.83052797624
647,0.09097888034652778,0.08278606381092019,0.035333396265432325,-55548.35687163763
648,0.16488310853669857,0.18513733374734492,0.04026966381054305,-61402.88763058544
649,0.18591458311344433,0.003572191835036165,0.1849924945413891,-42981.66044972931
650,0.1903857580161816,0.0024103726031850406,0.15260385935534962,-4311.2106839622875
651,0.1940403145139687,0.1811804437635557,0.19414203223924262,8126109.096501995
652,0.11006470113952788,0.015631227977077656,0.16995783956100724,143125.4818401855
653,0.12276565116180232,0.12294734883765782,0.08345072197173725,1437983.1965442994
654,0.11436839530422183,0.030715955817222907,0.14795400531323008,246334.72201422666
655,0.015003461470308467,0.14595615340875842,0.16979568452497082,2239408.93306516
656,0.09449373551289764,0.10196607321140988,0.062442854584415654,1073454.658786662
657,0.19389171674511751,0.14662489491190908,0.073797710660069,-50540.10132354042
658,0.034961477246601015,0.04391591844041827,0.09278445722201001,2367502.407285884
659,0.1885136800628676,0.1468292691521836,0.04304874963582997,-60661.91310505687
660,0.17191222668377962,0.07564010460193622,0.17034443655050374,444874.6048421519
661,0.04833991959622619,0.12373212238726353,0.1853340976162564,7368467.293234706
662,0.05157880182955883,0.13858531811717098,0.19746252399142877,8044897.580226072
663,0.030119657448600703,0.017680458140134882,0.13483903848896325,681972.5440525429
664,0.06794718954980608,0.014248895473318224,0.09506112357672084,-21962.119795543495
665,0.15075413592879117,0.05702448008303776,0.06700937550102695,-256112.55304437553
666,0.16913988012939443,0.10401438245229762,0.16854639376129443,910893.7968243319
667,0.0892778984287419,0.19059503231202068,0.13015891794354736,12238927.539263196
668,0.023179773063849884,0.17701859764536015,0.09785303816615956,3048169.1531024366
669,0.028327793594581,0.030538026768284144,0.13750678702197436,1228864.284804811
670,0.009474501345897958,0.05731875298276266,0.02795751809397362,-600696.194689702
671,0.08821548592345685,0.08287075439887226,0.10437528693777119,4422114.30906069
672,0.05592726582050605,0.0064087178756354396,0.12287722130703715,-168517.03443852204
673,0.07474360057647027,0.1302669997480093,0.021733394160853695,-214649.11792570114
674,0.0027554710588100664,0.04965884957705855,0.09130946459881045,-566186.8260154728
675,0.07881439483369346,0.1620605110546933,0.0755675288385648,4703585.54440051
676,0.10608823592061578,0.11870311848843845,0.004366278329162321,-410883.2657473765
677,0.1030266753692378,0.06896625187976757,0.08425602553665093,991367.004141711
678,0.020057479699050054,0.15656411312972907,0.18848085016170452,3076318.8653805833
679,0.004453764125920002,0.12027455256226958,0.15276881345767163,259441.78005714237
680,0.05696151772997789,0.15751111697264336,0.12647101015326026,8359670.288241248
681,0.185832526454214,0.19620096227075456,0.008469222799740961,-126499.14679633404
682,0.08898755220540125,0.10939755751564365,0.029348646641530498,-83555.37917669924
683,0.06725716608547234,0.19752948955129235,0.003246091268494289,-551059.7462131903
684,0.09050158630487681,0.16853092434363925,0.06478025254385769,2021845.256841026
685,0.09595970055103067,0.195609149157596,0.09497536729514078,6507076.412416985
686,0.02618426242929981,0.010344298333278212,0.1890833144879897,24490.586218672717
687,0.05316188265501314,0.10081278131291019,0.01814035321799372,72254.24720334713
688,0.08473102411012101,0.18602110385002482,0.10048259872618769,8284831.673924143
689,0.1942270303604656,0.05176712744747994,0.10090904794078744,-49150.51191821434
690,0.17190615836186507,0.08965047091074876,0.05589747471403792,-187150.69551524613
691,0.17109507268357635,0.0779778937745218,0.10614465821204683,68994.09734325133
692,0.19530541328302914,0.03729665895117278,0.06028012734403714,-122960.87568135347
693,0.006213920013967989,0.07836754198201056,0.04003668611697191,-345093.7562882977
694,0.1360069870815783,0.036264291753170474,0.13496255048117395,36029.239086285495
695,0.05269508563786354,0.07104356682423996,0.0697721304092795,3350226.2373089157
696,0.14335035003272187,0.09330185262766862,0.07225977977053662,-30580.359017744657
697,0.17052454380788998,0.11439012512824054,0.042766164255599565,-189876.37064910503
698,0.18001825562873652,0.06853005920672813,0.007795875507464078,-188820.21286652214
699,0.09892004479489058,0.024787610888175562,0.047693288743148515,-308720.40572482924
700,0.14942217453748222,0.026150362675263716,0.16138884487080715,81300.01628723205
701,0.18738145762619074,0.12130642008158894,0.14207183840456586,483112.11695834115
702,0.14271732198148349,0.198561591454089,0.06830765244032458,293605.5379133558
703,0.0325713102485405,0.1038334469828643,0.10664996196634165,4377433.351749881
704,0.0355824976592289,0.12262188379882791,0.002824946695364794,-468029.4094909677
705,0.18553368049084432,0.05291485556425233,0.007912041678038361,-110787.6884282542
706,0.02164988829497141,0.04804978965592835,0.05478123372120905,1103124.4576126789
707,0.0065619998995457346,0.055870962438745835,0.038588347298696424,-477086.5111761339
708,0.07572418548690373,0.07703354747119384,0.06780154812057582,2828622.860437913
709,0.06558477670614081,0.017946255548250245,0.005040989425232434,-549807.0254230369
710,0.04042286003129332,0.15132988548332307,0.19816195311022444,6438188.215192526
711,0.18570523501146582,0.10084387110755373,0.10636477115558685,-153738.47464552085
712,0.06291631380716851,0.15478788772753127,0.15295133758652973,9814177.909410251
713,0.1688544715164889,0.1791009154393769,0.08686984964505916,376459.2743612281
714,0.15337511362143952,0.16127974575917572,0.061691924499550035,-47949.33848635157
715,0.18584844880123,0.018868300527931092,0.1988538358326566,47391.52089248247
716,0.1540181436317739,0.01865418106486545,0.13124592962100012,-81566.38893311706
717,0.006835882185652032,0.15403738988883658,0.15984458433181106,797428.3753555376
718,0.12048205061828954,0.1713720783833141,0.019576656042971943,-249639.51667199004
719,0.055184768408162645,0.0828355043185341,0.008491590565619656,-202608.17087795277
720,0.08964321751423324,0.0530426912225132,0.0785470024203506,566450.1986427885
721,0.0850205263984613,0.17588234669753702,0.054068194105527816,1489272.0643060065
722,0.17874862574325442,0.08519419296256986,0.06556154413879721,-246979.6678372195
723,0.10050240986702921,0.08354865727256794,0.05147446261102922,218785.6227899756
724,0.10053586495921339,0.030360346615766254,0.07038598860459322,-99580.22570289335
725,0.11315804387481812,0.08268164887797172,0.1647824722101593,2681062.8174913987
726,0.05134435230703325,0.19395431576620203,0.15694440417027028,8238344.146376424
727,0.19351860519949446,0.16762731096606084,0.028420785170328533,-53000.78708375906
728,0.10529201812700276,0.03399570423915715,0.16364547052545148,477570.8132048083
729,0.11683242983665919,0.05268986287138116,0.18591979440143427,830807.2848193984
730,0.023037210662852137,0.11277248069426281,0.1442081109333451,3170827.493907335
731,0.011769707466486357,0.11957120664124073,0.16318024309261883,1452700.5345539537
732,0.013505462883610675,0.10244859422132542,0.051711435629748004,848056.397495117
733,0.13258489030738416,0.02373547341576898,0.18741028613410138,183341.06424141733
734,0.17894571634294637,0.03719488397514183,0.06465317687302093,-142499.79191444902
735,0.11752699493060861,0.1436124673268501,0.08853120303205164,2187131.7110811095
736,0.03125826439219501,0.02083029876057432,0.19995306738286878,536769.6916263476
737,0.09107042428869745,0.17450634982969965,0.0964752009258229,7326314.959838181
738,0.18447152770920067,0.01755187655431012,0.022803838266910195,-63676.2257371062
739,0.18592643754484486,0.189498609008957,0.06294348949307267,-3394.853567949888
740,0.07103297739877437,0.0904900469669516,0.08323233601345817,4897495.108487576
741,0.038009043191919334,0.17967507678787492,0.05066152014112875,2750723.4373346
742,0.14105448189553033,0.013431135546994578,0.007750266305685894,-215949.13077530364
743,0.13074609451538413,0.06780317151465208,0.13109187854400026,633009.7022253685
744,0.018804240433766075,0.18997027598317268,0.14970289337861908,2965055.4523278023
745,0.17525344660515985,0.027294110808902185,0.06403219377857387,-159941.6638937766
746,0.07366883284126882,0.10743452966536371,0.05937369710148286,2609798.0988683114
747,0.012126148437881025,0.07377567614749414,0.050909862925456434,705847.787060328
748,0.07718425829264297,0.03939190852400525,0.052379274912947096,93767.58829618766
749,0.12539046808645377,0.07763076691561302,0.06907667863389842,-56429.60115887042
750,0.10678112654447458,0.15437210816878516,0.07577359126959145,1931215.4845547418
751,0.11750389851116812,0.19324052507363526,0.10439602282361014,6064506.915429112
752,0.1819595153035089,0.1587345248512854,0.011743736330029942,-81632.4135844946
753,0.08581977429385138,0.13966368157371764,0.19734238248963998,12603952.925417893
754,0.09167525823230252,0.01855709082534789,0.11240183494257357,47303.320065869186
755,0.02531275842479206,0.15030391205587867,0.10153539949235557,3488097.579447753
756,0.1446862736754573,0.17387236537570475,0.12578960343255544,5716124.01268109
757,0.12248786585063631,0.15091405908792627,0.1684910002905335,15216566.413224952
758,0.17381075725540054,0.007286039136576661,0.11123805935955787,-19834.461883311742
759,0.04325386195951029,0.1720691781563567,0.12967953704067223,6597571.2246426325
760,0.08404449580648764,0.03762084562427026,0.0678047251839653,-38776.107299449104
761,0.1407555389080449,0.040871909042327764,0.01871658906767455,-244076.81333429998
762,0.1776057516455102,0.15284206991602337,0.03995898613162652,-154162.80033567533
763,0.05846230868599833,0.19441403542617716,0.14163689735182347,9133518.194220694
764,0.12210440084276496,0.061525697084826074,0.059825028833304456,-96605.12790968406
765,0.007904723738046094,0.1456963733803863,0.008635045011376907,-928793.6954089956
766,0.0009714675554558073,0.14589901757219584,0.18977475142982508,-214653.10190677168
767,0.1513006095454621,0.09432803812487574,0.0972090499121746,201050.49227748785
768,0.08722728452982108,0.06492873342206673,0.10434284283716805,2064186.3403620159
769,0.08623019142822302,0.11963357600815494,0.17962401610021891,11371322.276124924
770,0.19900188346476208,0.015748657976583424,0.07693669453226828,-108039.19396816417
771,0.03614123915336189,0.07042409478510674,0.0574946037096846,2948054.7785219015
772,0.03490742632535766,0.1528152106842581,0.09925774856584718,4680526.850767053
773,0.18384911644344515,0.006518488649402899,0.013395602626397985,-68694.0973785308
774,0.08065471658606882,0.016055464080807425,0.0525459192829667,-360869.11232882
775,0.19720594861532473,0.04179192149692282,0.039623548282418146,-43286.10745647666
776,0.11472813375914181,0.09959965815863135,0.11608765944056897,3776185.0679886057
777,0.07534705564170935,0.16535247197898942,0.02771611028849257,105762.26527453902
778,0.08567852916829313,0.1379523696888174,0.17364728805657995,12354871.130982334
779,0.07391432127135154,0.11354911981875056,0.013827989001452302,-325185.95555296063
780,0.03406381762236579,0.013827632493222898,0.14557617839970438,264633.93722410715
781,0.05761199374442814,0.14474905803836755,0.013279655808654912,-64952.435925861355
782,0.1725095600816651,0.16710603962221834,0.01778574861005653,-161095.56951429736
783,0.004751301291437304,0.011257762596398236,0.1707260346293468,-1023759.1853406593
784,0.046940697810379156,0.10965466357163774,0.08524884063601135,5624562.906714899
785,0.1591051052457204,0.09777966029413412,0.10013216813225395,49876.79429407105
786,0.1978183878999805,0.03002591134985142,0.16614078774918628,-30751.00141404878
787,0.010349949120776959,0.09552975391459416,0.17726696478660472,949521.8152399871
788,0.13304279312082426,0.13704292387322659,0.05266345645129711,127565.1912702822
789,0.08371495827229086,0.0733162126998101,0.10428864203159885,3646825.740301536
790,0.09244558602873364,0.06537967037539787,0.061096122474234016,507080.28965624014
791,0.05017057833102443,0.07300944937695168,0.029988295586812132,668757.9795747352
792,0.17442086040071478,0.12042387836668547,0.026757285118771092,-164458.028223338
793,0.1387718668418003,0.16953329359959465,0.04750713441045178,-11854.11079538818
794,0.030120118867452784,0.001723451426750411,0.009450067771297022,-622759.4728911163
795,0.15245026966070233,0.19743726640833878,0.00897606449525532,-108190.2912896546
796,0.14961419181597854,0.014372433168192013,0.11842656498073337,-43564.49515209553
797,0.1512150564856476,0.07184087945354754,0.0021869442221327472,-166797.3939580741
798,0.11903787042508518,0.19824892562800556,0.05152348456769915,390129.1590209568
799,0.037898255437443164,0.02478517855070299,0.11105112398001123,1076589.262736094
800,0.11928901987205467,0.15845416743408047,0.15061465472410196,14687576.405636666
801,0.17850829895901743,0.16115453966846027,0.049453416615888895,-90650.61580499151
802,0.11117548097515223,0.059482391818716,0.06595707591030049,-7754.046976677666
803,0.18638887384599928,0.1363791810134147,0.19491808265022117,2069100.985584099
804,0.08338250734374891,0.10748751467079531,0.09742308398328435,6628567.654604174
805,0.021457411504745384,0.04734039890532067,0.10552727212089644,1800988.0199912838
806,0.013474861026601248,0.18629238586177788,0.024768736388674162,-275066.34758389025
807,0.03959614928338143,0.15306424478772732,0.019386908357862744,-5744.742064797202
808,0.1800556199230819,0.14514019414450713,0.013724171421771781,-188278.60136173505
809,0.1383694122571306,0.12632570843426358,0.15146988654798374,6104559.584673359
810,0.16563957049786718,0.143670112634631,0.1172352590541944,1142303.2698101767
811,0.06449266371635554,0.13945473236598582,0.1913943169261559,9912256.131534982
812,0.11750435610577487,0.13286897368685077,0.08742560843996015,2024750.452096197
813,0.15122416194861488,0.19953347846772718,0.03207786481354722,-113243.67365543004
814,0.04048105590075246,0.1078875517328779,0.09627507945233166,5270330.264777929
815,0.11431395690134377,0.009814809544854608,0.0808552912660898,-42101.299763615665
816,0.11659565241311216,0.11703827026099255,0.13146679235367473,6397189.303003074
817,0.14404320580053276,0.12830944066817132,0.15804863107788703,5856333.333377691
818,0.12495212693691833,0.1075015325074409,0.12123928577756218,4140046.2970050965
819,0.02023867335066647,0.054631308145104,0.10547995613162625,1698849.8132972282
820,0.17459744308034142,0.13581031125759863,0.018081615694379518,-160153.71163388534
821,0.11845499008888088,0.04434759752741979,0.1468033119577446,486560.9123258523
822,0.16548817050174947,0.11869125451799467,0.11827252195034195,453087.104414786
823,0.06771828864216281,0.08925000423226188,0.1728216707630691,7673449.4404637255
824,0.1446640661934313,0.10395073193916862,0.0736464772496742,102549.71448406935
825,0.010075947657710872,0.028601480265277025,0.03860503790787413,-197302.02427990656
826,0.07467670865173495,0.18882872941525494,0.10103067897174973,8758019.834831996
827,0.046968032651846216,0.021150027492302815,0.06766110492059281,143005.48740284413
828,0.16314612711021137,0.0766685586821016,0.1545011612044827,379704.1226044026
829,0.1605409952253758,0.02216415393974083,0.12173195052535675,-82616.0666131743
830,0.19181921267422217,0.08042761498071078,0.010188817800604455,-155032.8442325713
831,0.18466053805157573,0.1767332563144966,0.10442828944180037,271399.6184588473
832,0.11045062406880193,0.04234822055522498,0.16389015110892746,441202.69885419996
833,0.09972000767842529,0.006775559028511302,0.13660299128979955,2672.01290484561
834,0.19009925396054123,0.16583009806915006,0.05543962804210796,-72504.37598214543
835,0.01066501698666813,0.18807028250763613,0.1874125449759403,1565772.114639248
836,0.10648306394257388,0.12846348233430702,0.09252001214216166,4622396.018133104
837,0.08395307341975174,0.023889687185740072,0.019350579672219204,-381451.4878752283
838,0.0465464293352375,0.16732814928130887,0.029166460147136,970693.1523225764
839,0.045339730382942145,0.10972281186444151,0.04302624361565488,1787794.0665490015
840,0.03264133694355742,0.11266324833959246,0.0736186541993231,3859660.442037444
841,0.12523185716809385,0.18244106808173527,0.03019862628701353,-226572.23597836625
842,0.1826867319626128,0.18049799348458373,0.1658175166671806,6701640.353442811
843,0.12625718346121703,0.12402933149310949,0.1278425319873003,5844714.899108216
844,0.13809911024356264,0.0032964401192314033,0.19161851583212997,58451.642085985266
845,0.11712075229311597,0.15629316788048433,0.07545636781227263,1388605.702392945
846,0.0024794427831591917,0.1019469319752888,0.10143802386318579,-300509.73257432564
847,0.08739785766229036,0.06794341083241535,0.049965217561944414,345372.53588488465
848,0.10550897489943656,0.07505562793869883,0.19398637660996176,2327227.4684218545
849,0.034585461553386286,0.0639331135254174,0.058792094184914205,2845177.0813729977
850,0.1086618352471914,0.09985605139482959,0.12874809308485463,5235268.878947542
851,0.1900003541148416,0.05704421709877348,0.1385543138509993,-42583.52253907792
852,0.005008040601036723,0.05247769454672491,0.09274394559931856,-172242.2358173474
853,0.006198957696226893,0.1235338921107278,0.13566212168034164,586806.4083273923
854,0.14934634296760935,0.10331490096860246,0.12078893299572534,649043.3623275021
855,0.07921305025569746,0.008250606501312508,0.01999037115490261,-405100.61892281915
856,0.13099918484029283,0.19911105991715528,0.0031606478326592358,-324702.8742117682
857,0.11151669936527656,0.15020175057651158,0.16535496560277574,14683194.855354158
858,0.10904098024452802,0.12398319603682102,0.1393449890549107,10085866.537783165
859,0.17179324993868614,0.024457907440563732,0.18523643925497268,104826.42753965872
860,0.005203480710314002,0.16723995019155508,0.015348085311939453,-1032860.0914930314
861,0.03892564232098446,0.0007788292762265225,0.08905134110720814,-300673.8691522573
862,0.06687184534347845,0.033198582297405466,0.09021803216078127,669504.7784531913
863,0.08047417663443678,0.1535322065397483,0.17862606121400648,12306000.877356786
864,0.13051345035341638,0.02488207774530478,0.05907815894197013,-291638.58524130256
865,0.18266365936645598,0.017746898601577833,0.0813711678781653,-20059.57997305069
866,0.18850092384669626,0.19013296829389714,0.0822406354097785,3912.8940590814836
867,0.13347937761975948,0.0913491196707998,0.15069210788726836,1510292.2238289446
868,0.006316266138599702,0.02883142978427169,0.12283976070871985,-563075.3057774581
869,0.04651045248861272,0.1332104598538297,0.07024458549225968,4911702.092149957
870,0.1773291116255643,0.1638518771119973,0.09856756001375644,252583.68318820864
871,0.15457901741897156,0.05422757724701808,0.09885195536237253,-13324.558123936002
872,0.03949641037265564,0.1721772337041988,0.16461352331368298,6432649.5269552665
873,0.18042993368180027,0.1754953962448519,0.19191925241189897,9723974.009264605
874,0.04566724632638519,0.18636485815906312,0.11424263827039954,6554936.695949238
875,0.08449901678363043,0.11207477919357461,0.06852047133005557,3158348.2298819404
876,0.05771060139219042,0.04826286759550576,0.016485597891425365,-396005.48603587266
877,0.0993129794294375,0.1775523351427775,0.12603039385487694,12431227.8197343
878,0.1041951265511547,0.08571858365018331,0.0928803252634384,2513666.5778400237
879,0.04185546951439019,0.16458717543861945,0.03967659265630561,1883941.1622465213
880,0.1433245513454626,0.15199700229923052,0.11497380840554686,2926699.3878770126
881,0.1725852749909657,0.05821007049013001,0.17632344424857266,181049.7687734307
882,0.14588209191986085,0.15974996555235216,0.13291594190546283,6415490.000917664
883,0.16926860339799388,0.1986197725435272,0.08403257090492773,402130.6053758372
884,0.16278313674191408,0.1489159519036067,0.0905740331424036,480690.2141442483
885,0.1853897999465024,0.07888518591451894,0.11309318325524752,-177363.59623631174
886,0.021188471398192313,0.04515503881325325,0.16813923410675213,1721410.1748303524
887,0.07931054456576947,0.07881681788305164,0.04919620363812405,684997.5572492306
888,0.09832206685949088,0.1611633922701245,0.17903282355474792,14711847.694920244
889,0.014022886408836777,0.11496414624802309,0.09345467357846692,1533075.5917942151
890,0.12285637009431567,0.08945513738165384,0.07972896417068304,442042.84697284066
891,0.09437614248589787,0.11639982575128283,0.10019664220635537,6847980.188325467
892,0.09442889020412924,0.16356706199161616,0.14912959824757155,13446515.251636457
893,0.06827569883623856,0.1601154235030641,0.17073013380090005,10682794.791217087
894,0.0306984410748381,0.11653649234615177,0.057062398719842755,2885204.124717636
895,0.1478344643853445,0.04775706587173665,0.13428070483460638,92224.87538166258
896,0.051024931211526785,0.10222875268598863,0.18972929358323842,7242273.355025561
897,0.07626150769128691,0.17514769719264156,0.19738891624077892,12257585.649793945
898,0.17497016976103266,0.03317320594466857,0.16393164390703263,24525.991164658502
899,0.006429879020112251,0.07866037673986158,0.17414667466357278,563057.7730326464
900,0.13775044255198396,0.10654808546757562,0.07757280501652411,152765.5103319154
901,0.16245938929405723,0.1419116807896442,0.09368106392313467,468776.9246058805
902,0.17849686744193197,0.04598960356372648,0.03407830183172498,-141719.88245536873
903,0.1285607528667163,0.19439886854035407,0.049451314661354065,125274.5427514682
904,0.0499340757867653,0.027899769592437985,0.17211271105472645,1153643.0704890133
905,0.04527950808226682,0.10063570534497757,0.19817449560044093,6359745.088691791
906,0.0024281801844087125,0.11129721810215883,0.10245780854098917,-277480.50766360736
907,0.16148947528203095,0.0710563079105554,0.08206827177980831,-246973.06381482416
908,0.03358759611977274,0.14816304632715735,0.15694178183762966,5206889.633207363
909,0.027332664155766052,0.07869141479766435,0.1785809990725366,3352960.9566811635
910,0.0005414547351574317,0.05975181412452646,0.11100845701050954,-718532.9166116731
911,0.06681877193199066,0.054409037835533886,0.09200749698064253,2689125.0587350456
912,0.03630462162193875,0.10592504819189677,0.1413391842626452,5209389.347240462
913,0.11505899052570044,0.01862186617170618,0.16888172283311464,63152.11192195027
914,0.03499556749749764,0.15296240012222573,0.07211302215517008,3992264.662939202
915,0.15655226961122048,0.04125458068106916,0.03733242073908596,-255886.78998149643
916,0.09940516924349646,0.006587202939672099,0.04505946775646668,-245714.8873857596
917,0.14480245043686965,0.1674766956610851,0.01615707278756209,-97577.14944353959
918,0.17641554188762087,0.15950344081063583,0.1739368591413931,6488792.732198085
919,0.13968571091576798,0.13483061345879296,0.10501864666897276,1788671.99640131
920,0.13055744489826301,0.18382193291332105,0.020104400283341685,-228307.81972037896
921,0.06315289556921824,0.014490994719174366,0.1889610343888077,47738.88469052782
922,0.0890530931998776,0.13506889413523768,0.1682240129008643,12696925.183894124
923,0.19820004961529772,0.03235649155845315,0.15990252114364575,19965.222660980904
924,0.1774845796273473,0.009775075370175124,0.1508181120371147,-78780.28353082188
925,0.07094506423931006,0.1297193582940864,0.10280963920777296,8471355.927712597
926,0.05194845041732739,0.02704427240079721,0.02338944661784166,-147170.728823548
927,0.020664571541698342,0.12755800802691555,0.07028217027990762,2092153.6319761244
928,0.04332668764117449,0.13837701854118062,0.13736991315329336,6479692.051399859
929,0.10783365847139954,0.1869915633731702,0.07708284628828427,1957647.0527961736
930,0.1671725942538586,0.015027881586439263,0.1479662188077009,-45818.75925366615
931,0.197689482766386,0.16931964325756338,0.11593294386201188,377565.5523434456
932,0.12535321286543213,0.07065790988738936,0.13589704365162078,943863.5307507085
933,0.1540790766362654,0.19964569622357078,0.0984925834000866,1504769.9478365947
934,0.012260813154688455,0.11917159014619705,0.02380482999643372,-214348.3401215408
935,0.04895300871122202,0.06575598226114746,0.14620597462968213,4501103.027598628
936,0.03676162477570011,0.033150589368470505,0.008992848499765494,-539180.005144055
937,0.17464798727077618,0.13870108487121213,0.007989293123525299,-69674.46867927798
938,0.005658461127622916,0.11173485929501122,0.05650688025734221,-226179.76223430393
939,0.11934527008638576,0.08692083513619307,0.18466251246205093,2781356.105474735
940,0.057561802992273585,0.13582907368777872,0.01081086232371984,-192477.13927825054
941,0.19117210683778507,0.19615149358167044,0.14781492580328248,2547576.880115384
942,0.09304249431271464,0.043998687865452274,0.16250326804959295,627025.6293091015
943,0.14727081942940445,0.044390807912189814,0.09024305883145314,-148589.29806838607
944,0.09255978756335702,0.16528210999454185,0.13676893686681532,12787203.893091993
945,0.12863350870801102,0.1299654845126557,0.05409401587649579,55302.57106651023
946,0.07434225196590681,0.009132457087341228,0.15738822716242476,186292.72334605185
947,0.08659964303396278,0.08764767141751471,0.04907125298672535,549659.8411045164
948,0.04188545629188578,0.11756438591380586,0.046510603040735156,2465873.3798026205
949,0.012841770313092882,0.15350148319617968,0.0752938868812732,1295811.5352489015
950,0.0760471167798609,0.08626365630315827,0.16300896468161877,6854242.921449679
951,0.06416737918796343,0.15160724225156721,0.18790896815590866,10069942.928072317
952,0.1321736391849599,0.08633621623540494,0.14955794462933295,1498726.3800950102
953,0.0915794739502771,0.08288545422162817,0.10505663271453665,3846657.329776552
954,0.06354446696185877,0.02085004325600024,0.08297040110523304,72255.45165606377
955,0.024771376225860387,0.08208829471108935,0.11138674424269007,2974382.788231201
956,0.18614223624112936,0.007244466209060718,0.12429168130038884,-21659.510233164914
957,0.09154703733001546,0.004052225640827834,0.04990963518774408,-326196.0395524052
958,0.023697050470960313,0.04335882914628895,0.05491404869218364,1101239.1440179618
959,0.08026126707643927,0.10580787869777807,0.00019799878527722027,-492187.1681491386
960,0.03237387212574816,0.01871327712176014,0.10993467985254875,488248.49951365625
961,0.06581497408025397,0.10967954720694362,0.04436466043493557,1253232.051644318
962,0.004845870817516973,0.18827338025404938,0.021661624237798806,-868981.5070223626
963,0.025371749592343364,0.0293093653020281,0.19625530479865455,1117437.8652983112
964,0.12353204803399923,0.12205799034077013,0.19733964030370593,9179858.644008102
965,0.017687753854930956,0.19490017850845784,0.040802629310808185,967484.5031486482
966,0.12461430071240709,0.08401671306055834,0.07679036269543565,295877.73566547956
967,0.18624866569589252,0.02984554568805129,0.19941380221524874,194365.91672071052
968,0.07582501221830971,0.1297549807777109,0.19358134629667204,11151693.766642662
969,0.011520210075794957,0.18457287258503813,0.11356227707086866,1360638.8448645773
970,0.14087937579549045,0.02983683677726967,0.10667748616620645,-77677.95490668183
971,0.13470274294504875,0.09124946147753638,0.030997035621211345,-283727.9377823443
972,0.04882381501711533,0.1708785581986997,0.006894198566552556,-227521.0896526847
973,0.14177241568816248,0.1998780073029054,0.0014965992213533232,-147099.90696005675
974,0.03220913656398799,0.1348288601786269,0.011998166917069654,-14916.888230494025
975,0.11795799677117179,0.13680002071221123,0.11762926962281404,7199577.954204439
976,0.07303694060421344,0.1394564591973278,0.1188588856027641,9748485.630104247
977,0.041527434418783954,0.11262710871702196,0.1763814434277855,6140460.625147324
978,0.13336665713809,0.09435830147876943,0.06431682057389024,-107061.27602098435
979,0.01717724188751457,0.04892542655180574,0.0022373506173753777,-625968.3719125969
980,0.1973251835049929,0.04449645042574799,0.16297518853707454,73882.48457176526
981,0.03372897636099572,0.056720229921114786,0.08365546384567335,3172137.305167842
982,0.06488113282832102,0.15967016255197222,0.19153868160308463,10450657.706177466
983,0.17505889673016972,0.03071557338955131,0.15533773526985806,33868.08301562813
984,0.029589382660942288,0.18267622131242028,0.10357571513371569,4231737.6586442
985,0.06727621761134135,0.03140509946683856,0.0023618176358009228,-394222.2326881653
986,0.04958939833217695,0.1828040126562624,0.1594524384544455,7956569.938473505
987,0.19395874155014392,0.02015230422427461,0.1184357487011339,11516.014858527651
988,0.051430094806155326,0.10858834115448149,0.06409097711269103,4080574.515895621
989,0.0566931100486715,0.1147690604049195,0.036663632373908066,1254172.4526537596
990,0.09382668739442337,0.13016245300880697,0.025636414636560814,-194656.05850532174
991,0.18611885417538082,0.10114493989082496,0.16390559437686847,535701.4294213079
992,0.13078108612421266,0.1420001882445091,0.1432261881985676,8909139.282918543
993,0.17501997941229452,0.12272108700938483,0.055643430344277926,-179213.27783152103
994,0.019901928573091435,0.1212501238900283,0.013270560754116213,-14357.238180256194
995,0.04825869033790604,0.012141436920382343,0.10977751780131342,8638.47191773867
996,0.03206762498857361,0.12208146388669466,0.15817302617265352,4945926.31026012
997,0.1643761441543725,0.061908701627525486,0.10979090653889921,-47411.552017847265
998,0.1126021520172718,0.09457743643083333,0.13102277828495298,3841181.3978085867
999,0.04201742476470671,0.19584864791735887,0.019615965418186488,168167.92908106511
1000,0.16584422824062384,0.11881919739023757,0.04897094943874319,-91504.03470740686
1001,0.14913500013205996,0.016896179135414392,0.15488356688975663,-73586.81395391889
1002,0.1179970444486027,0.02215006367928032,0.015901112618474045,-285743.2727098482
1003,0.15016726668729252,0.058587181300767434,0.1778603701534427,382653.2826690598
1004,0.15241460420603523,0.13963804894354323,0.05572121052669019,-140889.59446281902
1005,0.1417889038043236,0.1896295369029668,0.018311966874113784,-212240.65566898504
1006,0.06523252840071321,0.046934453092318834,0.07865002688013334,1519044.6332831683
1007,0.1484665309707893,0.09484851628507732,0.11414612122404927,335334.1307739468
1008,0.06283097761566847,0.028257853417420112,0.05338672978754571,83994.2459530911
1009,0.17193606024839742,0.1204833924306821,0.07559773463944675,-223730.72381262414
1010,0.15798119634711752,0.012891486490981752,0.05077821758447714,-154869.98728989947
1011,0.04602063081146786,0.19707291243364444,0.14121971647855205,7316449.351500786
1012,0.12355718727771084,0.0009969930588945798,0.036862000417971476,-206980.6462522472
1013,0.12710825859461566,0.07594386529633315,0.18485607673581217,1274837.9304819182
1014,0.1529448438283516,0.089476814560824,0.1499029955076541,910405.473789661
1015,0.19508086476524433,0.09219616494029413,0.1285051775777067,9535.951202061013
1016,0.18373292301225905,0.04973493240723466,0.17731158273325567,100853.94833425873
1017,0.019508941354596535,0.1296896341175293,0.1565676310111569,2864623.8214678913
1018,0.12292124385048522,0.09910696083050861,0.12346941998513722,2541102.867673422
1019,0.030332741755888917,0.04311414206604367,0.0539798687912684,1501152.846434556
1020,0.11955586812600763,0.0883802147490141,0.04889516849716791,-135826.54863514713
1021,0.17656186642891603,0.07478436805864468,0.08920634384597824,-194299.81920128455
1022,0.08194021530979892,0.03638859105535053,0.14632540308604666,630043.7507615931
1023,0.0896916524537716,0.0032514219785436897,0.19280274047195942,-102928.46044493483
1024,0.16315272231908273,0.14471187081836065,0.17381837410370582,6105840.990761523
1025,0.18136145072111007,0.06749794127688773,0.12219173568333973,47248.761460583264
1026,0.12176156184111885,0.053459933762119397,0.04439045028941344,-256301.83388287667
1027,0.02278145096380442,0.13186283918329056,0.156183798206156,3416446.2859429633
1028,0.15219059590340078,0.06325507543699486,0.04105197009304045,-213963.81561381166
1029,0.09072283569092439,0.10936269204810212,0.18381742559371117,9952590.002661126
1030,0.17496463085481084,0.18321166626036556,0.17005247702719595,9096338.553839533
1031,0.19291624088726225,0.09309999943381149,0.009494699486618874,-68177.84549358611
1032,0.01671240642969565,0.07805522835446864,0.051537418254599454,1055583.0173551724
1033,0.033988118272213465,0.19064075490172971,0.03908391768212449,1859040.7726520135
1034,0.19187585446304622,0.15216776806424143,0.1281891344250447,493440.0273666503
1035,0.13520379201787566,0.0662948647318248,0.12928540761165644,347098.00450976635
1036,0.03733842365625306,0.18754108650719592,0.06035866799211871,3611517.507486432
1037,0.05103730245870844,0.1422325596388315,0.1312897436132364,7559574.052590738
1038,0.09025978366866105,0.12648924693815727,0.03189861435217123,266935.9476286877
1039,0.13466566148039102,0.05412213903903878,0.05456719533529147,-213219.2537608313
1040,0.03243598698875692,0.06647542700723293,0.06625021206226563,3066247.5953681455
1041,0.09083580234045385,0.0380839009332699,0.03860150723175326,-242738.40502663283
1042,0.10834771433264567,0.02577548093409503,0.13777940159776703,278936.74597395357
1043,0.18878942517251932,0.08535912433287565,0.18022106263013538,212124.21379031002
1044,0.01966331822517289,0.008591525475128915,0.144273775502768,-151081.44297484204
1045,0.15220431459629932,0.16861164819315028,0.011363535679996284,-233234.35226163492
1046,0.1553814109913661,0.07530774655931637,0.060667526536439725,-175454.19255702492
1047,0.034604784268659386,0.19920315102050543,0.012732717863772725,70488.253860065
1048,0.1654016029215999,0.1278988870981055,0.14701608885237344,1584865.018852527
1049,0.14234342398435929,0.17168689701463652,0.03675841397122166,-169015.01310462193
1050,0.00016492336693707532,0.11970569780865324,0.07077172786466679,-630340.7352152641
1051,0.02475746622342754,0.037227750820847776,0.06634986249184459,1038543.6307708983
1052,0.014046674177340646,0.011382640425690172,0.18320525096648885,-273644.4476595309
1053,0.06242054987073924,0.196446139494717,0.19287340166608,10307457.77507772
1054,0.02851425646542276,0.14298486057923818,0.12016097782541385,4132016.2074594367
1055,0.13812941462103073,0.01923820000289496,0.03771201572691161,-214892.46330466116
1056,0.0153277322901763,0.12082684104341423,0.19731821516981823,2118909.5651271488
1057,0.13439690753158828,0.14215230700438594,0.19691700830865622,12491235.57511802
1058,0.13560231083435922,0.008036314525694066,0.17340112017131953,58257.824122752514
1059,0.07293565807575926,0.0008727243029430731,0.10144683551216412,-158391.750287574
1060,0.18740300017525274,0.05146613743899664,0.09830263461056798,-126315.27029240597
1061,0.03475537755647815,0.01153853433328802,0.01610898934262264,-395942.1470714133
1062,0.14540218119227108,0.17281489414842982,0.02865976785049822,-184084.92267036956
1063,0.057663713562093745,0.03900589352896547,0.005371155385285587,-333146.3400377458
1064,0.11068627397739672,0.13998443402752953,0.1295754961770141,10829072.311530076
1065,0.07761070946044953,0.11100204918798107,0.018819861327244936,-141547.81733230714
1066,0.03086074374453689,0.1863589239105967,0.15230154956397937,4823029.941212293
1067,0.1845478191650335,0.18333605689987345,0.12987852342154813,1456345.5365346326
1068,0.18564772962243303,0.08334082061649264,0.0007232489569881873,-114549.20862368657
1069,0.012514223169231876,0.021897465140163042,0.019070690636572053,-478049.252549416
1070,0.07034047817005269,0.14025416142187153,0.158129761320099,10492622.991218649
1071,0.11804265486892494,0.029287234911395912,0.14958032042963507,139414.89890679848
1072,0.07096038382751979,0.0025986697343592493,0.056117724106549874,-348111.54481386836
1073,0.06612011082819558,0.05484910704362059,0.16237403063751712,3155658.427595942
1074,0.15198527951881807,0.1391104060825283,0.02780101570245306,-280908.1620074618
1075,0.1615667819412564,0.13543519233266474,0.03896753729627838,-200076.11891988164
1076,0.12961878605630328,0.09670232820073621,0.08787001237124502,568255.6847276043
1077,0.022424632694477767,0.10366085516903308,0.019986361794472732,201095.18849453196
1078,0.03285067745085333,0.026509262854952545,0.19082165581400154,904771.0798111754
1079,0.05697293808877801,0.07104086471920155,0.06441612125920722,2755097.789118615
1080,0.17965008903562876,0.1125931822669777,0.18383197978666235,1205966.2222754508
1081,0.05998498116557911,0.02296693488638979,0.11124369054483492,457481.5546128004
1082,0.0691073983580035,0.16038136669814967,0.17588468178233174,10954530.684285654
1083,0.09451470218141436,0.19427180481710168,0.11060260126888118,9494946.887967108
1084,0.05418407867726249,0.09779510306885492,0.007462058480585521,-407491.2840053106
1085,0.1608002320526135,0.02028701017088419,0.06174969770060099,-179783.80978060985
1086,0.11306330940098869,0.008595025129379775,0.01586337983628965,-279000.6280195487
1087,0.13922327152260258,0.014355418612153748,0.0954165732494753,-90597.41164296697
1088,0.06773912668415008,0.0456158815912833,0.037755779572733086,49409.68890601005
1089,0.1526822587465159,0.19030843863005653,0.02803594844066635,-201605.45005410412
1090,0.1919362438348254,0.11895250069502075,0.12833208107265143,147608.0046988478
1091,0.14198527562851637,0.1408237780709162,0.16396222163713767,9098931.600153763
1092,0.0966937302695395,0.10667171750294023,0.06476540049268319,1135076.8442690608
1093,0.02105151875662341,0.13292803818524382,0.006721993837250185,-449318.5830277555
1094,0.055127010216673655,0.018845972889220054,0.03814543146454361,-365882.07544905937
1095,0.12774618257947618,0.12569532604098363,0.08421098259914242,1105359.1814867985
1096,0.018034395297898232,0.08667478329188168,0.07054897437165868,1832184.8683922645
1097,0.14409183057118996,0.11580532163981035,0.0983131534673998,638419.5422821614
1098,0.09739641646099904,0.19325937745208377,0.15125884434069012,14293557.425139694
1099,0.09939591209202557,0.09584452257779552,0.00529582026099269,-425772.6159077163
1100,0.18850185266396136,0.06383479435346594,0.051187816376148755,-147833.6024697102
1101,0.1998817850775343,0.1437379343009049,0.009472754659857597,-182247.98038703535
1102,0.012377095405115291,0.005100312792039575,0.11992377990257382,-580985.3923996834
1103,0.014312900012390363,0.18667767136898614,0.1873813080045356,2233949.455984306
1104,0.10921081334961596,0.12332778627919017,0.058378880305049966,436299.2575510972
1105,0.012794508481654665,0.1474920890383631,0.02035719774980349,-669895.9867944609
1106,0.017111528203678627,0.06224462184084476,0.002493131967576412,-780561.9538072374
1107,0.08680712315126321,0.14153618201601534,0.16026978628438782,12628592.104805967
1108,0.12086146075978427,0.16937484062278252,0.08130044075342208,1804129.4195657922
1109,0.16975441701209534,0.10129466209967586,0.044607225599659066,-148140.63548382468
1110,0.1888291293320932,0.0549941747674233,0.0052402968375586225,-63092.99145850635
1111,0.04853480859100539,0.07333751225148555,0.07026993665785282,3957343.5090306876
1112,0.10493350188871434,0.1766253764071847,0.05846764542193983,1013537.8875373611
1113,0.10415412159183378,0.06802779073769587,0.1643546118746401,1840705.841188864
1114,0.031520302657695676,0.0207020536620117,0.10059905064752035,772009.8271062188
1115,0.1343775171530984,0.1591050402181533,0.11792497058106328,5884350.045319272
1116,0.15476995226380014,0.07854201171218476,0.006573534053293795,-190940.03907465833
1117,0.023219861580311307,0.007744520245799236,0.06578873009529854,-269320.1729049176
1118,0.09909826825373647,0.07126349673138788,0.11211989501327844,1670787.2034500816
1119,0.09612182969855754,0.13558856037278808,0.13339243271268125,12013983.808424747
1120,0.06361282942173589,0.0692428910722183,0.11702956432826067,4840448.169420194
1121,0.11928649357816837,0.06293998272742662,0.06606357715508504,-46594.9674351899
1122,0.13880900263722942,0.12948216457521391,0.027010160935954944,-196568.05219289815
1123,0.08820837593507869,0.17854121574211806,0.007261135220895044,-502546.2575530836
1124,0.17103278929684274,0.03263563141282873,0.10144972649234318,-69711.52876727123
1125,0.0848672857846023,0.0020258674682917645,0.1830793874179264,-35559.10530503373
1126,0.09098504546686113,0.190853655352123,0.05734878019584358,1311575.5223778188
1127,0.1732551546831945,0.18447791479912612,0.11136648327415613,1117346.5765911276
1128,0.040535557573543504,0.137049486421144,0.10979561330589203,5771490.833268452
1129,0.18890593317052518,0.08785441236209837,0.0537027295279644,-127651.29865985326
1130,0.027657400298821425,0.1397267137373359,0.19482192379611646,4298927.719849382
1131,0.005668754114279695,0.14808907095562537,0.18538607251193334,600333.5758106975
1132,0.01495630684546987,0.022034009021226632,0.13839141968994173,-37139.21024687924
1133,0.12959267517915768,0.01376548306324914,0.16688455043023132,52737.2063061106
1134,0.10468476956897849,0.18143947466732252,0.1755981761985409,15894733.876592617
1135,0.16250155381003317,0.10317977924888427,0.05034212834988645,-258905.67795076873
1136,0.10119510078222652,0.020162275560356015,0.13176922969468524,209560.63043048835
1137,0.026795443845801528,0.10223459250014462,0.010876394833363556,-133410.61763072608
1138,0.05990249805492918,0.046416092133957566,0.1240063085423341,2259574.6420725887
1139,0.15735734240450175,0.01146059090810523,0.17005673703107685,-9712.387854204502
1140,0.1721535389909209,0.06845381485760456,0.13180081319406442,131094.46211364347
1141,0.08052260634068992,0.0308381764379263,0.10573248371262207,255525.07597128296
1142,0.017271934900319332,0.17569443107919758,0.18485795188192172,2731498.5046851123
1143,0.16432262740228074,0.11250562415119572,0.11151971822509099,402538.2057699849
1144,0.19692147532018597,0.04958033796623658,0.015189673181041497,-93537.20105522595
1145,0.11238818472023555,0.06575711956202067,0.06446775456160884,-43808.02607886371
1146,0.0014170708339896088,0.1192478819095866,0.05280674045512282,-893811.9451927792
1147,0.037571709638536205,0.008086386278600744,0.07287231529512227,-177709.56588307724
1148,0.1757937744772915,0.06733416151947447,0.13581484202391875,-31387.92434735451
1149,0.15130939268038146,0.06562016183803991,0.16432814700240828,543419.4883374287
1150,0.13837593193338982,0.11184844574019032,0.00019849281012578325,-239864.3657155147
1151,0.0070181531845616265,0.1981731688212127,0.1564567847007119,959006.9039797338
1152,0.18751305175458943,0.1804606409836055,0.0040885966285501675,-115514.55219424251
1153,0.15836945795821478,0.09022914880223093,0.15791164080013115,771943.4487898771
1154,0.0013431568326770283,0.057639860240112854,0.15026475515826043,-568023.3382114565
1155,0.15860415772031797,0.1239429202429248,0.060251237889252754,-174167.6745342561
1156,0.06207251825757259,0.19335279272840655,0.08784243584684091,7188183.049737685
1157,0.08942511004876741,0.1104665500481399,0.08190046737287776,4291733.517380009
1158,0.11053431291948285,0.08646708455351158,0.16534298392043734,3245458.0683556856
1159,0.1818102039596568,0.18642205196307235,0.11285924116587731,793095.5588378626
1160,0.08842971149289908,0.1410480117583676,0.16766471825918133,12816188.712906366
1161,0.11259644841327543,0.13999620436445226,0.14994587014424962,13323584.204165885
1162,0.13527875534345735,0.14922671114586192,0.041729066511199675,-43050.04210129669
1163,0.09967490940435951,0.11765371092101745,0.0004955861714046162,-414366.65931440884
1164,0.1711925017627364,0.12200490168898243,0.025827266339640654,-212075.06929582148
1165,0.16327141451516544,0.14341139328810892,0.1516599086927274,4154817.2943164115
1166,0.07840849237237124,0.17084050133899842,0.08280551642647245,6200018.846250062
1167,0.11410183058911827,0.00012846073997474505,0.12897462293557246,-134343.89301001612
1168,0.14363515842558736,0.11342187309775847,0.09931176340872322,781970.8355414355
1169,0.16198729474234166,0.13627454343304837,0.0556148079440046,-90227.0233654728
1170,0.1918146676159972,0.14145343883906816,0.19758778578248493,2107412.403875677
1171,0.19425226325377368,0.183781944562018,0.15107430824506152,1893714.5138621742
1172,0.12188587369939348,0.03443413273658485,0.10867028348475155,16307.796949432031
1173,0.15307530447886547,0.10417143174111357,0.17364782568113157,1865161.901898198
1174,0.021931179838339657,0.07618806960972682,0.10119288371873146,2529773.3402200635
1175,0.08646505917382162,0.021717309564310616,0.030705658808926107,-419161.6514682938
1176,0.16752345857109743,0.09687685184029021,0.009744485350545529,-221988.89523882978
1177,0.003298251795529983,0.09469508039886532,0.03287574518488874,-742340.423754992
1178,0.1410251891998444,0.15906469250555028,0.04565934169142112,-128780.45974458955
1179,0.11843538897635615,0.0308889286970772,0.06071653031887741,-208141.5580271607
1180,0.17775909883628668,0.10881961829646217,0.17717773902884004,960915.4742172305
1181,0.04504956083590139,0.0660048686497332,0.09419042769136342,4150299.42191766
1182,0.09601601503890858,0.1995295934367401,0.02288906379422602,-127037.3423390563
1183,0.17039300712031816,0.17273640788437405,0.11063972630755747,1032638.5789859807
1184,0.06880743365183076,0.10384522085765924,0.05849354096131276,2882185.5781285525
1185,0.15982148968798793,0.09965583174206603,0.18516843577549014,1566947.1557194332
1186,0.12453826887120877,0.10286386662293667,0.14221387079553047,3753191.3567951997
1187,0.10078659288604686,0.18090127008388945,0.03688919217736826,114773.09103052356
1188,0.19466973674918114,0.16243811037023842,0.17214667237297393,2379506.075457872
1189,0.09658156647421423,0.16744030986751948,0.06135481671544103,1424738.983786785
1190,0.15238963571283504,0.02809003167780453,0.06141038319250174,-191527.65491558515
1191,0.08914653267194657,0.06446394362868438,0.07740342312483672,1088165.549469894
1192,0.1640209489567396,0.05133517842843352,0.14905623443091445,181817.0863841831
1193,0.01474241382233037,0.15314782150301218,0.1584046485659546,2066350.1595601332
1194,0.0803397551004964,0.14449556463349408,0.18302768074901984,12393616.274471207
1195,0.1601425947109054,0.07808930207939198,0.09684270285601289,118558.0870840835
1196,0.1558715089571611,0.05851891796982472,0.16077654806177472,427432.9240605898
1197,0.06561422851218823,0.16119811647710763,0.017360088670144668,-196153.6448166281
1198,0.008879459382118027,0.19953508947396448,0.17389142464693783,1214094.560973743
1199,0.1765695006932408,0.1902559895213235,0.08766326188289758,239855.17743671636
1200,0.05736711093603045,0.0260049990035806,0.10024182670769291,405904.070643075
1201,0.04400966409532157,0.18711017134786395,0.0008006324885558192,-522815.5761895174
1202,0.02863934754862432,0.04929517061668536,0.03979134231863901,1139699.2808771303
1203,0.045155687315942064,0.13120952101223568,0.06550241566262985,4209424.242638002
1204,0.12300487638067466,0.17805158672925825,0.12051135310514041,8537636.5106778
1205,0.1389065582572763,0.07310065964427147,0.03194769352454183,-370945.50944344234
1206,0.06411681248998123,0.19285652974082163,0.12436227689062743,9290760.154695429
1207,0.05550222388680304,0.09018305343242078,0.16710260748619887,7041194.117371637
1208,0.1336887141411547,0.11213056814583365,0.17703257532676822,4481207.359514717
1209,0.13448791444335806,0.1285459461582191,0.03795362744215363,-253498.29658076458
1210,0.021277736602481556,0.19302842341147983,0.11977167402007055,3046184.9962834194
1211,0.08313668182928582,0.11780416418204352,0.012362392214343078,-400323.48019896564
1212,0.16442545478082138,0.04332910711286719,0.16090920126358943,110207.9258563482
1213,0.10687568865272212,0.05531440273138055,0.006041989648414093,-427673.15390903025
1214,0.16316667106532115,0.035292028293861334,0.01036102312797469,-145382.3330331561
1215,0.15117554616517617,0.07000864447459576,0.07786680111833,-169415.34185680412
1216,0.0494135174561438,0.17183569573937943,0.05946590522130642,3870343.485846918
1217,0.042038513950204776,0.06184994526723123,0.040629915033479395,1159229.2197049758
1218,0.0635310441610415,0.01658724457363461,0.03170600582389167,-383236.74730826385
1219,0.08341057667922958,0.1758933711179753,0.01145814934445717,-329439.06201765843
1220,0.04253494135200613,0.18166913510831928,0.17800293483198434,7002115.930722943
1221,0.13589016665918827,0.04809471081904759,0.08396211221115715,-115154.55446565611
1222,0.04224419888759301,0.025717701825040653,0.07599967890277831,807817.4589715893
1223,0.11516432101407004,0.07198653509296105,0.12216491009319395,1251645.9917073098
1224,0.05925094707586109,0.06917010555215806,0.15813471832892192,4972022.250939204
1225,0.17566294617877162,0.06440681630621041,0.11430316026905525,27456.912723416484
1226,0.05563245677845361,0.010666928341485506,0.1475714362720816,154283.7707726255
1227,0.03420069664723007,0.08514250474938344,0.09740909867583136,4141019.9149244814
1228,0.036894316835821186,0.018911070132679255,0.06960260293421412,300461.8461880029
1229,0.1904571815100637,0.12302711799768429,0.0762820456805805,-178171.43706351443
1230,0.007782164154842986,0.12005465627821638,0.018451528187074517,-807412.9847614535
1231,0.10850881420950527,0.1503901016543486,0.08471706965895727,3002933.027627308
1232,0.05988229896330488,0.00947684676351972,0.004955575032319359,-475686.82584654645
1233,0.08600531392910425,0.17666905414059358,0.048812555758638076,1087654.8805332258
1234,0.11481110115636427,0.13686116393595235,0.012165973500272287,-302773.54819647997
1235,0.03062007516067542,0.06625535868391341,0.1340186348297141,3586177.5903233862
1236,0.08780702244561939,0.14683901364364907,0.1735195731146385,13004206.15174288
1237,0.15167445531970858,0.19844944146264984,0.15087221374632995,10875995.584879663
1238,0.17043583900149012,0.1664732716930002,0.14605315245600933,3698900.7272816636
1239,0.16036036333117812,0.18693664557348205,0.09504147570525852,884917.3618426309
1240,0.12765740478250873,0.10298794431455455,0.17020739743841462,3960041.2027942967
1241,0.08627192057430147,0.1639453542289466,0.15987091501142778,13095890.93144135
1242,0.19237722027371812,0.04978413985148376,0.14192390197718247,-64557.84932743243
1243,0.15138389952949727,0.18725569856093316,0.18138048361110623,18477910.08539585
1244,0.11470517234168967,0.11583063717279596,0.03345824568084588,-171921.0272192594
1245,0.19499254048475423,0.05100349254068537,0.14494724369025844,8282.013720895422
1246,0.1591590009610625,0.08824310092227622,0.0422387440058116,-190967.9928760015
1247,0.03779207684393735,0.17129920018031836,0.10215129734970296,5171000.715527039
1248,0.01802739640765334,0.14340389455257774,0.050034210561005925,1335484.291795143
1249,0.17527895015017586,0.06191435720599506,0.04005416601802863,-199531.91280424414
1250,0.016971688710986865,0.1023062273275295,0.09014751756365746,2019714.2106800007
1251,0.15026242892062858,0.09292051743860728,0.06876319378487421,-232428.00612190508
1252,0.05233098312658882,0.055629349093994224,0.18556958036556281,3603502.2954736385
1253,0.03301572041756247,0.19763528491143004,0.06538389103844496,3497136.262837099
1254,0.017678047083499494,0.049738076157573,0.011682875910923742,-332861.5182126091
1255,0.15800595383278318,0.1025105825082211,0.06739732377336019,-195228.2780283004
1256,0.1324099209263125,0.12612930519006404,0.18797441784551805,8575968.31743602
1257,0.19225210334967593,0.13613675513308107,0.16356318544883372,952133.6406216054
1258,0.15848502006703571,0.09826070653997997,0.1408916576066834,782488.1303110104
1259,0.015651801536714038,0.1516042166300614,0.19236660143847353,2347544.469920222
1260,0.01699495062514769,0.16722315691837092,0.18659600532985426,2620995.4576276257
1261,0.04523777796041242,0.10496223752184075,0.18557164509259771,6389877.137836759
1262,0.1920452009045936,0.02557647687046327,0.06980084511109012,-131363.1288925083
1263,0.13962892823017134,0.04431169987718606,0.06495412572689617,-152147.31190467183
1264,0.0046582120009386555,0.03070433618623978,0.11246589888354877,-646172.3398663276
1265,0.13061801326083655,0.1297823662191674,0.15567209415564334,8950712.278063046
1266,0.0830562827477583,0.05469814324823111,0.0031161400085049974,-369952.2246656529
1267,0.04132596521047738,0.062477562440407454,0.035641371296093106,989261.0184343606
1268,0.004028894299320451,0.03148952173303832,0.13321991071351447,-534282.668308488
1269,0.12591708329451917,0.1871367278796085,0.15963365827946185,16735095.539517283
1270,0.11355122336823825,0.027511269498642268,0.11281436378503139,69733.61231851416
1271,0.012319012182836153,0.08617697948217057,0.07805172578943909,1009055.7956486528
1272,0.08556276187258834,0.05596518367895745,0.13716608952476475,1575293.2680220983
1273,0.1681888934597559,0.15370339851979553,0.12555041915817608,1406467.6104190268
1274,0.10766895986660266,0.0062168360016060745,0.14458679973838426,-73267.81253554924
1275,0.1089965879156995,0.054148210132777375,0.06556840777068833,-148686.45710377707
1276,0.1871213572939483,0.12487244902344541,0.09518248693150566,-162540.53681199678
1277,0.12418434794168154,0.0827484649971314,0.09403645464060324,363952.1737299969
1278,0.058061851341534076,0.08797066011832891,0.1371184464875821,6971957.148123001
1279,0.007988385017293842,0.159005481459231,0.056595908172262566,145700.37414800155
1280,0.13651195868649996,0.128545062936012,0.13052560982826109,5381765.063085283
1281,0.12162578325116058,0.19182036761390697,0.10166883253907817,4743524.38678513
1282,0.1464638231030703,0.14108986624691552,0.04725351545566608,-112495.64217482155
1283,0.05666116783736513,0.08480341963139358,0.05553958609264185,2878200.2601685515
1284,0.07334861978599194,0.07819212278566119,0.1207729121876688,5622641.34345853
1285,0.04397800854701233,0.16085837317533747,0.08750727135430092,5737103.944330811
1286,0.14124882233664937,0.016288496248163576,0.09399307882487339,-200422.18537331946
1287,0.005643906435465662,0.13518199836311295,0.06874201539941392,125939.45065614325
1288,0.18985056282116575,0.06482484292028388,0.11276117960354537,-85910.02280075286
1289,0.05147751513892294,0.12402252578946807,0.09340847002664693,6683827.930706437
1290,0.07412565230112658,0.04073786981603598,0.022304268794291062,-277244.73887566227
1291,0.023975826791334656,0.19980800350111064,0.08246214537144694,2786375.3305860944
1292,0.00038594157466789183,0.19058575812520287,0.00399598484596253,-1547061.427056605
1293,0.08371722511090673,0.1434955171941312,0.18291984887435234,12501632.040239595
1294,0.1425772582864202,0.09272515098000236,0.1948884077968207,1812491.2374962037
1295,0.007863876606654085,0.19737844050760162,0.1698783103416878,1084405.3225297923
1296,0.18578600342527185,0.05095448481950733,0.028491614456853956,-78857.10352743085
1297,0.13266305587454003,0.10317188759722401,0.1046335921488759,1010959.8661962673
1298,0.18492383569664353,0.12401618133065245,0.062212767020917985,-118607.45807738842
1299,0.08001331128357521,0.026699167018370253,0.03846280805513787,-398083.87008516013
1300,0.0286700140419077,0.1620582682422709,0.14097469359442377,4368683.316478328
1301,0.10606900352217037,0.07487356672551415,0.1336988580648701,1749596.4569600897
1302,0.1625810695391522,0.1762466431343418,0.10940324564126672,1322337.2521969709
1303,0.16397702436394018,0.10226119068253901,0.09490601783757818,11968.739936201251
1304,0.17308637112442005,0.0772747872529328,0.07918253580814046,-218254.0800287928
1305,0.06098226905698323,0.10374034565892334,0.10897000673789214,7732251.44278599
1306,0.1320922290620914,0.08610046202191411,0.043567458376719874,-138597.8013060356
1307,0.17336841248277518,0.06920017344760288,0.18458868396803496,409028.4172002927
1308,0.041470666605291154,0.1120114952472461,0.10732301870589045,5566379.87731404
1309,0.16572956958539908,0.02777027735016595,0.18198743458349229,67909.21315758227
1310,0.10628563443441404,0.11722187678287328,0.10203325865955343,5381642.467154927
1311,0.007204981367253294,0.09941813236131963,0.05270993253539811,-119878.42984386373
1312,0.06853763607556629,0.129820319837428,0.09953942589482119,8402886.649964688
1313,0.01864364253349209,0.014608254952351785,0.03713153912347407,-252838.7930863549
1314,0.038177029314444735,0.12166015139427298,0.035562892809108564,1475423.6921921
1315,0.17634388465495413,0.04195213212268263,0.018226289085276525,-121538.04570859723
1316,0.1751492032719294,0.0590655152153466,0.08508452596674716,-108632.05397659297
1317,0.1918052768024885,0.18887384383155478,0.14298337785298357,1910664.6577671107
1318,0.013787790346510943,0.1186680250822795,0.1978155870084516,1865996.2710940887
1319,0.18938324568479611,0.021200498503988575,0.07919346061807374,-64274.995260513926
1320,0.06310734918056786,0.02594562138098111,0.13895966224975217,478984.5861530534
1321,0.05476967287204735,0.06897316062505957,0.01807177534028359,-126447.2200241263
1322,0.09959351175573312,0.0316335727304113,0.08641808471589783,57463.01096169481
1323,0.0286684444206603,0.19076997799002915,0.028996506639428522,1056421.6124076748
1324,0.10437743077012665,0.0393959650637975,0.015272360694521848,-411283.2993989732
1325,0.04046172376841964,0.010954821478087219,0.027879476624197763,-281868.33287928824
1326,0.0986968315526434,0.13036310421151484,0.017467963014356692,-368167.4551648559
1327,0.0882037247808537,0.1162494045706704,0.0468451352422123,514667.7677878542
1328,0.07441568230320508,0.014366973946721729,0.044026216046618986,-262256.8132528882
1329,0.09335058518378801,0.19808843578506447,0.19925301258782668,15199300.852290649
1330,0.1959243362248576,0.08461727726006552,0.016136075682933005,-80959.1752451979
1331,0.0647146874498667,0.04754287507419546,0.0028253149819709167,-399705.59252996073
1332,0.019046722057675082,0.09063838700981322,0.0679324927608594,1593527.1459559707
1333,0.03607074432689661,0.14321999413174943,0.07142311917932372,4054118.938848285
1334,0.17037357114930887,0.04819543205262347,0.10767869801732495,-47406.311881239126
1335,0.03682784342983649,0.0990601232771684,0.030493301795677243,1020258.1164199444
1336,0.03231572487430439,0.12244467540840315,0.05275720843515335,2669978.0548467115
1337,0.03447344531284946,0.18595365002701464,0.008600650148010215,-473015.163523151
1338,0.11302962253917744,0.10965276836665305,0.05012177488061196,146001.1508964227
1339,0.09055434902256357,0.017547556616527096,0.14425402918477712,144348.8809274188
1340,0.04433942967536464,0.038677071965311186,0.06297569565550061,1430881.9500424562
1341,0.1804739840526284,0.15929332965670853,0.18937845822675153,5567083.647858131
1342,0.1303924692066171,0.13258430220641754,0.09600619988524339,1780100.9274651052
1343,0.1810372646733951,0.1021754298540658,0.07101201415900493,-200555.4235338691
1344,0.12807500198353303,0.1092278986801927,0.024803963061979097,-333568.44827208814
1345,0.07854508278248591,0.062665082218896,0.16936675500222637,3241215.091584069
1346,0.07576851139462176,0.16431104652777853,0.08847791878018912,6896617.735202373
1347,0.150700112689122,0.027056385702237985,0.1849300439316925,123666.17590169435
1348,0.09611197815978366,0.05195964912526128,0.048297921272961376,-207822.75740548005
1349,0.053015457714994385,0.07334483458359353,0.14350390653512335,5596385.431805765
1350,0.18992060858015872,0.13380748602472645,0.10943325418882016,89313.66794157153
1351,0.08971956160342694,0.1656388934075233,0.169931440489214,13708576.762522345
1352,0.05860753488656372,0.19068404973068603,0.07902307264127642,5935114.119994572
1353,0.16001561383830556,0.1933639756164467,0.14073162017112226,6738347.059337729
1354,0.03231014529023875,0.11722739103478617,0.023755424619115686,529562.9634508971
1355,0.15782840797378528,0.056263034774776594,0.13904296461200372,27404.59834376597
1356,0.18201793482603978,0.03620197013403448,0.07857156772023335,-103964.22746227882
1357,0.12942375761471325,0.08393171856190024,0.03496378832494305,-381484.9150672006
1358,0.0058143228337594,0.08131962874039259,0.1298418053163841,219561.92065210044
1359,0.11479684163049773,0.031248247952128484,0.09013868877347733,-44977.343669467205
1360,0.07389420923625056,0.05484048045867998,0.14585424877207784,2696905.38815797
1361,0.06193040600543687,0.10802839046660584,0.18464470705392333,8746524.82424343
1362,0.10785519645071649,0.12340458203211216,0.014649197233510282,-478527.500307106
1363,0.035626828748347265,0.020190239859622695,0.15296258967116805,885812.4089474449
1364,0.16718421618336848,0.037291058638915534,0.04385435018461821,-216574.69998138893
1365,0.06464145789855658,0.11821552339076709,0.1243592387600039,8720725.883351726
1366,0.13735079170829154,0.18103855124269252,0.059008028099307636,273471.6908052891
1367,0.13175179784135513,0.11194456915553844,0.061167448082513426,68939.5979524498
1368,0.1814830373187347,0.019096682391843502,0.1424002053664103,-59664.29656800172
1369,0.14557474260452039,0.18306530553799233,0.10371611847027072,2094399.8047507526
1370,0.06432446764384918,0.1655481339720041,0.15416205636647853,10007224.680217052
1371,0.10006312288389407,0.15357147512676222,0.05357512041545216,883726.1257071604
1372,0.11790126608069358,0.17303669095757512,0.0635969009233025,707712.7014974286
1373,0.09670999648614864,0.19020897083457788,0.15964236839434734,14528449.479357585
1374,0.17740780406611056,0.07704941217808928,0.19930105192691178,636999.9414622321
1375,0.030513120936762596,0.1037541166432618,0.09585467645924989,3868386.5835787877
1376,0.15968643816002692,0.1817235545030024,0.14622787538161194,7667106.443015401
1377,0.12536324722606057,0.08548583816970075,0.10206518341514684,749662.4523994352
1378,0.10186006264496437,0.004073694736875533,0.10060916096553554,-158300.51212592117
1379,0.171194160034825,0.14185480222844965,0.15914172442500096,2577125.488862352
1380,0.0780969979537042,0.10579464738259162,0.006696713799420096,-627248.0831625873
1381,0.07659958843386871,0.09488320897852881,0.05104177991981634,1031120.2778935883
1382,0.006248195798129963,0.13808162175579042,0.08701755016976864,352780.1266075777
1383,0.08313563862244684,0.04999735080570178,0.10756607979960342,1034713.6978901004
1384,0.0876053562541463,0.0947968946058182,0.1161742696872764,6794302.10685995
1385,0.001264929447947072,0.18153918070768452,0.014217479389016253,-1352507.853178706
1386,0.09018494946319891,0.041474575047876286,0.10475647387397508,409948.3438394892
1387,0.05604602175942757,0.17200129961252078,0.07927196679248405,5932041.40719379
1388,0.12775111115368748,0.049775945629575796,0.0038812300988035012,-273621.65979648073
1389,0.08083090712265523,0.10729729791165804,0.09190943025235006,6434813.75854279
1390,0.192402872763772,0.14136783476920567,0.19913396012507906,1981941.2156297627
1391,0.059012018062794394,0.15781065592142932,0.11111169350932278,8048053.2258366365
1392,0.12235207088969989,0.19717064008846555,0.1307974399502234,11537107.314716693
1393,0.17976337846738358,0.14515004694384942,0.025477224344950013,-83645.3533891627
1394,0.13988474206446253,0.0968631177370964,0.1837595985964685,2245751.0534989927
1395,0.16136688943809105,0.020826937521445044,0.026783128730711692,-138045.00575755505
1396,0.013922200359721117,0.0986489749489235,0.016154351841470606,-408394.61958190694
1397,0.1447356673149388,0.11047171629008655,0.16717700351062847,2736256.9381441306
1398,0.05595915773426326,0.10382815683222815,0.023495937182108875,282117.2503832425
1399,0.1769220005300561,0.035000992457967665,0.020472450270081002,-115303.1997927091
1400,0.041010119704636666,0.1612462977445963,0.02116290553693656,347726.09565625456
1401,0.12288549896763319,0.14923626012302513,0.15021623209657423,13514899.519036612
1402,0.038012177321626234,0.012324799675522403,0.08976127675444352,-1155.2429464970241
1403,0.04049706904890922,0.13985416180278762,0.0713385599310842,4413379.186842778
1404,0.08987078820662642,0.022696986620342363,0.11351005730963835,279462.91269774357
1405,0.037104837926381466,0.13579713218298742,0.01423376450957874,70406.85096302914
1406,0.19517891845626467,0.13690539571716234,0.036345913562385236,-129875.9042263387
1407,0.002818929092371159,0.06689257844104375,0.030562652810441484,-915617.4864717356
1408,0.0436822666239092,0.1745500516875779,0.1206409320101699,6427133.926426851
1409,0.0352915306057799,0.11133188013748976,0.05115613068499865,2700775.3551164563
1410,0.19524017287161785,0.006551446052739052,0.14646368443356303,-11676.336850211806
1411,0.15459940523828547,0.013432552791540054,0.03437387284627032,-182976.87278654578
1412,0.07686133182079152,0.17363096530581357,0.10739998768369988,9539614.511622595
1413,0.1310613700014581,0.15660256709136855,0.165624557667504,15048999.362836922
1414,0.09525690861673622,0.10175862775469627,0.14360117141755588,8013064.479119912
1415,0.05266847174712528,0.1708979472731049,0.004157364895168314,-448337.0627998375
1416,0.03915432044194494,0.16003998860730065,0.06805164237853445,4280408.052202118
1417,0.029966566538461192,0.03735095114228067,0.10615128038721391,1522155.0655604796
1418,0.16923630586899757,0.014130143154222119,0.0060961818249298805,-121222.51738289272
1419,0.09303362716736863,0.19123748301072696,0.05580196068282528,1266747.0501183902
1420,0.19183410781340968,0.17753623531800028,0.056627015277502225,-9980.031128307317
1421,0.16338961285122935,0.13717346051376375,0.10236447778095144,419627.05405572196
1422,0.08458322860857495,0.16310055118509137,0.15861588653900427,12837149.391208895
1423,0.15138726718851184,0.1996511902430592,0.09570249218827678,1336328.7464732497
1424,0.16138459556398319,0.1724956733966957,0.04232051629073679,-203432.88445651057
1425,0.008413288410612197,0.08094968043771594,0.1713473368873552,636854.2951060449
1426,0.05782065623890205,0.1400020308134848,0.0014696278128525364,-503969.36878575536
1427,0.07107288646404755,0.12310333895163024,0.02595143801446738,114945.94623722148
1428,0.1793213824294868,0.03125479542341585,0.18195870900079894,-12975.376053961054
1429,0.04327786173659494,0.19885573478316818,0.12094974265911818,6531323.769555939
1430,0.016868978887662256,0.013055446895731971,0.014984339251893753,-366872.1000258103
1431,0.11797854945819038,0.16191584046547705,0.08059254835410115,1790548.3186201402
1432,0.08896715185637237,0.1178575407329256,0.10660812095727115,8019354.976131934
1433,0.13761234662025404,0.09435714403260531,0.14277213701281352,1546208.6342720923
1434,0.19946214850932684,0.07005956844975299,0.002443092583070161,-78461.93739342138
1435,0.025125009110330956,0.11070283699739077,0.06885155742893041,2675037.0111162188
1436,0.18799651874099851,0.12548921802147658,0.10407103719309359,-39518.45916136162
1437,0.15960790025440375,0.05171797420981903,0.16394770805647196,114758.66470545695
1438,0.000612220972818589,0.12393547242714353,0.1869514302091558,-281151.9840355386
1439,0.15757199040677403,0.1707268384294719,0.07939093903430011,315670.3212412334
1440,0.16484778922002527,0.11016633300605333,0.12370804730063978,477961.5784110221
1441,0.011783067867160702,0.04031033943487843,0.11019288310271053,438066.03605053184
1442,0.01176021156469953,0.14828936131754264,0.16801140170438034,1627028.7355313594
1443,0.18407247225896098,0.020353691835961186,0.18794404960456002,63474.028448569465
1444,0.013524001525858998,0.09481124318556307,0.16805020412556237,1555287.329457389
1445,0.014062227712891074,0.0036462145977967267,0.004989543741330139,-683527.1826052951
1446,0.10225404788720671,0.1623193489193326,0.025485334214519928,-198599.69278932703
1447,0.024922050815908127,0.11370937100995833,0.04685912016238474,1765104.7708051763
1448,0.14604274702897477,0.18992707763535,0.15320668132008264,12968949.039305499
1449,0.1754350732757833,0.10391721151433407,0.16646386084350667,871792.846600349
1450,0.036580636797336474,0.013669578079125479,0.1311906220249372,-42345.84566710217
1451,0.010390500751611187,0.17849628382793611,0.13831082942148373,1313869.5780700322
1452,0.19044014508178242,0.06277733126264713,0.09723166184032417,-196081.3192828327
1453,0.1483380730090238,0.048555797092164114,0.10836976402233339,-1243.144635768277
1454,0.13189345500109562,0.19576173088940826,0.14894065884847696,13867849.375615578
1455,0.0236261700558148,0.09506669027666206,0.11775415659791443,3200672.342363601
1456,0.029324628572870548,0.08639321139621568,0.056801163267164605,2735715.3698395053
1457,0.023765508452405194,0.10240838669269091,0.03312661620246909,1097851.9613724246
1458,0.11810748171714468,0.03393938644837309,0.14471898472056421,301644.6012933209
1459,0.03904832460593408,0.17925702015522993,0.00524187130976177,-487654.8921229863
1460,0.10439947740914719,0.06402095317730938,0.04501530515491817,-31100.670561714593
1461,0.09432055583302962,0.16840390726485216,0.18305544110532976,14263220.717554053
1462,0.060649723629569156,0.03084872441901425,0.14402808951326146,673500.3441867861
1463,0.11639974509119766,0.040203229735511985,0.15205915761748734,455511.89528448717
1464,0.10378608704842823,0.13067903990148153,0.07186780679267775,1575929.1348963908
1465,0.0878195122604752,0.03606841967498844,0.1513031735290682,466725.72219975974
1466,0.03140226483035837,0.15566051895021227,0.1596015709769172,4912366.423395413
1467,0.14932019281102435,0.003884557611748085,0.054626642521334715,-208029.3646652949
1468,0.09366754855836275,0.11910887574335915,0.18384441987381006,11736379.381735308
1469,0.07512119442574046,0.17500466375479085,0.03268585762736731,517466.8459070218
1470,0.07425609750172539,0.0104564021642646,0.14849785821112446,96601.39331504762
1471,0.030130551486582592,0.05140400312969156,0.15504665043864296,2653324.2340289312
1472,0.106943343484542,0.0027945438836925133,0.000447040949479427,-283026.01565354335
1473,0.10213212634797941,0.06099110274983897,0.036062289199035424,-250053.8332240382
1474,0.12271878754322219,0.045687294343485424,0.11844142993698958,275310.4706083943
1475,0.07585319011725458,0.037349243533957945,0.027620947573749735,-225648.02187755588
1476,0.04737212062545762,0.005966421602597017,0.06162539240725369,-142272.8715350329
1477,0.18039093803635886,0.16627242517660568,0.07440075134393179,28178.569442609427
1478,0.11516672371636077,0.11347211180281169,0.16574750783874248,7924484.7941260245
1479,0.04725802030339313,0.05927749775860247,0.0603570867491223,2225181.9374145125
1480,0.008173997954334867,0.06293757265783843,0.1755827553176014,267655.66104867804
1481,0.18239752951429622,0.02192706915371008,0.09161170832368629,-61814.473756827116
1482,0.07626978031752783,0.09787183932467758,0.11094390481173544,7811602.748801006
1483,0.004051752003549214,0.16844844958423216,0.1947328146346677,449763.814646191
1484,0.13068096240072846,0.13209044769867384,0.1055959715661417,2689122.0430513457
1485,0.06685468234287635,0.02979556483590422,0.11681266853921013,537169.3636404137
1486,0.008988280701841411,0.1649005135383748,0.0841823398941231,712494.5927123214
1487,0.08295084483239497,0.06543417169518116,0.19387077773971728,3280693.1004595784
1488,0.03498339055414377,0.03026156429504223,0.033106300309006034,502979.90439842694
1489,0.13170549657015282,0.19837906374591968,0.04709503408035094,26883.173671328655
1490,0.18112347941349757,0.05572331184163448,0.12957998402506005,-18558.311738317218
1491,0.008099790386673545,0.0991307949152378,0.13091399325579636,864885.9130072797
1492,0.10726395544452572,0.04756707697635823,0.1656993896535831,648492.8477082666
1493,0.19402730224764808,0.09183921913841307,0.12718385303785074,-44003.50074518191
1494,0.15808265366911453,0.0482978121243588,0.1728900763857571,246311.85051309055
1495,0.05604018106199951,0.15516616070304778,0.022419846485284414,291735.59396354685
1496,0.05767734068283395,0.10672398678797355,0.10498441914086304,7177644.687291584
1497,0.17008623689727326,0.19922545152772145,0.021442169172028125,-148360.77867143505
1498,0.05427762656500741,0.07151964204461517,0.09578368156200101,4853904.3227096535
1499,0.09878194863087982,0.17123901262968333,0.15411186055701998,14161197.599333754
1500,0.003770315807590663,0.09100435211663759,0.12361476764881776,-97115.89389890758
1501,0.0920791174186047,0.026129051205140464,0.07949481673812964,-18513.23023798438
1502,0.08233113902594723,0.03754318448995175,0.1512614228941907,713645.3240020144
1503,0.06428013602849536,0.11779745811372325,0.10314603619175351,7990454.072176708
1504,0.17548541584327776,0.024402986372567638,0.022852601650692028,-131701.5628553415
1505,0.060063933824603156,0.08624299362516702,0.05970844975042791,3421920.2310985527
1506,0.15263741647904877,0.04905316862185993,0.016954948554448946,-231888.60713181735
1507,0.08275996197682951,0.1546758576276968,0.17011238871734827,12619423.42289701
1508,0.14666896967267015,0.11157733569994882,0.14483834034983534,1983808.938177118
1509,0.13627790706077228,0.04687332649901217,0.11015177844063875,-9426.782043158757
1510,0.15412186652768642,0.06342413237502764,0.1307946293433863,117117.52281917035
1511,0.0962960855037597,0.100631770189004,0.018011007556431948,-345995.7205014017
1512,0.13324343306107597,0.17313740707090403,0.02828625760517256,-198468.9433971674
1513,0.07322113244328987,0.009733490968167002,0.005926377195278221,-518771.4057507838
1514,0.19793169933434876,0.09869430166127693,0.07110380372704928,-122150.57090440627
1515,0.05497541532500379,0.19600252898899184,0.050450157104336736,2871633.516612315
1516,0.14514167914754866,0.05675161916118676,0.014097901071383824,-251184.37665923967
1517,0.13665532290358826,0.00032616952597297466,0.1351497023121139,-64377.488617813106
1518,0.050075319797964625,0.14922084641430025,0.1539500334701299,7893441.820693094
1519,0.14482144776350758,0.004896688293522078,0.1407473239287537,40428.21920270603
1520,0.19802912281115265,0.04852507370512458,0.05484771444506771,-91610.00411783751
1521,0.1627053099161079,0.03207936101121611,0.13211673510091032,-58612.73126266235
1522,0.1510052755001157,0.007432132363871436,0.11075241885304524,-67078.94897141539
1523,0.11517545170717658,0.060688579478358845,0.17526893387950346,972573.127527407
1524,0.03254994385997128,0.07283894190117211,0.16973373742946588,3816471.2711300873
1525,0.0381285513211985,0.164274827265535,0.015813835473591144,-77178.50543184258
1526,0.09784581343799802,0.015066132489140682,0.13558071701230287,69653.35743357391
1527,0.15812029781112005,0.1699717096493606,0.19625245014879777,15283102.589121504
1528,0.13440314445991738,0.15381238276800407,0.10115165566426587,2563362.111344654
1529,0.18254738023622524,0.12875167643989252,0.1767102812502687,1508627.8076457565
1530,0.047090403402776176,0.09934755614361286,0.1459637842127608,6438260.299939005
1531,0.04054435091253666,0.04226795865239566,0.1956085480811275,2600566.6767593324
1532,0.08692207214744122,0.036363090584754336,0.0662927763963012,-75791.5635518214
1533,0.07947522965318513,0.12461705149404423,0.1846029318095505,11191161.471861003
1534,0.19731801518441822,0.1303397517822225,0.13998447215954496,370388.57605199754
1535,0.06436583393931782,0.17143171908974983,0.04355966704406298,1513468.543965806
1536,0.021276129862193516,0.19465119801953018,0.17282773536410645,3395774.7334387074
1537,0.060729026907626674,0.13503414327620986,0.09340367148263991,7395442.474523668
1538,0.06462564122909419,0.05735484215205897,0.027205489044181297,195847.48216573044
1539,0.10986361645516785,0.08931933802350156,0.10243728405998886,2314775.1329836966
1540,0.0430714334958809,0.18772213415464956,0.1277182392661083,6481815.438977178
1541,0.17992013147666738,0.02185423320655109,0.12457019317123497,-62484.19340267105
1542,0.16989236372883224,0.06618415596289333,0.03902863382719728,-225126.8983566108
1543,0.05300426116112394,0.0545867453499598,0.08943979298470704,3078891.2452817154
1544,0.06519272055586632,0.054254814541598265,0.1297024596810276,2890705.238852062
1545,0.010606474334376892,0.068072755627946,0.13795039318809496,809910.5263128284
1546,0.03516994985620119,0.04418557244258248,0.04013332508258349,1128946.408327866
1547,0.00018522134628098377,0.09475355036631455,0.007791757883224637,-1395623.9184202652
1548,0.05458796235498003,0.19896068491839433,0.18367924227805998,9131025.848573677
1549,0.04301516163126684,0.062000486382786546,0.0927409164537103,3646530.617774718
1550,0.1688827093318487,0.16052918827861823,0.025248287313256436,-154162.25361987975
1551,0.024889769669670426,0.08334645077880894,0.17401907792275442,3219822.00396771
1552,0.17641699981910047,0.02147316993730604,0.11485945759311032,-105789.91092717896
1553,0.031135039425022583,0.13722586200055656,0.1832866495857813,4839490.700241768
1554,0.09095385849511872,0.0166165549384103,0.1158508391789091,56860.710492045866
1555,0.08170333402717095,0.16217975046679206,0.06806889278527754,3428522.140405299
1556,0.17497944009451785,0.054740081526956974,0.03150352717773719,-173093.0423175437
1557,0.06129607546371599,0.006983158364549303,0.056249193374848266,-362949.63460951863
1558,0.13202352677640614,0.028456595711318467,0.022272994557317596,-241137.79535717968
1559,0.02647705825087008,0.015510334852293273,0.17492708236858792,298437.0020090342
1560,0.18882302309930565,0.009312230345757256,0.15201435630870808,20100.421747123783
1561,0.14743034934343954,0.1993818849220081,0.06957413234421364,410376.31764459406
1562,0.057101798338083244,0.09061642416196546,0.17131503542983811,7428354.853247749
1563,0.14571872850757978,0.09432476279350055,0.04891256865717464,-338747.98553007777
1564,0.14540314825367423,0.17090537360843924,0.07999024621349818,774674.4454541403
1565,0.13371708916419686,0.08004240423531964,0.09569868762829697,173072.91722889213
1566,0.10498207599098273,0.1551451628044556,0.19550119682578623,15374103.803327492
1567,0.08887323252764648,0.06846300124952119,0.07471820129447826,1518544.0215573679
1568,0.02677781387503633,0.05938774756354455,0.017289482653761245,535180.5297273357
1569,0.08557885263584944,0.03347145386220978,0.06928134919488174,48562.479490003425
1570,0.15871554987832126,0.049185530117827204,0.12237892426841379,9523.866020238693
1571,0.18023628384972257,0.11338583740590938,0.03875852255448253,-157952.27765587653
1572,0.06895323879319086,0.11807384143681321,0.10132222795197071,8334731.87033139
1573,0.02972396725538076,0.0893592689381138,0.10861333898204968,3856663.8996044365
1574,0.05346654289151449,0.1224891030679704,0.01403201989704197,-83236.85522189604
1575,0.06732140671310337,0.1608553665555149,0.051856960181631086,2496342.462757086
1576,0.12103537000061565,0.0820059427420624,0.06329202848304936,86362.6268950123
1577,0.18322633758200538,0.06865234361607671,0.04733518029740367,-119406.69525997843
1578,0.18186026312805412,0.14918887118716298,0.13635994273963947,1105203.5982771376
1579,0.009906988413375162,0.026240992143155163,0.12766799276193258,-250062.22606056073
1580,0.041886567305252045,0.04512759712607182,0.15582770306872215,2554249.7405425278
1581,0.05718498976738853,0.0143174604303832,0.007286389461972221,-519632.78134488873
1582,0.08863559744905757,0.12342571553692921,0.17377704667836058,11764451.473779932
1583,0.022160879006527856,0.039334565257659264,0.10596012218149423,1318978.1374226392
1584,0.07282167244839502,0.09650749024909894,0.1848249297968431,8633212.303056933
1585,0.10897833077293745,0.0830241221224152,0.19788798133994898,2883382.6283130115
1586,0.013043133979907263,0.1864226896742344,0.10033236841309662,1475301.0358877238
1587,0.10075126755342763,0.18439286684064185,0.1014647959186139,7725465.344861935
1588,0.08768141810602977,0.054497718423439805,0.1317633533634842,1543231.133805297
1589,0.11392901819595232,0.042869087389556616,0.14188258301226495,290776.6042066746
1590,0.1288173714673281,0.07946677684130816,0.000880184380710114,-332500.15150918014
1591,0.08931623003523755,0.0012116234260503456,0.01499969785980797,-266525.64277530287
1592,0.08612198049616682,0.01638397683706554,0.05513308675743325,-244442.40392173163
1593,0.1310982737117937,0.061723068521883806,0.1995297188243021,1023596.17885117
1594,0.18326040678299624,0.11706198091710474,0.19338942772698609,1418094.6498838293
1595,0.1736034588865044,0.06377970376809741,0.14991924919706187,76194.06261294869
1596,0.02736635680078947,0.13691028487574822,0.09821636529891609,3516501.410569722
1597,0.0033651878505649435,0.054845964478074154,0.19107644348084973,-466561.9008517124
1598,0.06316629701769615,0.036290891060288134,0.037506289314441665,81998.02302210795
1599,0.09584265292838981,0.16852984813410699,0.1516003530266693,13769937.620357336
1600,0.08737040150755487,0.041745376687392116,0.009212980020438221,-388312.90867564676
1601,0.09252606389654622,0.16295506970363835,0.14593639871886274,13158328.26815456
1602,0.08172015352545006,0.11894053438352006,0.08724930418924354,6101488.910775969
1603,0.11580322195803557,0.10350104887870984,0.1361933200250318,5375522.003834075
1604,0.10154176870662479,0.18812219963351173,0.08560563631633725,4521081.22439662
1605,0.0031832606079421847,0.04727470708179691,0.1001213716213312,-536176.9751163981
1606,0.1081143703777324,0.1104769578624107,0.14291041965401644,8028554.572790048
1607,0.05492962852350558,0.13298073580829545,0.14080645462384256,8316737.373750815
1608,0.08225615052416527,0.08043381982926441,0.03578495713128995,186978.40330792018
1609,0.08279747525107475,0.1573632583414025,0.1817946011099768,12748392.629640121
1610,0.11872263826359308,0.05987406867085976,0.13645794373194628,513376.087302411
1611,0.1480292417392008,0.06644255575613248,0.16530957229790935,580923.1446650074
1612,0.014739166427668017,0.002150743520005105,0.02459415452641052,-792014.5213606115
1613,0.031201669565501945,0.17578580658954426,0.08499634044425618,4059731.220856178
1614,0.054986338394076344,0.08581502319736388,0.07896817854012646,5422821.091038574
1615,0.0602923335976034,0.027579916482393066,0.13118309239477613,649889.2976211281
1616,0.02732088055593107,0.1550848905345349,0.040337602656090724,1520184.2838805472
1617,0.14627426142666233,0.1611172211390934,0.02506520195489015,-238235.565257756
1618,0.017349153657600813,0.189914554130732,0.09260936135051615,2254128.586401902
1619,0.12604709899459768,0.004652088024353552,0.05574203611126798,-221396.06212955914
1620,0.10107953091187726,0.1772436626778808,0.05428788351287526,765776.4793393565
1621,0.15503826397174392,0.13244258565174036,0.023054153561148996,-126080.6223913578
1622,0.058675034558399314,0.04757280728772395,0.0885055175146571,2250573.489017488
1623,0.12706684860951686,0.08668395110170134,0.0489073151503612,-190682.19910982632
1624,0.1391757536456551,0.11689421894229797,0.10386278148313839,1023091.3013946986
1625,0.11088391948919568,0.044380129258764715,0.13608621221849124,530457.9689329097
1626,0.07750010710775367,0.07269356394600393,0.02994684165335411,185445.97744715528
1627,0.11936746691008929,0.12053288210930131,0.06806012873330568,731303.2773850368
1628,0.17197001137310683,0.16909157974308567,0.021810861296486263,-121954.88623515576
1629,0.13900767756198365,0.07876695123700446,0.19994297021257856,1218980.1247994008
1630,0.04500472593693048,0.056104841082897886,0.0884212589111455,3315852.5032154205
1631,0.05374302973613263,0.13839867327730285,0.09618162243629612,7009231.978961401
1632,0.04417576696990804,0.10127481389731252,0.17775755327300768,6204207.295501009
1633,0.15847912937001057,0.09976578488536421,0.05769852062838954,-319068.39474770083
1634,0.035977292940505556,0.1756765754373791,0.14203338809973928,5626130.43813694
1635,0.1144326606294917,0.17588692919073368,0.0243380574748179,-220450.9949685966
1636,0.13649785720041366,0.04334246248264639,0.0241154882031974,-281863.4889451627
1637,0.09312170200138664,0.07747858595287074,0.1882347218650371,4268635.302227783
1638,0.06479590935036328,0.1629804518104005,0.14976540009366895,10008608.419557618
1639,0.13358477401170726,0.1840800945920119,0.08158491887626843,1240575.0252550212
1640,0.07793423719657314,0.032189484716301876,0.055152415099013835,-146502.42458253738
1641,0.17595529121217415,0.0948764265822736,0.0682706644381421,-96226.23822919907
1642,0.04322241101643423,0.09699205004872301,0.14333307409290577,5809472.55170022
1643,0.05733840509141508,0.15154330416253084,0.1259575549449837,8361428.319511061
1644,0.15751251250794085,0.05018192577498246,0.12620562894660908,49451.515068972214
1645,0.030747055897768383,0.07275939643292735,0.14487201896856025,3743242.1633390565
1646,0.12633367711598717,0.03757214506750439,0.17166853441850582,400493.84229946655
1647,0.010670196469036376,0.11904313770332992,0.19676410004632128,1343291.485232247
1648,0.10630094636854973,0.16013436399188416,0.11903619463782043,9877544.524728453
1649,0.15661766298459853,0.13111882707105746,0.13822640290750574,2454596.500791203
1650,0.04556223021727682,0.14836418271458354,0.047581977332866156,2606800.3941529794
1651,0.19612805502851763,0.045557438192240944,0.04733680071953126,-119592.0467693943
1652,0.17173462409677284,0.04859717239256383,0.0721805586982566,-143289.74157811565
1653,0.14292803223580539,0.03174971603895265,0.03181435096550045,-271522.3837446877
1654,0.0972716846533238,0.048739350846545376,0.047131591113806715,-165282.86847456676
1655,0.0018477842837025362,0.07408991823958959,0.06365011092368066,-693488.2864048366
1656,0.006231162165334082,0.12424663564273271,0.1253310364006708,625434.5657744199
1657,0.014160094354731778,0.06340831258189061,0.17456110639907957,1196532.3045302643
1658,0.11643341364891568,0.08239494480239758,0.09302038569281919,950061.5469005647
1659,0.04165599888716103,0.1623763001415856,0.18280094109019351,6651046.3766017705
1660,0.18213280845000873,0.044786878338459936,0.062148053555291384,-113752.08550902279
1661,0.03212455496190736,0.061440226726462634,0.06656107442452007,2751944.567769483
1662,0.1266211474129271,0.03792927630962493,0.1838793848735487,330660.10832253523
1663,0.02061989401706199,0.0013756022068666107,0.17098902572610664,-515392.2371772949
1664,0.14075396155320993,0.0710719740711997,0.1190999411820236,255311.01656327926
1665,0.04470882016784668,0.0336779297290752,0.09422982702774457,1429794.2596077179
1666,0.07063756594419217,0.12304601010705843,0.0436298369122063,1125281.2420493872
1667,0.13258554011212373,0.15337230406056265,0.033327228605694884,-130253.69898418992
1668,0.008771656683583196,0.08791747506026776,0.15480481719848743,761581.0950394444
1669,0.13015596711482855,0.14037634408291827,0.08056786799867369,826351.3522059454
1670,0.04698910905061398,0.1063557686569219,0.04087313874983938,1833346.3335203668
1671,0.14524573939701316,0.03939329119189541,0.05825265334286829,-267688.68218586355
1672,0.10130895566460107,0.09734198682869899,0.12016987528140588,5156868.904970413
1673,0.0874889200999834,0.1838946617020183,0.16798681883943767,13638712.187422773
1674,0.1758226902473277,0.12590331428068752,0.1270015831721613,269205.38109375135
1675,0.12183973674318974,0.08697683088429126,0.06442120021345253,48562.03729178003
1676,0.11840057748977406,0.005106367427690062,0.001491286284760607,-266904.02456818084
1677,0.17032836525934972,0.009284808955524438,0.10495903006668361,-73101.53223734297
1678,0.12299755258992902,0.039634245924487124,0.17914616765302968,405165.4873894193
1679,0.038019154349675004,0.17690299747333493,0.15259805386660705,5926050.668325802
1680,0.04814859070483879,0.03014883325521871,0.06324654203724703,836118.6031118982
1681,0.07959011325405495,0.04915693529978469,0.19977830975088465,1564398.7209770223
1682,0.04593046724791621,0.1661269653965714,0.03182354941809456,1432537.8467130968
1683,0.1960489250551895,0.04510469165661697,0.08433771095671845,-162459.86874701502
1684,0.1117128133535813,0.024057143031218666,0.16336401349582028,215340.0709015867
1685,0.05493710653616597,0.10985398032033276,0.10992676213864938,7252222.955979321
1686,0.12052813046515701,0.011097197304862938,0.03372375236631358,-268974.40204191394
1687,0.03223844858467284,0.060410251883170375,0.028982831371667975,650766.6553077286
1688,0.18438426415485795,0.10259089010226015,0.12471502954053688,133110.4185126183
1689,0.07149763507962417,0.05524922820678231,0.1006354340464426,2375989.16748932
1690,0.05886459496696672,0.06872918514595286,0.09055017485417144,4474375.504838336
1691,0.10114673743687111,0.19686280235636777,0.0446645176323881,403672.06689306773
1692,0.09759523297652944,0.02990234789786779,0.06999984654159452,-59109.42291703916
1693,0.14346214374128086,0.034892428752114915,0.11627026151000863,-69204.7722472729
1694,0.08334020471360144,0.010315908880894599,0.18661504829568892,270996.43840844283
1695,0.08272062805857727,0.15678530715023326,0.08326269774636007,5759526.804532167
1696,0.18747206431575691,0.0580940668857795,0.08244612993753937,-76304.9491676025
1697,0.15177284805185728,0.06873346305617138,0.07287141426703587,-110606.9019017538
1698,0.1989646346828447,0.1111229051380704,0.13787609073402962,156008.82916102055
1699,0.12869244683072198,0.16558482943131447,0.17236501988834863,16719007.978558451
1700,0.11265122649406192,0.05891121499327987,0.004560049514993891,-402917.2201726987
1701,0.12288065021286404,0.16509376665312392,0.09010796110233191,2177034.149026609
1702,0.03294122809817286,0.057616414587128184,0.10199778590237292,3085186.934858696
1703,0.16733624379553333,0.034350629213684127,0.12242997514190285,-47234.02734767603
1704,0.1506737227901091,0.18720950406696465,0.023340738335771882,-206133.36185960163
1705,0.18527832683291148,0.1202935070348959,0.1533403174864572,622061.1473074959
1706,0.010754941913711092,0.10122963112811903,0.12452593481615876,1196430.5024422805
1707,0.06136676797456804,0.08633004162025054,0.11085962705591962,6848122.576753301
1708,0.11050958795459598,0.008372305081367616,0.08789635331577848,-48018.991825724246
1709,0.04276363095844618,0.18333901561706997,0.19531599802466681,6996974.907009227
1710,0.05992937927041382,0.03503707945021175,0.043900830189668616,249134.45858470298
1711,0.09555045107059075,0.17490111982263568,0.10000724298752793,8045557.113755854
1712,0.01107841234305953,0.007977120542628802,0.04547818912456972,-518204.4477450987
1713,0.16855425552188577,0.1242961115070288,0.1125915707572583,353088.6355313278
1714,0.06379391851652842,0.18588508100923748,0.0662356489924265,4526115.339415845
1715,0.16698888253058936,0.17918070359517682,0.09666700264322735,627320.1972067598
1716,0.17885785389614853,0.055360657478209424,0.13168668523665517,-1997.4997722197745
1717,0.017592749704877255,0.09478684281847878,0.043466360431669585,1162688.3060513765
1718,0.012552655586120577,0.0007451016155241464,0.06495042328816168,-695099.938227119
1719,0.11790611890735257,0.09104606953023148,0.06035385970389922,63868.0051379211
1720,0.19824000615525023,0.18790500799593557,0.025130661367499377,-113578.10416504306
1721,0.08302148533369896,0.12976938679872216,0.14669815950598736,11420315.376479948
1722,0.07327443098189808,0.14925636254706953,0.02483000258213566,307659.84537781595
1723,0.06636252505154094,0.143286635151181,0.12513655805207502,9504770.614809034
1724,0.167442042972331,0.009371404533431016,0.034878343564609705,-78041.0644717479
1725,0.009698916454393292,0.038422844849842264,0.0008565621265870017,-1120133.7096305697
1726,0.10084206033577325,0.10566287911365109,0.13157835628119896,7761040.0821944475
1727,0.07698248944020869,0.0006415381370368013,0.13477823088152743,25552.550583567576
1728,0.010858217549582517,0.1732340861635488,0.004530797541587472,-912613.0497614255
1729,0.1060950246513265,0.17898357647710417,0.11449791515775604,9415524.7725007
1730,0.12168334930878599,0.13632216966748115,0.024481769546093404,-320825.69061162235
1731,0.1349854201621119,0.17607097640256306,0.1948441665670633,18773531.11233148
1732,0.08861039987166941,0.06890097033550938,0.1506619231192634,3170572.385046723
1733,0.10857485761906292,0.0514609308910061,0.034431576993940595,-322299.2207166715
1734,0.034046060118548736,0.09183540732123041,0.03402488112313003,1292475.4267594765
1735,0.003943788802297155,0.010417754993938001,0.18597690879059314,-1042797.857730915
1736,0.014592268232027151,0.01463613811619191,0.09023768910670649,-190740.0271056065
1737,0.049020056467006516,0.19253877043449955,0.18219716789956086,8082215.622795968
1738,0.08094864973425342,0.08974630388325185,0.07502273061511405,3253068.971688578
1739,0.0075732233286256445,0.05856936785094174,0.024534693922396822,-618988.8009553612
1740,0.020474066003024552,0.11217231458727757,0.019752971542712452,75362.30413900704
1741,0.02058626475905272,0.09610274296386973,0.08845647302452775,2473276.450371006
1742,0.027526957026473876,0.0008898049617726,0.03859488835356877,-488468.0197065527
1743,0.04717845083640815,0.16004968872177353,0.18308767010544302,7629554.309588822
1744,0.08118887949759396,0.08100534530019557,0.14249625675197336,5559531.437297147
1745,0.1253844031409378,0.036828037338681834,0.021537824459172274,-274025.47645999485
1746,0.08752237813101016,0.1129656726325526,0.027741520631761853,27273.310730589597
1747,0.05865469868168891,0.061188599286114975,0.05225964020483281,1643370.2272947328
1748,0.09215225325835821,0.1306127168639477,0.10187797672319848,8072988.417248767
1749,0.04029131244946885,0.020587809409479952,0.1643740925797401,832212.6984048357
1750,0.09586093654355715,0.012427836826775441,0.051624299929911605,-273598.90911654604
1751,0.16080675567683098,0.15034526495471,0.17516332657947556,7686690.426685618
1752,0.12041756520033842,0.08458118687161101,0.08532699951089014,515447.48058611416
1753,0.03880000889858875,0.13015979230357638,0.11701375121857081,5585168.905490531
1754,0.03097288228576718,0.17713258400907497,0.0736936406621194,3576941.234629133
1755,0.009947753104213697,0.06557618415595677,0.17397134294231517,734632.273389514
1756,0.1833913171723569,0.0980796834519267,0.1912679880146836,745869.4721041623
1757,0.17504836184239522,0.16504614341984508,0.1719420129364412,7607248.025014926
1758,0.0763750824337647,0.15129378815110872,0.11546780061522986,10044853.295386815
1759,0.14393680034806133,0.035557221516154924,0.1462787823549884,60272.116175377094
1760,0.19151848683883435,0.06053266447628591,0.19723226479112543,152864.7842994628
1761,0.07567520296107422,0.03994469940420658,0.02245724596004768,-349273.34430567076
1762,0.15699238265763557,0.11096508007531368,0.06142625873240577,-122358.77668773095
1763,0.12169007395875159,0.06642023756820095,0.08967155146569175,138306.53736854016
1764,0.17253282515061824,0.13363329537183297,0.1524803679409433,1826347.1630608116
1765,0.11669871029391526,0.19827960977712422,0.04828201325817854,225104.04191813048
1766,0.05245823214376295,0.018511787747666576,0.1108039004141421,123353.66812167512
1767,0.12267184728167357,0.14519231457976398,0.06708918518985221,669609.4468596542
1768,0.0024513603730054404,0.126445907417664,0.19973909850407656,51646.67539250416
1769,0.0589098707579985,0.03678689049380395,0.05635339156527064,766133.3880893909
1770,0.08508309495540944,0.050182585790512935,0.06939200507350599,449522.8701139571
1771,0.12764134771587252,0.06900559736852295,0.07921178895673094,78557.16910288787
1772,0.00800625255985279,0.18358850032457397,0.08137719198297073,542643.7110945354
1773,0.06562870320695886,0.017296839249076903,0.12683664307903672,226093.40460008493
1774,0.172764990052751,0.008230640010480062,0.0290544934732071,-84956.3525521138
1775,0.02927796577724147,0.12045497106955859,0.18424610054367377,4282192.475917701
1776,0.08755367341310193,0.06876128963877014,0.15316813711933827,3297692.4282505186
1777,0.1485138123511303,0.04935122785544193,0.03216527246157721,-203081.29904622736
1778,0.07156200648307127,0.15512067844532626,0.13901267798299566,10600670.158536013
1779,0.13317074127124104,0.1658857120326408,0.05542606246827875,-59697.192933154925
1780,0.06793674509390202,0.008467890121835199,0.1737491551607067,157417.10661919034
1781,0.11648594698443562,0.059624458376738666,0.01388330628987311,-260090.40982621154
1782,0.14468190063249195,0.14974750390981223,0.13323573042300452,6425789.577118153
1783,0.04075619418934591,0.182643211701721,0.15063160380417528,6472062.077084661
1784,0.13155126471679407,0.13018878468435752,0.18087154001832825,9169268.14392202
1785,0.18566142661942475,0.119127483602048,0.08333388219250969,-227959.79977194034
1786,0.07274679591188325,0.16381576821614452,0.12892106796686673,10392687.82801175
1787,0.01545320605073073,0.028437202603005442,0.18003717902096927,352196.6162462502
1788,0.1768996296209002,0.19036648973949377,0.08557019346566475,328329.9986643278
1789,0.15681218152814144,0.16564500546286431,0.06313938116763862,33043.65679263489
1790,0.029067542245428447,0.1994052723278346,0.00604384075026998,-335582.39166734426
1791,0.1194671837422886,0.13004245483634178,0.1363578683939297,8209113.518902684
1792,0.05112554879381795,0.14431584885977017,0.04327991265625311,2165689.7265377333
1793,0.1658076511503365,0.04382333481692691,0.1393412058152155,5276.021393915833
1794,0.15668269716679517,0.03778915009243775,0.04759729752652056,-160592.82458616325
1795,0.15582074774687338,0.01719979432699057,0.03815219049333283,-147627.02509387193
1796,0.09110618123798304,0.18603638574895412,0.1123755669786021,10173094.991681263
1797,0.0775355696416451,0.19567404444449532,0.09274226124425772,7503974.2672446305
1798,0.08674699473749642,0.0823288633775447,0.06243601452135925,1270164.2235148435
1799,0.06513896194751688,0.1375674119858996,0.008167119468376227,-467040.57665314636
1800,0.1363633451292638,0.04024089962517457,0.07684160064089858,-143410.755949859
1801,0.0293077945120664,0.11055020881449396,0.14587008899042794,4172915.8778603207
1802,0.07093111521127293,0.03268331550805259,0.04530111638623511,73836.57407931804
1803,0.1636225837051145,0.05352974701197049,0.15494051860224545,148977.93317205147
1804,0.06623988136124222,0.037746510868592514,0.1454617119254862,1073398.7367324068
1805,0.09370900589504134,0.006255450254961281,0.19198848386887973,105300.88217102784
1806,0.029550689014421483,0.07068139529061827,0.07695892699914147,3164378.4640965415
1807,0.09788597985168267,0.15708880446683415,0.001218055935025353,-369648.48357253626
1808,0.18649441026721494,0.12919789204060225,0.19012977582978713,1570640.3520285438
1809,0.16347790748329716,0.18556764361664338,0.12020011018713561,2271904.084372063
1810,0.07146179657543497,0.08858281262272075,0.13160646207682258,7048489.6009635255
1811,0.08538637195326726,0.14633455669355785,0.018369603216005916,-235724.24491197013
1812,0.16599732979697776,0.04083772792840084,0.18878952190494452,133316.77430052828
1813,0.031109159987453585,0.025832839220479565,0.16237522211747857,1038543.7218457152
1814,0.1637403655406029,0.14775188397624947,0.19210609278094093,7702836.692125185
1815,0.05410792573708321,0.16532974779805754,0.07040810600868418,4799669.1213388955
1816,0.10747972511386815,0.08912000594026576,0.0011700045347214471,-384044.1760240656
1817,0.11489243870783156,0.1495011775527906,0.034910476715054255,-236771.33063681034
1818,0.1863311723786075,0.10607990788370077,0.0356492006302187,-231914.75836780513
1819,0.12918951418337707,0.0383845417030688,0.012706669659067284,-290853.5192189247
1820,0.13706304848384845,0.0221389766610989,0.021243489675287067,-227769.92036151208
1821,0.14798871263636268,0.011040446641614233,0.16195383580959094,47886.008807306156
1822,0.15922975172956555,0.028278685615553203,0.10367612945539378,-105690.25841695779
1823,0.01932509819378847,0.12651424395719743,0.012586002594109314,-105031.71233668926
1824,0.18889617126454947,0.04154614707391633,0.13657893118972902,-145325.18227132008
1825,0.025658284875422013,0.0419192896653553,0.09018992977667413,1617058.4603301575
1826,0.11461922826830324,0.1997726480783366,0.005185245618188828,-221881.47847197097
1827,6.288392881739214e-05,0.0700734189429896,0.07323127356048398,-980462.7643034026
1828,0.17676744721972634,0.18251650953946041,0.17610499527186377,9862102.514031375
1829,0.028635750097209558,0.0824209670362147,0.14917703245900465,3511544.492808392
1830,0.06252221355684828,0.13264760570211026,0.047428572638218404,2098493.601198759
1831,0.06468385159216161,0.17208592986969679,0.05010180721779903,2554488.2389989253
1832,0.19286481737697259,0.06125191218736939,0.004705621964655471,-123123.28846989869
1833,0.050980180760514096,0.03424098844868515,0.10136539324350996,1504796.5727901412
1834,0.022543213265572005,0.12520977544908193,0.17497981411129893,3343542.483733445
1835,0.07250377636074715,0.03369854386108089,0.0800049991568826,275047.4099500243
1836,0.15719336429012543,0.11829753481591912,0.020228642665520626,-170471.460019402
1837,0.10743743086540668,0.09361707629111865,0.06542245120423229,731910.150579158
1838,0.02203211921066466,0.196222387124055,0.03520866397865113,1090422.223135594
1839,0.0385485781581491,0.02911653842044717,0.11403860773978763,1199686.4792862246
1840,0.08873391489654009,0.0499114364053112,0.08588467660430564,402808.1811785446
1841,0.13470437021234358,0.05634010629972604,0.1830491552060761,649846.9467522344
1842,0.061269247435541165,0.03963580616457066,0.1909135693745629,1372900.3062989179
1843,0.1621121220236359,0.06862752496869311,0.1682863702287752,488626.0303730879
1844,0.10376284983076,0.06935049965221256,0.16792231790784287,2017006.8131281647
1845,0.15043301337288809,0.05957496852862117,0.12133570305159476,29311.323094136813
1846,0.07387804470395945,0.0002103945120776274,0.19236314828005588,39530.77118442907
1847,0.10992581521456735,0.11968652033315663,0.119978285135459,6725866.473666216
1848,0.11012829216388056,0.0580095689547187,0.19431522498161125,1170933.2473820262
1849,0.12433368250305699,0.13418427211079229,0.09095855146340998,1781970.818890455
1850,0.057572280098156514,0.01286979643498587,0.07004603931357725,-208383.93958115295
1851,0.03521948585367842,0.13241765365140237,0.1758007769605439,5484376.591980219
1852,0.06055097164913046,0.06657652508280931,0.13407290076580233,4606532.791140949
1853,0.029854286848247272,0.18588748533553984,0.07276935620509661,3442929.5510208798
1854,0.020239889185354933,0.034936800984128304,0.18654921520149162,805328.088910195
1855,0.049423857673804,0.13245376076625728,0.031233044707653024,1152281.7672884772
1856,0.03882033846975555,0.1758476437799955,0.029606644020512364,1356198.0400948434
1857,0.0037501173472558325,0.10024663790525526,0.17254536265258694,176944.71676275478
1858,0.06519820908312494,0.025632454129142102,0.19644616591312758,555537.9819230844
1859,0.13534772589788266,0.1701381263896313,0.15042765446578477,12968748.792312184
1860,0.13964845479783802,0.07691281342618406,0.06486799864072788,-126321.67647140208
1861,0.14339171917889482,0.14334260163544604,0.19011767680981867,10841310.322559739
1862,0.11373196356966447,0.058924221157534706,0.0979057598660955,205705.5861659815
1863,0.12274276334518384,0.0853459599153825,0.15822662467190965,2173743.404394514
1864,0.11692264244316755,0.0018871455255301097,0.11396797764640171,-143785.82040121214
1865,0.1267207571883722,0.18305225030881414,0.08274433473283771,1584193.666879606
1866,0.11489353185427167,0.09499949014287479,0.10633128569377709,2615719.2041583355
1867,0.013460814133799293,0.1794567335066203,0.18208246796632513,2054513.9251737045
1868,0.10961192196852654,0.11131110314418911,0.011511207188790907,-370217.4972232183
1869,0.11959010262395137,0.0858303579758325,0.14180872604688746,1888982.036939668
1870,0.009424983319114478,0.14217753654589796,0.05737876476646278,376688.90432801936
1871,0.1303410660906216,0.1254251950624246,0.045368296926446505,-179923.38009611168
1872,0.08809046904325335,0.1671266518106649,0.12111832871895478,11329341.53963021
1873,0.013747660395682294,0.08858176626416595,0.06235429175558341,896989.6199484215
1874,0.12832913578232655,0.12291278825905216,0.002079620302028107,-349793.8206139034
1875,0.1215391018836926,0.14696993079698736,0.1537460064803151,13661226.848965082
1876,0.011795154077992233,0.0607316834219738,0.08425471211030477,773551.9525952494
1877,0.03595434155898236,0.08414677423300197,0.014225907165118469,15335.312836020008
1878,0.022643456601410317,0.1337389525686839,0.052514492232031,1875933.9813530508
1879,0.1422811694959145,0.009621705603333598,0.11254061060870058,-153935.48354262116
1880,0.07828973271736805,0.15939427838309306,0.15679031604111238,11862095.119977463
1881,0.07511192849150164,0.12454280281754287,0.04550977376389762,1121229.9246143522
1882,0.11608136723608405,0.01625293878950449,0.08692085682372203,-149326.9368464976
1883,0.03654553630762183,0.17667623641830454,0.08898016359336636,4695195.28499315
1884,0.11815474972750697,0.07207637206600208,0.057748207047960576,-58884.867205677394
1885,0.04058395661230672,0.18237431653340394,0.15989315648539054,6598973.548254364
1886,0.026652228886206178,0.14934497525835966,0.08370615540733065,3301478.269370346
1887,0.003079330992113971,0.10567346407524442,0.02600928801697322,-1060776.3891474453
1888,0.04198686261871894,0.1392081922848186,0.051428407428239224,3028758.181466102
1889,0.17837764036836334,0.131433951684834,0.1664566969821618,1865975.2221892981
1890,0.12303790766603682,0.17376991820440318,0.07233693500443004,1044252.6249808088
1891,0.10982811537711595,0.10317808008886671,0.18075814161559411,6539322.575032323
1892,0.03298308172172271,0.11561215263733848,0.1508862388453961,4874319.834801378
1893,0.07400995210673207,0.17351630492319528,0.07460295341554682,5332469.536961808
1894,0.03466175197918322,0.11680967108100636,0.0841136020074625,4208261.86221548
1895,0.0030380209364009093,0.013967718498700644,0.039055436041318004,-1311637.6858772053
1896,0.15386599190363048,0.17840790320674968,0.1091281748028445,2016724.0224731981
1897,0.021113092502824695,0.10688379044836921,0.171121092119389,2977509.5764755215
1898,0.14989552582451793,0.058219632739474995,0.024778121857671566,-255528.6119597171
1899,0.1801363399524486,0.17081774932644223,0.01074307302904516,-128661.21708053825
1900,0.16473489796491286,0.0194425275569879,0.012656726680407404,-59989.40696222232
1901,0.1517201794292519,0.10726212438499161,0.08290960481806378,103619.88947911582
1902,0.1807724391952044,0.16786071441355077,0.011524694309411321,-53445.59712853906
1903,0.12321744838823448,0.15445348064149167,0.11009811595499042,5988733.867029957
1904,0.19660109981523766,0.13720950092950965,0.020828602539405064,-156980.52749984452
1905,0.039659602399990695,0.1652491242398924,0.19935133462886,6324809.523287598
1906,0.01966785337447794,0.02006586356900968,0.1526774108286567,263293.7473865305
1907,0.012870856343307913,0.013712023212969493,0.17776329660193252,-387633.93674618675
1908,0.1600899624636902,0.17631263997287647,0.13010268042655074,3210217.8274709955
1909,0.06450728438777169,0.18126263806655823,0.059744704994886356,3472180.6688817814
1910,0.05510216789096987,0.17728008383855426,0.13616451849864158,8529737.01800289
1911,0.17913441694184856,0.03118025785079448,0.1904593595531263,108458.58006851646
1912,0.12254843134006542,0.13360700881868554,0.18281211606529033,11909824.492812067
1913,0.07615059493892573,0.14391499893917245,0.1280681242248968,10565510.02207512
1914,0.15755054377319205,0.17938855836666145,0.13601217108601893,5261086.676144512
1915,0.013527910900612873,0.03662806916995605,0.19079563645341682,545496.3064894233
1916,0.19373009467544525,0.19348266273967252,0.0073598800800235955,21501.825523531737
1917,0.07648963358988366,0.15193454079759922,0.15057716073156618,11296027.723001592
1918,0.017181780989991704,0.12189777741790381,0.02857392370817149,294673.27211891237
1919,0.09864186657355867,0.047937140168224306,0.010632234346945536,-408861.15409579675
1920,0.016003885105321913,0.18217858994598166,0.1489291928403068,2404819.217296325
1921,0.1863647963545901,0.09399798646671054,0.08265849979056086,-115273.23847572342
1922,0.07168145850041911,0.123261419210418,0.07031187739426673,4336788.08345169
1923,0.14925464679640124,0.16026346524317245,0.17516891868587622,12703594.007434526
1924,0.04856018604905546,0.10540440985847509,0.044688923345967774,2111532.9617781932
1925,0.007511164684068228,0.14156506083396755,0.10979625478702493,700329.1029577197
1926,0.14478545591061673,0.017524582281307422,0.1991052358123884,45304.52984838057
1927,0.1988697133894064,0.09299996510070255,0.17321174303676723,202340.7334416267
1928,0.04871371116111137,0.1475132322446594,0.17584517136271316,7706942.741297844
1929,0.1629332532161557,0.1623548156482315,0.09260532641777303,495041.6191816741
1930,0.16399798955575456,0.1381409626042601,0.026490279628840874,-55280.54283532323
1931,0.022836880812904026,0.154384427186928,0.12509281775458478,3299337.371293711
1932,0.10387522343827549,0.18145235816976565,0.13191807137424372,13018837.907383466
1933,0.07922934901766004,0.08278636163523677,0.121048872163517,5643567.652839251
1934,0.1520550569372697,0.11287066138982482,0.10175217644383594,361401.2703635007
1935,0.14538014053083637,0.14105290998140727,0.16606936812271222,8405487.040571246
1936,0.012510357255458883,0.1509904264163958,0.102752090190338,1506062.9166351075
1937,0.014938624006630374,0.13580200563390396,0.14330803880038856,2139093.6560865217
1938,0.1047254339089369,0.15875979552995256,0.06004962172586031,931730.0013580975
1939,0.040381443706287226,0.0701467903486557,0.0820101026591955,4148777.608627846
1940,0.13918672048043376,0.16910398757564554,0.1441836380157353,11253426.655093534
1941,0.0347975118139203,0.07324341696005147,0.0316827426895556,1220248.0817448087
1942,0.13734483991161026,0.04963437564337883,0.10507738657036936,-31360.3647056088
1943,0.15836596863893687,0.13418785498432304,0.05967479813302654,-153287.6677710687
1944,0.06657335012326818,0.13067285732060638,0.10989354986798883,8792677.62022718
1945,0.01927869749400888,0.17479831785470923,0.10252264961072573,2570787.8548035705
1946,0.09467220263949308,0.039687867326452464,0.07539876379410747,1469.9272227540255
1947,0.06656497246301983,0.05414713656588537,0.11348131492935463,2800875.6803638516
1948,0.09245507205605641,0.17783953706293346,0.1882687954094322,14746376.351414075
1949,0.043894685845618175,0.020021085753442105,0.1570675102975499,501572.72551444796
1950,0.1989722807277218,0.17272001397083084,0.0047394804237469446,-114078.85002803875
1951,0.050252710141293205,0.008668455408252784,0.16415587540823331,10059.595201656211
1952,0.11628139525846326,0.10274370823341078,0.11088997639930552,3980666.0180325136
1953,0.05049025173931823,0.12032767382777257,0.006133395692805999,-348736.9625709986
1954,0.12920234479416792,0.14688676603576617,0.13460525274236543,8538045.57773079
1955,0.06642350366244405,0.16525258302550855,0.1431087994234964,10126551.244480116
1956,0.025659464584855574,0.03902884410766301,0.12742168263564774,1533413.2809961382
1957,0.05788322671120523,0.02388658828924739,0.030993798629978444,-372263.27926422335
1958,0.03312343610808013,0.09555818136367644,0.12147709068589947,4540020.426757155
1959,0.035280454970882995,0.14249932207264424,0.05620252150030569,3108824.5658222786
1960,0.06231162767879217,0.04469972421482152,0.15704122718863822,2354161.07400666
1961,0.19196276658737543,0.09849996973561854,0.00840612828639844,-102698.06766577592
1962,0.05211386328509518,0.031610058223769215,0.16855245697040358,1244579.9840197915
1963,0.016970797486641032,0.19329524813767676,0.1177027553249252,2226953.238022845
1964,0.10354795741483265,0.16947012448383736,0.005509524258291232,-367831.39646376506
1965,0.15543054988140192,0.023320809113703312,0.16815561978808644,-69828.24466630009
1966,0.10583524384757237,0.012225880472018358,0.1666490077602649,173622.73006572443
1967,0.005462823414250329,0.027674138578720697,0.1595649047653258,-531318.8930095816
1968,0.0929742247715782,0.17627774087096676,0.12708585455821672,12029395.447803074
1969,0.1247057508740816,0.058447021226402975,0.02673610471034671,-219977.64479259276
1970,0.19223447817933653,0.020959537828679032,0.10580212001471352,-59329.01888861168
1971,0.05451371816695605,0.05282813271629094,0.11891724386056263,2924867.839881725
1972,0.1595868234357738,0.15543589656625575,0.1737603378387107,8895611.751698148
1973,0.05858054758247342,0.09315027634301476,0.0018669146440049912,-618203.1494773424
1974,0.1493715246272731,0.06046862242845661,0.1122987066540373,104712.40214943736
1975,0.033860056403890136,0.1638799014268657,0.16345444385565555,5274106.112250619
1976,0.1754905829505911,0.009187399421344567,0.19849174195500274,-8787.753366588393
1977,0.04955588288793891,0.06188673720946989,0.049867145838089225,1733645.7918267623
1978,0.05350653967330648,0.11053227122072934,0.047962108860755914,2417103.5577417193
1979,0.07875426228008096,0.13112131648864309,0.16720524071554538,11383327.69248424
1980,0.1385483000533759,0.11886456895746465,0.02954571250821374,-151077.02385129625
1981,0.16322312030825653,0.007454977598607738,0.05283833264706042,-140689.13821603078
1982,0.01141178338639224,0.1334857951168925,0.0736742165187029,948767.20578264
1983,0.13040969664097335,0.06940619186071806,0.09114814615989884,150093.06253900967
1984,0.09159220203323618,0.00911613073350892,0.08604530526920072,-201060.00942010048
1985,0.12821287262304054,0.10921044921508677,0.015056753255657453,-270074.473122067
1986,0.13361119713734979,0.06177255098305219,0.002886960555804419,-257280.07273956336
1987,0.031119111416849046,0.0995119314633119,0.06208033180601374,3225650.4975259355
1988,0.13887660275071018,0.04813069511315289,0.15455923369503374,232347.60868093697
1989,0.05729543627879599,0.12417274151688314,0.15984327605023604,8531206.107232207
1990,0.07711122572874979,0.009360988363094092,0.10708910421177618,-12581.222142068287
1991,0.19908181230890007,0.19379837327538274,0.04420443878883365,-40956.657291369396
1992,0.15113930188485047,0.06899036636401319,0.0320544960366183,-260927.24856545567
1993,0.13318294012049867,0.1001737459053538,0.10784611153113546,1153853.555978913
1994,0.1654785324471017,0.06730873517748462,0.1334189519111326,178091.5665039245
1995,0.07323829339252506,0.008544779316085839,0.07560302146726978,-178315.15071406687
1996,0.19000689264082693,0.09665249641768342,0.021646087367373636,-99271.9324471798
1997,0.13756536587524518,0.19267586994370425,0.18158904930885145,19076679.626458704
1998,0.11439216756162773,0.07525614886970625,0.11613553370184809,1122606.4284169294
1999,0.1631862124398499,0.17224746840369087,0.16376877698848824,9186928.330304423
