,f1,f2,f3,v1,v2,v3,profits
0,0.03869780242779817,0.021943921987602616,0.04292989599556912,0.022773818922086887,0.005942899478511499,0.02845867133693882,285071.39823699003
1,0.0348684014529682,0.004708867394382477,0.0487811175818378,0.007821441401668261,0.0030479166948927995,0.024933391671443046,-261969.34921956892
2,0.03805698509951765,0.039303215263847696,0.006405681633777294,0.0327686725023314,0.04270736532031966,0.03914177769771518,-449970.29204442
3,0.022519296894778357,0.018539901211629062,0.04633824944243009,0.042862025637827414,0.03800343854104453,0.03516196984530697,328352.5439294901
4,0.03219325600403323,0.0411380806635415,0.022170709941366558,0.0005068784570349816,0.03130511559046053,0.006024090206955885,604864.8969655153
5,0.011361936089238845,0.027729239350791742,0.0031908628052087665,0.002933356616627053,0.00782060760528277,0.041164608072087515,-751814.3939710382
6,0.04138155859962911,0.03158321995610324,0.037904387004268694,0.03719246965500107,0.04743862026026062,0.04894881293252053,883518.5921599407
7,0.01772629840649342,0.048534901219745165,0.04465605606610989,0.04466419931869911,0.006646302548849958,0.04391913704624902,1089285.267475172
8,0.03891917485368809,0.00973193539259838,0.02333605018635171,0.04193185673943227,0.04355429299298487,0.0075842808558245715,-384851.20067399874
9,0.002190188289361439,0.007714474603377392,0.034152447662122734,0.005839591388665877,0.046190443979204084,0.008691332456725227,-1521919.518978289
10,0.03723810779539086,0.048375486621710505,0.0162912679069076,0.01843108655213006,0.022799242474703014,0.006222126391478223,-15185.464266440806
11,0.018522985301743445,0.023477790563790398,0.009473567954214286,0.0010317144016273704,0.04970452348835581,0.04383286224174806,-387089.32519540674
12,0.006496075266773583,0.02378524631129669,0.011345467452544207,0.045616896467531864,0.014228153463605925,0.011005078637271954,-781057.1657193607
13,0.033490699734125516,0.02185759594361654,0.041633909802891875,0.021293327908771333,0.022665968448900342,0.0002799719432120318,463977.29387215915
14,0.03501325510011246,0.015618332069102054,0.041612990069760054,0.038962655627991644,0.049833351907100865,0.02643454350510447,82142.5648320529
15,0.040238217874840096,0.019373918951508723,0.014416405196512206,0.019412934750622564,0.019637594661060166,0.004803856608605034,-385872.23839603283
16,0.03412477519874878,0.006987624180465491,0.009995410123755417,0.013308090918200588,0.02510663943173156,0.021592400056734868,-436924.73585230234
17,0.00036811348755027564,0.03934621887510692,0.03324254282960161,0.02725173728715551,0.04245328243187033,0.0112621151349806,-1081612.8467185013
18,0.035258268931316755,0.039036451551098396,0.022945788776916998,0.0013832090453155977,0.0019112722641370372,0.006708440265342919,113773.25488359346
19,0.028437059797644687,0.006989849906382873,0.005726503676798673,0.028524149240220127,0.04040924050189624,0.04434029696403158,-456032.5807419556
20,0.03342014808952359,0.02355481030715663,0.028261805324059443,0.03175566009874856,0.020157162622544675,0.007725735407807372,243222.13355512917
21,0.03824994287080128,0.03173591600002954,0.02767897003289979,0.020070916972173954,0.016620756695389177,0.04350129404285689,422706.6928271804
22,0.027960358037270677,0.01519750490313061,0.0015408917283969703,0.024335968870530363,0.011309794997726441,0.014440053340788996,-587702.0212952337
23,0.02183586946161812,0.01072923364097646,0.02042643218623181,0.006823508227134451,0.045929272453456564,0.0025172923118234273,-369577.3424731555
24,0.04267015366340831,0.011696974293267038,0.002915137084453301,0.0006423124277947112,0.009149446676343436,0.04054370089553129,-469165.00946914096
25,0.014069194601099828,0.01467968788833418,0.03309582573634475,0.026173339331554066,0.031292164368849316,0.01788658377078674,-192919.3310536184
26,0.027851607617063918,0.039194910455320676,0.03321567701636938,0.003433899277458502,0.04280790812460841,0.009594713606270372,806953.1110597505
27,0.02031934307200353,0.04070101923330174,0.008348645995385196,0.0016529600272557343,0.028635206796659686,0.004164461019230054,-421680.4437779209
28,0.001135603656693024,0.004502393038782088,0.03611796752982251,0.004788092592991711,0.04001885157412626,0.024580479465899776,-953885.691324039
29,0.02309386151256937,0.00806358895168009,0.02505223875516818,0.012075422612357152,0.01743132116797594,0.03646204894215858,-205796.11735943862
30,0.007615605135658421,0.034816018753886804,0.022307813778701537,0.003317707237830092,0.005824030796660495,0.030813101749528483,-770750.4619096017
31,0.019051061304824125,0.015075604457393827,0.031514129655944426,0.030348586723355366,0.048623109226768595,0.018727474062772483,-103634.51356661947
32,0.018090630527669523,0.00438249596580505,0.005900295106025766,0.0032538813588757934,0.026876871742481396,0.03191734058808952,-489912.35450239276
33,0.04809488322747573,0.04542903453538036,0.03498535669053748,0.006980139289312454,0.027643098676759837,0.009888356082913231,1063631.6214251725
34,0.01329349807297598,0.0484588188673862,0.038937545198289736,0.042236502894053424,0.04175807478919149,0.02148145479992209,424018.1840769902
35,0.03584450945794978,0.022468075107189435,0.013612078092257951,0.0483371595256402,0.048988693722487084,0.006462554447380975,-303793.3500677358
36,0.004819548107674965,0.04513011982719209,0.022788814491680555,0.01838569024162338,0.030016073502332232,0.004241890479072219,-1036667.4124830848
37,0.010118168239761516,0.015297831207532626,0.0289609784470948,0.019132775190706854,0.013058604200829538,0.04760251104833521,-501861.57857065403
38,0.008838639146961586,0.04283071420461878,0.03792597649176051,0.020579291141573527,0.03813354292737563,0.01933526817560869,-56288.25884384923
39,0.03597314779754684,0.021604651988755188,0.03136544203512216,0.006590603520941774,0.043157576508042375,2.0845845155192946e-05,208199.7688971418
40,0.02920489844563678,0.032492330077741,0.004222216056994454,0.0027970436987225012,0.01821922029485216,0.03434491277593683,-548576.5553502947
41,0.020790370108530482,0.002080708693094624,0.024699540962225947,0.017085214764538788,0.003315640881048748,0.01589200168670744,-494916.03619899
42,0.016493060616639268,0.007226209443302345,0.0051701483861275824,0.012249042949508116,0.0002709899909098978,0.026740095659020094,-585936.6322951828
43,0.029382228608885605,0.008529648426844305,0.04625600591883986,0.0058322957372093035,0.014374814439833307,0.032059491511120725,-22933.211415916758
44,0.02905305698501975,0.017343490226741854,0.02954577457407084,0.03625578444114886,0.013172781342801127,0.0164596835532617,132087.98586619308
45,0.001140193551484875,0.04792796066207227,0.02411517184714501,0.012345461906373263,0.0478444300158096,0.009525986349370142,-1130574.5043768177
46,0.039136761362514316,0.004136499996121929,0.024332916541908018,0.009159030181683814,0.022251764791576603,0.009465317960028459,-489745.61405208637
47,0.024535349717726047,0.046891322748749145,0.02858640261880377,0.007835422814280407,0.004793976885054275,0.03200856240541247,735092.9625400008
48,0.02367447005284769,0.01334878315459468,0.01657844986712761,0.030604112745094805,0.032508144593898315,0.038665000400469815,-274258.80560451787
49,0.026033620123576892,0.021945573015252337,0.0010806039940165213,0.01631790063962879,0.04592118668059608,0.036660230553437805,-691092.8874221542
50,0.04131459620971789,0.04480803859198834,0.007012454449930539,0.04023542942905935,0.03604810819133556,0.01792278227162809,-337805.9795821403
51,0.027701807176952472,0.005428787056772178,0.03361200465199059,0.014151624403131747,0.02112585347895071,0.004851518026667923,-609898.1896020623
52,0.014061689191950416,0.03297113173459509,0.03634973071434413,0.022564025078297356,0.002157049154761992,0.00019729800135972477,-25527.09506542669
53,0.038432374595882855,0.005387047297794829,0.0458005922568804,0.04657494697373464,0.03446684302939464,0.02809234735329845,-276847.0401200643
54,0.01151069954474404,0.001870627808808989,0.02774262346957417,0.017055101971152894,0.028526900734253707,0.04457878881691659,-917062.7047542174
55,0.018546114193121938,0.04148948715662066,0.040412573603215096,0.03261900669719323,0.030124099897675213,0.023010225148583904,964024.4315703912
56,0.015856944641135767,0.047644969753487254,0.014545891907005932,0.0172848515325429,0.03492735569608559,0.04904904705079072,-247747.4592721077
57,0.02575285646158573,0.012798254528380138,0.046802178502448166,0.02123788467602951,0.01961026020071004,0.021405673618252127,-25637.639472846302
58,0.008230390879100907,0.0022455309696164496,0.021754853000151897,0.021277198402486076,0.04953123866842476,0.03533891287546703,-966630.0593418957
59,0.049618778202791855,0.0445838633127457,0.037430400972847465,0.017959222460529584,0.01857511869133613,0.021539846237202787,1009066.4742394043
60,0.044539624543926244,0.04467233198489316,0.025942918019322456,0.0018356093790224848,0.0263908201010625,0.04056904757613824,513673.0809957618
61,0.01579645259153965,0.038600621605549404,0.033083063158388056,0.03302838966037553,0.00992104233807708,0.0364017120689185,175085.99579690208
62,0.018682886443685504,0.0047233334030757634,0.0373394805674513,0.035972930316601516,0.013126960782449855,0.031143732842846758,-397838.94718288846
63,0.013123025796143235,0.046840657526688964,0.012048528750284239,0.03054745165609681,0.04198938119280908,0.006803615591672064,-481585.8871641158
64,0.0061378966205743015,0.04155563360624531,0.007664215831224702,0.009741925225576138,0.02429847518839026,0.0022072574446153517,-935890.9236510474
65,0.008963415407886954,0.029969139576042178,0.043728102041873225,0.02077970988008533,0.039410952099986164,0.007435719699199911,-54623.23096336154
66,0.009821733285728662,0.01551618364500474,0.03887024191205888,0.022997436846826244,0.049488461669122234,0.02529600067124322,-382593.762417344
67,0.04859132130304837,0.025037059310117116,0.007194875127562539,0.024916191206104527,0.027939679186208405,0.00930021851663706,-252610.88975109594
68,0.0006968143854100773,0.011482801499942763,0.006591110889326052,0.007358194134297214,0.033867731455755425,0.01978834049528851,-1393895.5591595143
69,0.03388293368064287,0.0060916252314265566,0.02531649658103165,0.014495331410773788,0.0015695809959948793,0.04230252485892413,-280562.2066281225
70,0.03471312178214433,0.02905583046104512,0.009988782583002882,0.0016164432922416373,0.03749915620416597,0.01909942794992905,-410349.68264130753
71,0.040206226309113136,0.035770356480790085,0.03694920019577709,0.02993439052523251,0.012383900034508117,0.007769983311603657,756236.21241344
72,0.006552887577865663,0.0061876901825172305,0.04637812755032539,0.026669400041747372,0.03478088474770718,0.009774664747257328,-1087684.2924319464
73,0.019878909691247032,0.015047434589046988,0.024429202267576666,0.02181794737162821,0.022232748514569786,0.010798957453973142,-266383.2642189923
74,0.03314321063817912,0.0477811628523485,0.01432231134410275,0.028252472312606552,0.007296784339085033,0.025487458665929004,157573.64343311542
75,0.04624042146560136,0.0012429745693128158,0.027759902116341235,0.005671575568299975,0.024277120442756872,0.015579952743777842,-367128.6683291483
76,0.03169875558405426,0.005294870187537665,0.007016979853195632,0.022612314604076752,0.02168746797215871,0.04539665614092964,-613288.7633030675
77,0.02095571596581519,0.048311595607159086,0.029802127661718643,0.02449677999782314,0.04092494519384372,0.011282619645585763,479691.38172032544
78,0.046651161080010564,0.04021804578064854,0.023369080077764576,0.01760413973171294,0.0037544690316595464,0.02103738974107468,183736.9475645956
79,0.039238172462609376,0.0008918391988493868,0.0054571998382867476,0.03343499435374655,0.04190835170546981,0.02829574558995776,-660047.1620038658
80,0.04147143074413682,0.03984085441625809,0.011632037098321685,0.032003633479653924,0.008863353880847408,0.0018603019116719688,-405247.7964075934
81,0.026538479529952676,0.030300791035000548,0.04338694768880056,0.039584407258865806,0.00835191037206432,0.004558476776637621,555608.0399169502
82,0.030155357866936284,0.020628578463684016,0.018709202170359134,0.046878116045329765,0.04817606820295883,0.030812864580124735,61461.109377895176
83,0.021294104318675497,0.03259655127899871,0.04337453158761625,0.018931863634364672,0.0416619770482026,0.010235997966770622,404310.06273462094
84,0.02269484410381499,0.012391978147567907,0.011833118149879057,0.021469616371484097,0.017850864950030087,0.04563499953708408,-459872.06491117756
85,0.037300714012172324,0.040828438171195525,0.005263903992706248,0.045988870768113685,0.03254429631618332,0.0055370070136345935,-398752.44649494183
86,0.003327942847758908,0.02972168318782259,0.007308662209634914,0.024109639482915127,0.012266418311202837,0.044245783159224096,-1390219.4299298602
87,0.04123320952281707,0.015516733696203723,0.0071935966485571325,0.006920139950810095,0.002715513793035368,0.035221451677503915,-598028.3425744888
88,0.04604852362437251,0.008276586136763908,0.014236004116896779,0.022664303748407645,0.04191824438015423,0.003731481558465588,-637729.6490930271
89,0.007680669759602932,0.0057745031832677485,0.0010574008168220018,0.040053806630392125,0.0018667376422079164,0.0014035005956978487,-833647.4959999261
90,0.0027697704582130057,0.008732073546792635,0.0026690966313587697,0.023065787586551485,0.01106456448403259,0.029685935350326532,-1136005.271330171
91,0.029557190805548562,0.03403572633997532,0.019681522841601413,0.0012908497105735218,0.0017694771181489266,0.03635742480859702,-115549.36223561787
92,0.01589955484760247,0.025226311851111505,0.04375024711173043,0.010508258124615583,0.03282085618303668,0.03749610807503793,24760.70798512527
93,0.0425565813411103,0.0021737531006395974,0.009074920479826205,0.002966558286248372,0.038487697723211964,0.013421060898064302,-488891.4149612239
94,0.011837243555219801,0.012469378791610593,0.028561632587138636,0.019477297909987413,0.004331959614765834,0.04193149916824264,-773976.0094498919
95,0.020813121285159615,0.0024627059963796996,0.01868070692297858,0.0280364393162882,0.02523326389235861,0.048427740545137786,-519158.6044044761
96,0.026187647435881863,0.005083595145185799,0.041672927689427985,0.01672528799703354,0.044538964323834807,0.035984394053230215,-90564.88134342557
97,0.002598093323255213,0.046242093450903105,0.0049556570789937755,0.04642640679261195,0.04539010263812299,0.04955149025130348,-1193934.9626042494
98,0.04217874757988764,0.045132657196380856,0.04897853402932964,0.006583837601857878,0.039800819604579755,0.04022471774737516,1468315.6888990733
99,0.04010129401367968,0.038973877038566446,0.03212416379977739,0.03221867640892434,0.013943047911910101,0.048257413581415755,598412.3938676469
100,0.038949817728906454,0.006727610420657355,0.026803401797381866,0.01022110689451048,0.024978768917921952,0.026074355640959314,-387905.8296361271
101,0.025711143509520723,0.04287860720612788,0.023139968279675793,0.008091467241801943,0.03612644111666204,0.004443358209011989,177197.98411698712
102,0.019254474805017675,0.031978163561855504,0.013323165875042304,0.03465488894233555,0.04243077481453185,0.01746982125411998,-419775.3774546848
103,0.006988420547697844,0.02389386370118729,0.020844468429744252,0.035471040429960014,0.00783870040739249,0.04229745007264393,-458239.7942675643
104,0.011628497026443686,0.018375590505756403,0.01831962249131237,0.047601584927661235,0.007634684674988845,0.03459297369861661,-300626.5377090718
105,0.016374778220627273,0.01897320398634645,0.03428716727279727,0.02529155482782629,0.026574966591618933,0.03532448593003441,51483.656539867174
106,0.014843823728564265,0.047442896335767024,0.045817400976908895,0.024437024966821864,0.03001631960088584,0.01154505097056886,698019.739032086
107,0.02404552141500393,0.01641806025023444,0.02677173949150016,0.018925329824431514,0.043262017503575105,0.00549512558241928,144538.81788051277
108,0.04242802443868123,0.032629367028005105,0.04021959139735387,0.029878763046681994,0.009214353111744511,0.0423269798961686,668405.7821794907
109,0.02663611380328701,0.031645881463381036,0.014407780709123087,0.02895219769267749,0.020152439133513556,0.012491233682590898,-186029.38575935492
110,0.03674465811551454,0.010120229656285918,0.034739906440924916,0.021842234959481722,0.047880616296087114,0.02546046448718103,48250.79293847191
111,0.04303595341629471,0.006605141865077197,0.030718987027095992,0.02347447658499301,0.03731369067501546,0.018952353541595336,-383401.3018935747
112,0.004754787411496731,0.03628578141357135,0.004224660941176012,0.021371197494039703,0.016847386578580953,0.00754598776646957,-1293056.3069463114
113,0.0467969911350313,0.0068703965018901084,0.047944012295454023,0.035690460710132536,0.04365154569418119,0.045279632462138286,-408658.2483571581
114,0.040044208804254834,0.029684100223317706,0.039131205231477346,0.04404014690188898,0.022589190121899645,0.014203309610159816,425914.98779327166
115,0.039755741949154294,0.04730135314086652,0.01266916769195936,0.03189618748004117,0.04773524559530159,0.03635253240843025,-6666.0449842538965
116,0.02950379476791546,0.0047524598782200615,0.030808285001206068,0.024742428079507828,0.03444042872567241,0.03862689562271985,-469847.0580706587
117,0.00856456520463944,0.028247530573622094,0.028621525701692487,0.04596346306640354,0.03816078769860771,0.02165952778179528,-248018.85779615978
118,0.023299257649061367,0.02613158877565614,0.0381961695003294,0.013680325923274207,0.024994083236479565,0.01640889723027359,436158.72829748795
119,0.039962235825603334,0.024607660778771457,0.029979672076130615,0.0471382296343907,0.025398292172498112,0.023602816798200418,416951.88321532967
120,0.046561811784505094,0.005986679425056141,0.005855178295005526,0.017409810907743146,0.03197034951458002,0.02600256393104739,-544189.8566690128
121,0.004385450595538421,0.032893164252026395,0.020930415039518976,0.006452446144912827,0.04346039054152473,0.017950641607189923,-810750.0356830156
122,0.03871607080709216,0.033561570665429634,0.016681887916411908,0.02162892149790771,0.010283352833178955,0.02766991038089446,-98393.42196571892
123,0.04491832736807679,0.03812660735353262,0.013526747045508786,0.03510275312142915,0.04405826603129698,0.002580383248613133,-362530.9334590326
124,0.0182096008886027,0.015721999010213147,0.007880582431249982,0.04866659548496892,0.03519088710101784,0.01421493422057587,-493620.10988612444
125,0.007389168627109583,0.046806373168787205,0.021895201859937666,0.010223737750698304,0.014804395932729898,0.04378628758332212,-839114.5759332797
126,0.019165991138870492,0.0364842854338689,0.027649653262645,0.01456950865979752,0.02314105672786179,0.03528690271211163,458751.0673693766
127,0.04680699934192312,0.03901507469546961,0.02396847820622702,0.04359949318619428,0.03292855811730521,0.03765545982672114,230713.10393858157
128,0.01881797367404131,0.049331577246216105,0.035888011800182175,0.00866633981479778,0.043870391384556943,0.013785959180905534,335204.710795796
129,0.04755973300019206,0.005923928860852069,0.04252668395953913,0.006418908202825785,0.048812214517033464,0.01008199627270805,-238471.29873421357
130,0.03185369419956038,0.006096083916755629,0.029412899998461035,0.006832598503898824,0.03130104500508933,0.015943157474804764,-413368.9349790592
131,0.03430481825527244,0.000615134294430142,0.02271589809208733,0.006667460259024666,0.030056055860793802,0.03794926136111178,-379509.71526633727
132,0.04126997555981606,0.014767951267204494,0.022927404089927557,0.03965991871035783,0.00777563005061362,0.027843353396997114,-298426.5050762375
133,0.02211570635339466,0.01509636957212458,0.045922094775777716,0.040683918534073035,0.008054350571209262,0.010384112588533745,33205.8936513963
134,0.0390647017715758,0.005529420549805525,0.04985173289187866,0.000120569871583881,0.026231707819764406,0.009734084843097547,-323742.0812354282
135,0.04396000121538726,0.01419542189320195,0.041844828983046915,0.03621212878634496,0.04811069278088029,0.010437774449953514,-165666.5386107537
136,0.005320976593569143,0.049955236523711935,0.03328423680532685,0.03245485058817663,0.01059172307292557,0.0009003429489852,-380824.34096215485
137,0.03250625077793985,0.004522036349206638,0.044851669944831266,0.03792770971072924,0.021700233832544644,0.047339343075732655,-242208.57747901438
138,0.0014499751602234713,0.012041402902057352,0.0071510937583317506,0.02671429410717028,0.0078741434487842,0.022488722089863897,-1545589.880977936
139,0.03883839703461093,0.009910211360644895,0.04553191135654427,0.010144589740300825,0.04390146363432873,0.03454515904437624,-347165.38529167924
140,0.03281345196637451,0.001808135524734811,0.00027149170643502306,0.01706194023273518,0.02639101614035702,0.03347400941065142,-771801.8429856049
141,0.0025828958507199463,0.030296258882386386,0.040074090542970765,0.03914288583227127,0.004007360493527084,0.0011259420997623392,-749355.2792805801
142,0.011927641031369424,0.04247044214615365,0.0028615970076630195,0.0057226348584944915,0.01974981550862815,0.023335330504104603,-623951.330783943
143,0.040048192682083816,0.04638977150861402,0.03860541995521903,0.00682308151069242,0.020557656894980264,0.022081139318091525,1113407.1055959372
144,0.034906039198931864,0.041899010932769154,0.002007564977353321,0.0054544981838743345,0.045832998009786706,0.02995729637938538,-524746.2172966873
145,0.01008910553595277,0.006246183965282154,0.025226549509649327,0.019426776522814104,0.025345359173610332,0.01570987432344034,-900329.6092850306
146,0.03725940641644223,0.031500592228819936,0.042556554988096754,0.04271655158222965,0.028750752078425187,0.024744790719677175,653333.5474727884
147,0.007760649622054545,0.03673105459675808,0.009652074543445206,0.04554427015477988,0.04189898491170339,0.04064009457129247,-573091.8588069145
148,0.013537937565890014,0.035495234864065195,0.04901023924493409,0.011280460211592208,0.007656155573417839,0.03450482598563739,490546.7200382669
149,0.03057718029885348,0.00272501574956478,0.030815448496376643,0.023432112817069795,0.03418563564784218,0.03803136160555582,-479271.43708918744
150,0.002117527579008355,0.04420728556834086,0.03547891425503104,0.014765675367237547,0.014232521656140435,0.024541578312909186,-617552.3840936947
151,0.008656392321125162,0.004586050291209904,0.00917666144401595,0.01367746567632487,0.03336476380080998,0.03733652229403584,-1152017.4262353024
152,0.04900135897770963,0.02292803212292449,0.0392040474170704,0.02360194730266222,0.03618998827993216,0.025521878453538812,-56725.73524793574
153,0.03182041710538885,0.02862065749793187,0.007256512733252485,0.035643586098350465,0.011248412389786267,0.0369421522966521,-334998.07212308416
154,0.04730122267790476,0.015067131625735898,0.02890086079037711,0.03575620117285089,0.013330285352458882,0.02779854955200875,-167656.63575735086
155,0.034988797229453306,0.03246165776226544,0.047029720484775925,0.04276558339372008,0.01247613234862195,0.036798989200733816,802634.2630404013
156,0.0074219494960029,0.025417636922347105,0.0202017195370383,0.04769833585734436,0.043312095987878246,0.02007600413401381,-374418.9335718764
157,0.023708436474130908,0.005960876309887231,0.006704730493638267,0.030360386649406924,0.0495885067126352,0.028421870568785923,-479800.1393184402
158,0.01390377728906287,0.015235230188041566,0.0213951606840675,0.00575138012151833,0.0022715377389380454,0.03951572548720142,-541408.8702423421
159,0.030549377351831414,0.03173145587091315,0.020590544829278513,0.021181416270092308,0.012340644531459721,0.01738360153304735,346916.03836985945
160,0.020439155471434857,0.0108814263348481,0.029415312420450413,0.03786864332732262,0.023262366781691458,0.04342497462629383,-155161.98214829795
161,0.015852045565861894,0.0018029917138681851,0.02092000220784302,0.03674627943888497,0.04870070752227126,0.04442518833949217,-503150.4945037745
162,0.023706633754508516,0.01127964341021055,0.028622896656105786,0.012727360589300457,0.03295296164012767,0.001027151726407194,-186365.1382249857
163,0.028288595021596048,0.03510010905551857,0.0323974241100605,0.049555336221479916,0.013050305440129828,0.0332397546811792,657432.1897963572
164,0.03262165282605158,0.015810707591202157,0.039371611099297696,0.04245768105997827,0.008023233136398572,0.04239396714052396,7065.523773227429
165,0.027457219179983974,0.021570909758994505,0.031300624047052854,0.0006122832895411213,0.02209885690427037,0.023601881126556923,175101.57538372907
166,0.018032866722512714,0.025636962230337915,0.03683528442411101,0.018704535662936794,0.02931923731502499,0.0457421174351316,113373.74257834126
167,0.04432014433618539,0.046052859864759585,0.025181646259154963,0.016349455715014456,0.028962994358321212,0.04387312628716614,483183.3087606888
168,0.026013755737028455,0.03999352053819183,0.015722534587210065,0.03864976975506891,0.0020366632402748,0.047139538206383114,243669.14548546914
169,0.04186911811725343,0.024707082325871172,0.00579283621676342,0.0023323452129306367,0.02943792371871648,0.028767681015758242,-506320.5595419781
170,0.003602957353647185,0.04209966055197316,0.002778395845343895,0.03931951153511581,0.007422152592448883,0.008968519603135189,-989073.4457528623
171,0.014030571806682796,0.016706502025077292,0.00864972225957969,0.03760534663691803,0.007475237620581255,0.02347225635328198,-535344.307019826
172,0.015694668490099463,0.037134628336254284,0.0007341421780035385,0.0365824045105466,0.03256209643913406,0.010530209305654759,-483505.7101111828
173,0.04135867122603432,0.04282740117872791,0.018613078659577408,0.015198012934304278,0.048448745162052054,0.022433531007744197,3724.7281822290456
174,0.007680644953031741,0.030042020397254045,0.005983627793244717,0.002222873821819027,0.010979244973316633,0.017121754483091885,-1104708.0188147947
175,0.018245968053912626,0.047921459045048624,0.04977322362918186,0.0499744702147293,0.015134577373845931,0.0013197924391272486,1301883.8462843406
176,0.038605244567729284,0.01554807549603831,0.034383252458304626,0.0256460788777668,0.0041802692486988535,0.013703379934786092,-135705.3561505085
177,0.035270318274200636,0.01939208475818249,0.03204443172930797,0.04961915880469696,0.035231925946507724,0.002533331464143518,157495.64612554145
178,0.0005363822487838122,0.010452882930112074,0.02625441514836306,0.0224343359295898,0.008581875631442465,0.006147232820106064,-1282687.2490956117
179,0.008187565212914794,0.008295343393826681,0.0418152145275119,0.029353270667440104,0.025282794482010786,0.037143329215775414,-521558.7363224115
180,0.049456650134180276,0.02779847140142242,0.04195348654408568,0.04461531141159299,0.012334092871583097,0.04614959933276985,135609.13028943026
181,0.04951608321631363,0.007079794428438735,0.022412280662717554,0.025899588627704775,0.012941745909255859,0.04228929190513047,-506336.4786113945
182,0.019628635792095995,0.004002464182309251,0.037766508639737226,0.001776495901451125,0.027975468873648032,0.03608107675149833,-409094.01625408576
183,0.021688951366129652,0.023466346709520067,0.00753364869066201,0.013998884357807162,0.043174595878160894,0.012014228167899245,-279389.6692516101
184,0.009046332611543407,0.045355181107810755,0.002232454448713944,0.04199371413658696,0.003927248191622862,0.007996379593421565,-627948.5261120196
185,0.011642614247185313,0.014602966515726418,0.02450987712007932,0.01904922919509541,0.042702775639908964,0.007229268256339122,-565931.9553533362
186,0.0293222586507398,0.02466449879253333,0.0042057667278441015,0.04377191198971208,0.011486576330639688,0.02262541992972644,-506478.5170347976
187,0.012183372702785678,0.04217941923812706,0.03187943502392295,0.017636720213016887,0.005906311330726177,0.04721548697595701,152872.99392618457
188,0.03245745250671372,0.03351016276756775,0.03814515095197646,0.021908914537610676,0.03451656306780972,0.028763383833201556,860935.6837612888
189,0.002905424086072367,0.01833041924663062,0.026976371763083935,0.02508579584261037,0.03082888117784245,0.04491711531012145,-1097028.5217146422
190,0.0169228241648663,0.04222394366435933,0.024128625429364697,0.03496561878470548,0.02662400397276106,0.03225929803329882,196592.86482436114
191,0.03843137947296896,0.042600775844058456,0.025239574145174904,0.03031971402545108,0.021656060374315656,0.03123820050652252,684786.0660400898
192,0.045477612193567496,0.02935619702684903,0.04251371494168609,0.02217849000820818,0.03788071889359562,0.04844562417611428,654050.438828146
193,0.017029539779576216,0.024940847926574264,0.026570552050228888,0.04799326787486147,0.041036789321249025,0.03008794485297426,-221834.61180116603
194,0.00524898579480353,0.019927625335077033,0.04586688362758381,0.037466599403537026,0.00890241476287772,0.02395092286569613,-525626.6483169794
195,0.031541612018237124,0.008875329121848375,0.01694278178048025,0.012865238249568218,0.00017474905546735475,0.0483368787336038,-394776.711805029
196,0.009580150483134993,0.001241156589928627,0.04637302292520134,0.04319242809259207,0.025684930923496344,0.012707614405950342,-751523.0067313587
197,0.022410366412843576,0.015376753621039308,0.029923859577886833,0.03464876050996184,0.021740054227496378,0.040167476671134975,-229308.93739769454
198,0.00036572281465078186,0.013901105330040693,0.03515167328494463,0.04997590550904747,0.017454130374493504,0.012220152173902389,-806429.4682128045
199,0.03168848865346315,0.04909029737712678,0.031017885482902203,0.013369124439737912,0.004667312284033598,0.01970230982500777,1021780.1770268658
200,0.02387529368138664,0.038071628159200385,0.04516639359820265,0.0008712526358454653,0.00571977787006378,0.013584787363633517,546837.953673117
201,0.03603479733591758,0.04816056117746898,0.03910025853690886,0.007993138795474036,0.036607954975036265,0.0052802395433950156,1070825.9858202778
202,0.04334007191309633,0.0057052035591818595,0.036620675149689384,0.043299705251226235,0.011055725185547644,0.005429530848578385,-479055.7767502774
203,0.022004434976368434,0.027655190120563763,0.03270512047411784,0.0005053322215629264,0.03576025021610732,0.0128308372969271,236010.74145321047
204,0.048490755835278475,0.04922890407158123,0.014411412274395264,0.02547493025688874,0.005580802333607787,0.049264796161812466,42838.10741806367
205,0.03668767487189581,0.03749917689676343,0.01732464306565244,0.006269236953497764,0.02059629633209391,0.0425824751167233,17859.277666203037
206,0.006193488743211051,0.002047348014285988,0.03886715637645893,0.012244347424020342,0.01334858926730867,0.04042497579453665,-979989.9160357213
207,0.024484987090845296,0.04927700847474631,0.023248672809682652,0.013666982859600635,0.0001435655547406489,0.02139568602449749,541584.0606792447
208,0.04889584895369201,0.020578800109702994,0.039684107527998634,0.0006267604839237496,0.045489614191468346,0.03209066120896105,5633.95116234496
209,0.004240963615591603,0.027773085506888198,0.04010298934928622,0.029150713311062112,0.010079475543118156,0.03499730927143182,-886130.4045851036
210,0.04623508336099444,0.041129154530871584,0.0018485363600587114,0.03386273218391729,0.0030231786962682475,0.04404232654052863,-359589.9851904909
211,0.01863511706533671,0.0024349236156925636,0.0054641145557279,0.028970668146490276,0.03962334405193051,0.01314570360644221,-598826.5501446704
212,0.033765281433374206,0.03566290981558491,0.038686034137581315,0.006102389987672707,0.03512247865933923,0.03969413431275811,749098.7697691375
213,0.04327282740278315,0.036971573423825496,0.04004357960533161,0.01930167668096457,0.0011846137658155622,0.04091270123269323,959473.0921425463
214,0.0024481854911639622,0.01172675752206493,0.03109488866876229,0.010304695316522033,0.01695159709487441,0.03141155038885651,-1266498.252897362
215,0.042906265231241164,0.00022500624698295615,0.02573146710581749,0.004997735960565137,0.0035997883069231575,0.001285188578763713,-509686.28405221854
216,0.033864369968219864,0.0014803644564306607,0.020067777877669397,0.04583199301197277,0.015569137213432782,0.033032940755856596,-655946.691892908
217,0.044781744069184844,0.033580640442792936,0.011882918168029867,0.04946176245088711,0.03347253967809718,0.026254739792809,-213294.93416244996
218,0.04263905648159563,0.017401571170475718,0.04266723355720298,0.026045996675861927,0.018845857422777584,0.029988982797754266,92825.22849434208
219,0.014947182555945277,0.02951601254415745,0.019847003387391704,0.04793956947728522,0.03940220168491551,0.021211330851661877,-318112.2210280667
220,0.013741252537753351,0.04432787810859346,0.009379684096974567,0.016622241451626663,0.044176576481156075,0.006789291281329691,-469970.5322728759
221,0.004240579561788155,0.01709634692728302,0.03588195738207838,0.04247926284821509,0.01275383806711662,0.03578146178879589,-752542.6062124475
222,0.04037158029881409,0.04993716850333824,0.014818102850558247,0.04031102903874151,0.02384982586317363,0.009614198807113717,139759.74113682515
223,0.02039709755656411,0.006841063901481315,0.02874359648115168,0.04223838717311877,0.018375417252665737,0.016034013024125965,-213127.42636411876
224,0.049879001863145866,0.035044050506032924,0.02976064202066859,0.025500809117671983,0.021754312055195887,0.03415261085193621,409912.75370906736
225,0.019618454646089703,0.045764938014277744,0.024845829806517474,0.006859890418633269,0.02178448270239365,0.0445850905612602,331272.5790831252
226,0.006718345665653075,0.018268923159956676,0.003358333442388345,0.0018031354719862725,0.02286691665766632,0.03302659831926051,-1090155.1711292914
227,0.01009895188443908,0.0008834390499956103,0.022663995825008172,0.04438555435209927,0.029689311346658788,0.04122421356196643,-608424.4681413168
228,0.03172701324758986,0.01716462311894539,0.021019088575263856,0.011134550947964323,0.01764047181139298,0.047106613696402136,107530.90184240138
229,0.0479604636422288,0.03759815607874578,0.027042831847247564,0.044298755654634314,0.027897649134435227,0.023774416889742262,154147.92591226162
230,0.014227043755591263,0.044849839938649765,0.011754855844032975,0.02255336957272293,0.002939483078350802,0.04461885519782835,-350315.9518874156
231,0.016267136525833854,0.045453240721147425,0.02647710276425362,0.04090747542076678,0.022812557236393357,0.01397199863597367,188040.18431642532
232,0.037115897470898836,0.029537239708188306,0.03267196045047476,0.017146030321326527,0.006158029293644474,0.036089487065286134,303328.7848683775
233,0.01496916457574128,0.012068603081333146,0.016124617358433263,0.027833492827742886,0.011705171141244747,0.031150278603884488,-554841.3702650167
234,0.0077720782041711236,0.043715718264540376,0.014162346662505704,0.048961510712748735,0.00611975677380896,0.02292425053126639,-585040.8456130248
235,0.028074469720719232,0.0395987212570687,0.039191205468785684,0.024707941046106338,0.008339860691190122,0.02657901054986574,909434.3590798288
236,0.021919312929209647,0.023812865429336284,0.049735087446751244,0.030298862927404503,0.007867226940924765,0.00773619495044382,458331.2248575695
237,0.0337298738489512,0.040731922155894135,0.045127698460961596,0.042817435781687806,0.015569371833502245,0.03151666935393155,909082.9901043376
238,0.039379491811466966,0.00925896724767838,0.028108536686878613,0.03133865378376071,0.04195854377913175,0.03699473156157617,-364405.9144803752
239,0.005094707865727244,0.03264610632819992,0.047767471409390555,0.042028821671913894,0.03126073948253329,0.0224728580256997,-356345.6641441119
240,0.025636603215005566,0.02164862464338836,0.001792137570908159,0.019678326065653735,0.018951488333071795,0.02091965489545789,-687490.3141152388
241,0.04798872611646102,0.00515013420650794,0.002053954665242347,0.006465462607688516,0.021197918550158353,0.01947224536013106,-528853.6682226988
242,0.012303330575246924,0.0032765216959191215,0.02275589212058812,0.0017285831659115737,0.013756537766317002,0.03759534873701084,-748851.523229865
243,0.02580439006285562,0.015628497451429198,0.002548024128744303,0.02889727857048127,0.04030837483780151,0.027134402219038248,-631731.5420435872
244,0.005580018412461335,0.019225218899496407,0.0030264225413268067,0.04270418827376338,0.03980335498008584,0.004914228507112356,-1093560.625993266
245,0.03490948628049567,0.0103510270762406,0.015103578439181926,0.04885031840079962,0.0007373723450664394,0.029841901896480928,-429898.752846239
246,0.019706288858904877,0.020830481653457397,8.303538374002662e-05,0.039625575465838114,0.016594706992545172,0.029928489614857896,-560909.6662461518
247,0.005603518549934877,0.04313822818704391,6.16531255954067e-05,0.018106126542372415,0.003030748750375095,0.00042307595446654527,-993917.8624756739
248,0.025408367790643756,0.024475100325360405,0.016654708050531892,0.004743101505559417,0.00492047970600234,0.030544488869687497,-201089.70811445266
249,0.021566351007322484,0.03902905687632922,0.04206018531074782,0.026293261548125665,0.022773165008657104,0.03459607378012088,857302.0705187613
250,0.013017427170762503,0.01612452204838649,0.012124142651416637,0.0008413068506224197,0.013549174070786547,0.038869636564381395,-621690.7506785829
251,0.02399317002755326,0.034162917882940645,0.011412643773171027,0.04549885532585593,0.02191682981187908,0.004074199006923318,-198633.53110404004
252,0.016536787102743335,0.04651923087945753,0.0024284644923479037,0.039936436961424404,0.04425852166363668,0.020683013534685976,-371059.534129917
253,0.023038480261978314,0.035577902079838894,0.007522700577873704,0.012167762696013851,0.0021985834111472647,0.0295541410947428,-430913.04639499227
254,0.0023687010002740928,0.006910268581926538,0.04594115967653414,0.045493474528124966,0.033894401276016284,0.01586242989473672,-917926.8748182018
255,0.0004629890910561707,0.009416098740567591,0.0015641756450822275,0.032144416214498345,0.04160342037240128,0.023791502967472896,-1419590.6850419424
256,0.005531473378110163,0.031007464331414814,0.012081945436954289,0.04098742449989193,0.019595483833317707,0.017425283929788534,-645576.4032026785
257,0.028460602521533842,0.02950976913830631,0.04247176665448896,0.029149431293927705,0.023234320884724064,0.048855596023054164,603413.974923378
258,0.00023706964559369603,0.04266847296711834,0.030955954321348702,0.02581947117640874,0.019258601445801077,0.019746677156426813,-937903.5477043985
259,0.00813717430524788,0.038646869406764206,0.04277457708952929,0.02739699753065583,0.01774560190040977,0.036145330098246796,-264617.6277056264
260,0.012713174187707866,0.045939684045134044,0.022722871514932894,0.019033146385082047,0.019207219326262154,0.030848662468840233,-340912.8607580375
261,0.030171222716666075,0.04923247668088218,0.018076803931959966,0.0030423436348004985,0.03276774590575731,0.025248610857934357,334445.41796264116
262,0.040657967291005646,0.015919955891422984,0.03996067611207455,0.022651305714332083,0.035962649535397566,0.03791278910024305,-49318.38685030234
263,0.030036695943132127,0.010817784761270072,0.02070130468946182,0.04231304317062297,0.018740156040872365,0.016351884612669055,-104633.37250947488
264,0.015881781718178084,0.003905419654018194,0.0014917385049848743,0.035717105074725974,0.029090242957022297,0.03159007731759083,-769836.4786298841
265,0.017323932770359048,0.000951707390874329,0.008274387879088753,0.027776145355291767,0.038634651160192726,0.00950204442460766,-624140.1498058094
266,0.03625916604254344,0.035404561784179396,0.036929019322869135,0.02778560663706984,0.00790508944718149,0.020362596964549597,1036483.4332095044
267,0.015857658556498937,0.04450097285588478,0.02969152740142238,0.03319969117080374,0.02465358041570852,0.018979576833609065,128823.56439962723
268,0.006301317087331327,0.007185933072776707,0.03465477134648508,0.04424850007078031,0.03864128572487392,0.02631453925001875,-649618.8440812139
269,0.008647196822103903,0.025364635079102166,0.04958872379643554,0.047502657783774396,0.021218264471749695,0.0394036463794053,-195036.59547327174
270,0.00020038023666697492,0.0008289900948778462,0.04965422909652533,0.008396811990070896,0.01428962385552985,0.016904279066697742,-1448461.8908421416
271,0.029231941706708276,0.006345498775925657,0.04486510998770468,0.005291037635226165,0.025090240753803394,0.009613006706324784,-182353.09719340064
272,0.04401901500638461,0.026810020655568763,0.031089601493037827,0.031709294472482934,0.009504617978650915,0.006175312866963767,390839.8051713574
273,0.013659359575043818,0.0025259848186002577,0.02972838044454322,0.04845433637994623,0.03291201529055531,0.04682254573542443,-407173.046461398
274,0.01473775966013815,0.033181052333017595,0.041812258842130065,0.0244943895996616,0.0016701231531687122,0.028718558521572197,397573.9927871952
275,0.000908027195718203,0.029785688734286372,0.011564026984342612,0.027916444341785425,0.0007487802968296986,0.04306210222009158,-1124335.457577439
276,0.04369442489519007,0.012683225328091425,0.030538506661770916,0.030998534030821236,0.037234558468807306,0.024696055307875733,-273749.633946829
277,0.027677042004480575,0.019808325002962448,0.033881038179989706,0.03092012189541315,0.012873494661426212,0.04868788838843236,355351.40361718077
278,0.0362884817357717,0.028346889765969344,0.03792111185923771,0.02003600037738326,0.008116331066881454,0.0027957709187313665,288190.11814211204
279,0.049170853799646884,0.020963619395040257,0.025729152594276546,0.03180859665426856,0.04916899255882279,0.04478972484231408,-163690.06528077283
280,0.0006234938970606619,0.039801427815518924,0.026011503352299695,0.03510522837432068,0.04952989644964304,0.03614141310210533,-1059723.5501326958
281,0.020398071518028263,0.004703598154469791,0.044482821083769865,0.0169625561700698,0.03006090665300866,0.003988332124278077,-437907.0526467393
282,0.019750362002027823,0.03412907991046102,0.0074687078184075386,0.011084124511127042,0.02087701179642461,0.010090924678152265,-424637.19954207056
283,0.048077481477051626,0.008922088091091546,0.00997709964497452,0.047675050741408535,0.04977987633723247,0.018546796006083274,-414132.6330309839
284,0.04294914302788569,0.04562913720709656,0.010607370376165071,0.035461449303859936,0.020388536533162027,0.00697546021931032,-314263.7389993623
285,0.023490044408741396,0.03667474522814149,0.043918286690540084,0.01684634238510543,0.011668584935783162,0.016403911020370986,716682.2408193331
286,0.01895263475186526,0.025850974342471463,0.037085820525986746,0.010751084419885827,0.00561725595291232,0.010871421468120646,213360.26402835923
287,0.03655679883263977,0.03914800650130425,0.02849669093207632,0.045287851591492144,0.004261083788826436,0.016237832187761727,619488.0726132233
288,0.005230754840238761,0.045198664543902006,0.04327862696605141,0.02642249472513177,0.01772563280891784,0.025880354750944363,-363316.83689483115
289,0.03990487179091665,0.004993123858036475,0.01021986835407146,0.0021710030117176983,0.03242848166821889,0.028173940077803012,-547277.5664631436
290,0.0371800182553826,0.001157004729097322,0.04896123168536398,0.034048313292734576,0.028362890791361853,0.02189517912128316,-271707.83137544926
291,0.01885723401778404,0.03596562668454118,0.04437855442440217,0.017507077114704124,0.01132175950498881,0.02500338634033063,377818.65508516796
292,0.019731494407504116,0.0159566244299833,0.030437056444912337,0.0013026226188753488,0.01641204140496629,0.03389361467822647,-232282.23935567494
293,0.029049468687402536,0.02045699888123986,0.030088737793385424,0.005435851984317963,0.0031445621159764295,0.032608930264568264,-124036.56023405807
294,0.04676906847832474,0.023382012831329825,0.009837109037531567,0.019888736057117513,0.04009125182746906,0.046865565198566196,-359455.34792823164
295,0.018860299144150196,0.019705349129655932,0.006555434651310994,0.04785202268662885,0.021279642694708962,0.013216361213751616,-442691.2545192224
296,0.008143575027727746,0.03422810366968387,0.016973887710445137,0.030430686937123905,0.03140964629641182,0.031117246803794837,-485985.2303963219
297,0.04774491959279038,0.012179837267930371,0.004946225255241116,0.01608893068594406,0.0031875868208651515,0.010500241941279949,-486026.7416469286
298,0.037675228150012896,0.0440518025958935,0.013905667843574394,0.007720971401111687,0.0061950172891655116,0.04631416605357866,-90881.94601542033
299,0.0101044050822739,0.009288306743554358,0.026100615068325617,0.0006923822986983964,0.030092886961816084,0.047373689787006845,-925352.0442888063
300,0.02342083206233855,0.012971991992726712,0.0022586558494713193,0.018002656374706393,0.026354904458623124,0.03478918317375798,-838567.895340583
301,0.02407456701631404,0.04796661738178042,0.03262596003763316,0.015858484732911942,0.023882599385362458,0.040855142516637605,874381.4811426749
302,0.024775327831430924,0.0055346037014808065,0.012621814527479364,0.03726778326401318,0.04042247057464204,0.0493670081813828,-241895.63594964877
303,0.014738697478727136,0.03824017763036172,0.043835539863230966,0.01851637374680895,0.03735456314678866,0.03013922835509915,537545.5970284417
304,0.045082092678321924,0.04922843041253771,0.04911833415522662,0.03333023836105982,0.036993695241646724,0.03748656584731574,1784396.3617397365
305,0.04764995663839908,0.0035911070251442192,0.00688967679639026,0.044287257464740985,0.01746608376180277,0.03267406780559553,-418785.19612805883
306,0.015223326323801646,0.027644912703223074,0.004848894435273966,0.014014521579842794,0.029728435255848756,0.0375587570085964,-889813.9569098409
307,0.042289847890107125,0.030837808953865453,0.02711822011511025,0.03955005430808202,0.02100622514945614,0.02543601116006799,434420.2140292385
308,0.008265566168364559,0.012662773720009868,0.008015601249112903,0.016692492558508642,0.008451817326981526,0.01302587025962661,-776121.5081942539
309,0.04259665788973993,0.02921139300306091,0.03675647137598167,0.045606850244991226,0.0154484771204658,0.04873796667728051,577058.3444536814
310,0.014801643145501288,0.01856263185441386,0.02024274822132669,0.012073904260769087,0.03615355437405224,0.028695164678591786,-342823.1441809478
311,0.038000748587201746,0.03861764938372841,0.010340676375701586,0.03484350247623993,0.03219789733045905,0.03533742917987946,-293010.5541430632
312,0.04707694283690495,0.00603276687218432,0.04480610412118152,0.04527735242177295,0.02817347480312407,0.0033924391451997608,-266769.871842817
313,0.0050197822824904655,0.013226990557565555,0.04232392680339785,0.013541271722344978,0.0354109490204382,0.02470373139878367,-730062.087506679
314,0.008974603617304372,0.020678396565498493,0.02249296499720631,0.027427599130984345,0.029829022769014574,0.0191314636492285,-783393.2600500045
315,0.012262948651160482,0.03551226006679933,0.0425667324701102,0.038694776254392764,0.03617674419482743,0.03571497060965569,424053.55016318633
316,0.04372875699277859,0.01696610728682805,0.026542519714390724,0.03576550870174724,0.04451790008271239,0.029769638972163722,-297522.2689343127
317,0.012420320193282576,0.012239825077507272,0.008062703142596207,0.048353609974847916,0.005959634219531895,0.03159794882969322,-672533.2382858787
318,0.04700095054037574,0.044399441430279,0.03886793566638461,0.03584632729678978,0.02386102054771798,0.014410419322846825,791589.1149877926
319,0.025883076064386452,0.024530395775593596,0.0264872833091249,0.027501872635554953,0.018237384014535136,0.04545620355339083,317822.02474183205
320,0.026828400678854464,0.021728154234884518,0.0065877416446033735,0.017839620626662746,0.008785349635106455,0.028819457008272643,-524584.2987161258
321,0.0062831926434268,0.047612485792284165,0.02410153797931753,0.01979962956901847,0.0047949072400420515,0.028242117549895418,-426106.783061993
322,0.04766027624525945,0.008178843885505499,0.027720827601996678,0.026892320558285072,0.008659854331659755,0.029881908447992146,-201936.42424469464
323,0.010385862667576962,0.012659230306330078,0.0015027289380589394,0.028367948692874453,0.03868063115207955,0.01807849649213172,-643376.0391979178
324,0.005947665537010566,0.04584242038145979,0.016076649574116586,0.012437976183181966,0.047560994348538776,0.028060876139139407,-710012.754549334
325,0.03040646059572958,0.023250706599463652,0.020022562262263916,0.0013569979442090152,0.041035584205587165,0.00983790304594704,68830.90051994997
326,0.02659430456730341,0.009361947230767076,0.04943019492597883,0.039301815882292174,0.03525812135779824,0.04844068621315786,-98513.59239595143
327,0.040915393435193154,0.03708073163657576,0.023437964850697626,0.048278965079726316,0.013720531232787998,0.03832247906117092,301394.1235397287
328,0.007643856106316799,0.04603329291367839,0.017069353369086382,0.0158427542889962,0.031459896941479715,0.02988730424772966,-540283.3386562662
329,0.0025053344848466885,0.017120183840531433,0.03972285152479422,0.0027271757810582334,0.0002590874917678787,0.0028882007297404756,-1112145.5272574632
330,0.03113543724941041,0.037541929237242984,0.039681769193118874,0.006397102376587055,0.012882624567388685,0.045347761162128124,870800.9698172831
331,0.01059773055402713,0.04618916580465901,0.02189948014601863,0.025931633767334317,0.039844586942039434,0.041915587605360405,-377650.0992005631
332,0.03195068246320823,0.00011543862933710015,0.0496684249205589,0.036747154929527064,0.0195692562210286,0.04319296969204914,-476810.98711833736
333,0.014044819298207757,0.003103155327007762,0.0229131020768257,0.037102487666046034,0.037157572170252624,0.04507871635827847,-544681.9976327581
334,0.006451502859102088,0.007616335507878786,0.03161414065151051,0.029933173622884186,0.026428721498108834,0.04450812787985377,-718658.9183947236
335,0.019646369578511666,0.04609262250774976,0.015957824730403504,0.022723086408209844,0.04057853480144215,0.0026923180222403866,151891.29657203308
336,0.03630900641919506,0.02305497150774538,0.032997565056463944,6.44972228161067e-05,0.026414624480217842,0.0036805946908190115,436215.388052128
337,0.029984767835799522,0.023639198637949912,0.04750305473122186,0.04882715067265318,0.0002750587019899387,0.03590748182493232,322832.4589909451
338,0.017135682137747795,0.008861775062463629,0.033904703043991416,0.012169234789311034,0.04837760026360281,0.01907708253139481,-450423.4658908308
339,0.04230037806539544,0.002012686996996188,0.02248163442113403,0.0013641713131932577,0.0013467882704391366,0.02766866858623443,-541918.2858639627
340,0.044624384484366314,0.037480930946143375,0.049590385824881414,0.04933559895156406,0.04898867675228597,0.01686364861446329,1164705.9213481785
341,0.02657069057986219,0.03299978594005756,0.015124014056896408,0.02413518245944485,0.005022790289890805,0.026108842799586585,-154572.33017958453
342,0.047376779983299616,0.018316774427826817,0.03692553563433143,0.02998507995241366,0.012553083280566053,0.03060572179575869,15743.219151165018
343,0.020157010205954097,0.028090946503149968,0.035989126751077315,0.04498463758481269,4.7766671174026556e-05,0.011446688715397224,75694.11744600652
344,0.025446707587567716,0.04535431634547543,0.020965049396390514,0.010495978166196906,0.006194310151691352,0.008305060636855094,444691.7501525645
345,0.03235358990716626,0.017118121665002706,0.020407833411550655,0.031295627268269385,0.005134719507532132,0.036926580451036084,82456.87104212347
346,0.02200250541167762,0.0062903509156142625,0.004586183952950335,0.04435112952791917,0.04632938620891845,0.033008790715985045,-578357.0292441256
347,0.033374496157337896,0.032775886917152615,0.03314548571050476,0.009869820531680801,0.004264828776995394,0.01160124769034998,584243.9014883443
348,0.0009883222671345838,0.016327342133588996,0.009890492362959847,0.04809785928925213,0.04811726008753561,0.019095944195917106,-1174301.7027732474
349,0.03890757112720062,0.04303152006980651,0.012334018861307368,0.01628957705487753,0.02550052911295327,0.014584404573370036,-215052.33805129197
350,0.03339245794239932,0.006468140172913722,0.013757626280085667,0.04898312258277817,0.01106106950122887,0.01845713410913843,-185460.71378486644
351,0.0069327248116709764,0.014176038329961461,0.0337368273674639,0.021468543785008915,0.006253201154058108,0.019141241338506493,-678644.280406184
352,0.045516345509262625,0.010126120396209299,0.02710395174753596,0.04283653600509867,0.007018050072837923,0.029201097541309364,-450917.58965674666
353,0.03506955506217162,0.04764612342427829,0.030503024144358695,0.02033185690300084,0.008526836305872738,0.0006168082224602911,741095.9236938847
354,0.012755346551369035,0.031273907845696815,0.016024558083900808,0.01366716517449501,0.0030914480349000964,0.01883842356483676,-417543.85890032764
355,0.048806419534585394,0.019983806758181843,0.03427138603805071,0.04051049278496729,0.035984263043880624,0.04736918558508835,78652.7925280268
356,0.001161379117337924,0.02000307230673777,0.04375538066612558,0.02135077086685346,0.03539006992959264,0.03326708610510101,-1131142.0926445327
357,0.030511372221662295,0.022197144319798818,0.0467968749717863,0.010852315157912979,0.015179125261632925,0.026491476669888016,482567.8611334966
358,0.04269921880736146,0.016110783691146914,0.027227420102066982,0.039832865950296094,0.02309063672314663,0.011387076808776365,-11375.887804701204
359,0.024491212804623137,0.03161012500574312,0.01670556334793778,0.04967328451401849,0.005778940317683424,0.0477944453745664,361616.42220768594
360,0.012210250038294413,0.04563359176277681,0.04619372497492532,0.04045231442152444,0.04194467596539259,0.039745879154574976,669578.4199365037
361,0.04216614428809895,0.04891022153822807,0.037249576288984426,0.0104085470652311,0.03162911886976209,0.03783749062254659,871104.8586622477
362,0.038233361428099986,0.03812950459813204,0.02403038154711533,0.03728428960508257,0.01357826852720388,0.00905596938818407,451792.23516439524
363,0.022822609725713584,0.012011313807450158,0.03224095971796453,0.01640614919572746,0.023992224018869593,0.02868903735318383,-374269.173070187
364,0.014466006805116727,0.012890420485117722,0.02929806870480274,0.04184751811595802,0.038451711385230805,0.033807526283325805,-232468.9483017874
365,0.02049911941125216,0.010942830439731611,0.04080280083764156,0.01317446464713803,0.023944024946747168,0.016771793706398055,-364055.76432226785
366,0.043028495964718805,0.008384975983889048,0.00037535163999999344,0.011746408977526707,0.0005122680191739726,0.01697309852853453,-569016.0708169714
367,0.016806498426468686,0.03987554178403763,0.04195869331171623,0.012805813385731075,0.028595116348340832,0.00311508851418561,534635.4122589595
368,0.006916453505802462,0.03871679505915256,0.0057852083654714725,0.013525979835510056,0.002238474499420767,0.0320708952256718,-994784.8101913121
369,0.019503129507826462,0.049930475750595796,0.00962954116154549,0.028409477928431244,0.016874001153723662,0.0073667300217771904,-148339.44107181745
370,0.007698179128881322,0.021140016627339678,0.030983426298493072,0.04789599163843676,0.02921962236943067,0.033955668328603396,-322579.7836978174
371,0.04664503912066267,0.049041057276651714,0.003482031829569732,0.026567437663472596,0.04032666238231025,0.04481900247740607,-450594.39567046135
372,0.0068998758673952665,0.0395368986947997,0.013531607613543023,0.01913552717988149,0.03450126561153053,0.011494374227319849,-719564.2087034029
373,0.044242452975318036,0.03317266286145434,0.005592240119033859,0.032592752358101926,0.019957781498827633,0.00033907997006524807,-263252.23742414825
374,0.04162646424620036,0.008817819000403793,0.02117476973398269,0.04777639342113104,0.04342207727693595,0.01454182751730142,-438476.2412623794
375,0.0276092464279665,0.025038307454013916,0.03430814578075752,0.049887865711643026,0.015856383727826707,0.02294220932295374,299510.5719892981
376,0.032634336743462763,0.049602100276402744,0.0499710954612094,0.042562951308720856,0.015229817566402043,0.022527014219375002,1714234.746436168
377,0.025822970131782048,0.0047599543480431996,0.03639216494843592,0.033279358356162775,0.006523377738621411,0.021117518434585886,-364097.98122009926
378,0.04883320391082946,0.01591631938145102,0.02306044429187869,0.015470496868081324,0.0338387152932409,0.00679846950301859,-351992.5000152513
379,0.021238846240772796,0.002570957727846468,0.03361322156117224,0.01163657395504687,0.03556881018762414,0.007811218486205741,-625805.0537867171
380,0.01766688475342339,0.039373193731575114,0.04160600376409931,0.021100963111994487,0.03564403610463094,0.038273419221500266,899937.9187075474
381,0.041061539329892274,0.020833299901994007,0.016077284112044978,0.004744058933583423,0.04259978047097391,0.036198615056498316,-346872.52056013694
382,0.03744103898335274,0.04006947169213615,0.02456287231956831,0.016964729434665687,0.038190142616512004,0.03641494326703295,693379.1848346461
383,0.044651550976815155,0.007195434803927914,0.04395343898294801,0.03004456132541928,0.02792405867029222,0.03673517444497928,-283030.0792022228
384,0.004804761648594064,0.007676276102730695,0.02669200066369802,0.04996299508527273,0.02892761246579427,0.0404358935881124,-981210.4102102
385,0.0033759240093707513,0.002640355070005518,2.5937208285276016e-05,0.037213685865779146,0.04279042010169129,0.04772624306920692,-1067576.7639077108
386,0.02181583298471316,0.03873119406461149,0.0017419175139957834,0.00965416037304076,0.008272981819755816,0.029317591420745043,-530915.827624065
387,0.03261288032329277,0.04115636587080933,0.008400042428893556,0.022464753144325222,0.02853613464595846,0.03990213672427543,-525271.5173843013
388,0.007343186741070213,0.04304004868102681,0.04115623049750474,0.046585724002462324,0.02087079125992791,0.03589663227718123,-142673.34390723507
389,0.026947088313209345,0.040959993964699015,0.004637803871224738,0.009839959392070469,0.02672759746772618,0.0010902388890259962,-672400.185802685
390,0.019724075896937723,0.03688987780531865,0.01287259796619817,0.02518752835665485,0.027266822956274996,0.03677226678891656,-104880.23870127062
391,0.03761644572167764,0.025208930219540696,0.03751329939741166,0.032474239510349584,0.01791983671529008,0.0002865450356560662,265379.4152282194
392,0.02323398189286648,0.01839521701109088,0.010959460823931616,0.005774293681147447,0.04865303267587262,0.046116657915765295,-340420.7609377248
393,0.010418967071750752,0.0375745405285698,0.0059455174016980255,0.01625465815405727,0.012942646996194386,0.021820814684501873,-566471.7667735455
394,0.004299117505547257,0.008814568251106509,0.008767325572696095,0.03449700148060364,0.017841383632898684,0.0033646923865577774,-1142558.596825494
395,0.04115538114034499,0.01992533117371062,0.049519422868024125,0.02013975462221982,0.013029449724071596,0.01624650056056059,58054.970766570834
396,0.00686056288953062,0.03267699128468217,0.022436475360062533,0.008147862289365222,0.03294200347228237,0.026331546662261247,-763506.1608720961
397,0.0196459088348537,0.04375420995270412,0.048779782291419986,0.013543155864767715,0.02769312406531207,0.0246353923583619,1081000.802908201
398,0.04364294793870894,0.009615033951756653,0.011039896060446704,0.0397987428283014,0.047799213467010084,0.006533525448932798,-393964.77641491155
399,0.03280369395475317,0.014454179081909586,0.036736256539029,0.044195673945399146,0.03523984691424511,0.03462767726489524,32531.20044231224
400,0.028321032540482235,0.027545438424520147,0.04142734624193929,0.018715044857123615,0.017195409773246052,0.00028197424112584856,484628.3336442893
401,0.03552663858713389,0.001328888249864585,0.0024729568573007843,0.04911024373186539,0.03032529161865244,0.02011643119619627,-637458.4408791618
402,0.030077922622800787,0.024309603781113777,0.01300923276714957,0.02718844109460893,0.0020263517048131232,0.008682547764583442,50876.17291338948
403,0.020932804365740083,0.03789551593664303,0.0413305742328965,0.031167996248170127,0.025713086484181004,0.039353741146381654,763503.0647640248
404,0.02806115339450221,0.01926847404285515,0.013534838074755352,0.032937134522266855,0.03007178379896936,0.04076328521526568,-231139.11409305857
405,0.026095923538462674,0.015737480928219052,0.028204756852361148,0.0034131552775950313,0.03454433982156426,0.03577953566445077,-114967.6399378813
406,0.03383261912548188,0.003303960545969742,5.3373251137361915e-05,0.013758177484000551,0.009782481824369721,0.01069262377279996,-455024.19891953864
407,0.010613856942037148,0.044725574885939055,0.03231453816142796,0.009907043171599711,0.02618910954517973,0.006781315568291424,-216464.42019023726
408,0.008598017596851143,0.04451319809118094,0.023497797014367,0.03296429307096752,0.005253912947438478,0.0013444820155128101,-325262.56347677484
409,0.023804587833933036,0.04677709719213276,0.002974334609167001,0.015964512122293557,0.009592986186652053,0.04943310277050412,-433482.2328186252
410,0.010758913731435928,0.029288566257736123,0.009774325479100204,0.01514981503086087,0.011103204301275689,0.00983849117496073,-629265.12253725
411,0.03397635046044789,0.01070461446683601,0.004957848529940717,0.018692645240174516,0.030292444766578892,0.03909726375231412,-649849.1158367413
412,0.010349257982041988,0.021136701713603115,0.008806914958653994,0.01822881238715342,0.03129854900213947,0.024102994913969375,-540422.8323400087
413,0.006734601246167366,0.04301409431094705,0.016019860179865394,0.042324767312669924,0.028452088857921762,0.014494583593955009,-517033.4621750912
414,0.01803793432591268,0.002763520475061382,0.01786848117510271,0.035179362858912794,0.04100322440114979,0.023272032838198255,-570383.1220218454
415,0.013240358866078984,0.03052425336708943,0.010269514883620335,0.04935986194411595,0.04395484395956567,0.009847733483274574,-398846.3382890693
416,0.04441827265314203,0.04648333104597776,0.00499155285883951,0.039337793607811866,0.030047562217488305,0.026740564890391734,-185519.36913029902
417,0.005370147814428861,0.005766321905549399,0.0309784628155156,0.02569692932897842,0.042670557139121455,0.030543639445172428,-1063285.095427589
418,0.006098448210481145,0.04261911589651332,0.03771357574689463,0.026885299252686685,0.002442995337902454,0.02241514348792787,-176231.47206679697
419,0.04099044291190121,0.026303026344301046,0.04983386057595768,0.04540207810227539,0.03558683646723095,0.0025476989028076717,687160.0118093232
420,0.0022087551472080636,0.02006324820930567,0.01619683344688181,0.04419961410755212,0.04133336106885271,0.0273342105784764,-956035.2597112765
421,0.047432274935632054,0.028843047924879645,0.04030954827223626,0.0011202732591140741,0.028121480901690032,0.0027294524963213055,442607.2244225319
422,0.008517059682925944,0.04893170719502195,0.02493197734381576,0.01601894798187402,0.031445480945136946,0.04564565419410872,-309398.2746310659
423,0.024683603813532292,0.04854423642728689,0.019036618060857255,0.017889781862973936,0.04300118914417267,0.045918050520025816,276705.35895121633
424,0.01987625122774965,0.029237635140246833,0.006402630527389347,0.0010521940228657156,0.011971391887626576,0.03549311496137494,-279202.2555254893
425,0.016054281320592747,0.009660416122256528,0.0051641739553524805,0.037842152153977425,0.019620842510852707,0.03283773063864275,-519954.1201908045
426,0.04330723031655101,0.029466558306373805,0.01793363957639556,0.03060793086810176,0.036988748080053,0.03593292138725609,-214350.12250380765
427,0.020433468868335643,0.021575950184367733,0.03165745910723547,0.0042935398995180675,0.007912509047003047,0.0066363573629658005,-111649.12033949676
428,0.04633846957444967,0.04663898098284913,0.019574598976533172,0.04662400349214095,0.045677132417649466,0.0398706134798485,-52403.449948881025
429,0.01646312297988848,0.022552325009262755,0.02839671152142463,0.005835928033797966,0.028713573495979295,0.009361531304492571,-314698.6880348334
430,0.023090895572487415,0.03293767049083505,0.027719951168988184,0.018419196877940126,0.013354563831870649,0.0414465490743733,201298.99312303503
431,0.016035777334703804,0.01728654028813163,0.018929639377986546,0.007222569975963661,0.03230895843050379,0.04919473318880835,-341510.2369801827
432,0.004731988412469435,0.008303131620698656,0.03615569010726931,0.03435272916268167,0.0039616744503479856,0.045392475098126245,-750561.056491122
433,0.019454835576104,0.010726948628007183,0.028133620528742867,0.03215398388447981,0.022815548980260177,0.03298462392705593,-347957.7641602947
434,0.03777697712367137,0.01287111811726857,0.04133949409618723,0.04395221652363185,0.023856361395762467,0.026566074140611462,-186007.1768700273
435,0.04637524298125248,0.029869726453692038,0.03344738294957898,0.022622369960897677,0.0036295713161832613,0.039353506346367924,567393.8559437164
436,0.002628799516152769,0.047275994551095324,0.01962423671324719,0.006320587182091947,0.019728500514415517,0.01934114228038646,-1239619.4110860908
437,0.046195020027271494,0.02894887623751213,0.0002309399421663805,0.014002039604336897,0.020125356294720922,0.03090045551912143,-527530.7457739194
438,0.0019270999661717858,0.0340209402834961,0.028133400691596658,0.01556936561038559,0.008625596884913822,0.04346837552536333,-952975.7552431884
439,0.0013266218603037172,0.03717299806111927,0.042607266853459086,0.04854163249285678,0.02292919119381603,0.01635098561722929,-588039.7283460979
440,0.024820874121965417,0.02328787201786275,0.0002736554417313741,0.0023741038889114664,0.0018425770305026568,0.019644099782270105,-813503.7252442293
441,0.03933248562467997,0.016535803337305272,0.04393818098912698,0.04651210091504829,0.036535427170078225,0.017463470943538752,2814.096908727843
442,0.01865302937790265,0.02825389553153528,0.013517089409966376,0.04840232125910305,0.021437895162786536,0.013839637198732286,-317006.55740017595
443,0.008029415629245935,0.0387453951690664,0.02482952394231408,0.021317662236217862,0.010577161349191639,0.04428193851003979,-531115.1176128193
444,0.026824396187612537,0.04827079767408678,0.04817899561110769,0.018058665520884514,0.03289844822471607,0.019452359941358178,1651780.1020885953
445,0.042782106085120175,0.009380464638251679,0.029713634715079,0.045086570898198126,0.03211903758578151,0.024412594514064974,-353740.62220936216
446,0.043907371232776875,0.018723196822446886,0.005055308296779248,0.006607148459066925,0.04509583314261022,0.027340843413588545,-583311.8600082115
447,0.040548145111996094,0.024088177568108583,0.02821963401795893,0.014252648648070876,0.04389634459083521,0.00272202136972039,330658.4832264407
448,0.049107214815892225,0.030360571524703606,0.02124896928330507,0.015703845866478584,0.026841420060107382,0.016990716802164654,-385206.75298944575
449,0.01849921839235989,0.02088096463270228,0.005919954158933438,0.02383671276894289,0.013215812616549194,0.0065041545466448586,-566414.6604062285
450,0.03973752792087859,0.04188584290935206,0.014219856728670445,0.001842706930842586,0.007882328245607096,0.04764732570124059,-96633.14071523817
451,0.015189830920497206,0.043716712816740666,0.001198517776397773,0.028770156666836924,0.02444800626389758,0.01921619196528543,-470859.9760752715
452,0.026022872188361384,0.023183785734075053,0.03450633847892299,0.03542100729916927,0.007062973795304667,0.013806493382633173,160773.46836006062
453,0.008169585007472724,0.033416537039757686,0.018836700393743824,0.03279510598318764,0.0239532182292614,0.03850462694795444,-399035.1196675517
454,0.030935738908482103,0.002004750493638796,0.02308635985922547,0.044855492197832664,0.04116862956853281,0.009210385713036602,-353299.2095140316
455,0.026112544699118608,0.010716320142749331,0.006981182708956035,0.004573511776348927,0.008472030027252426,0.03917653458001153,-553045.4528563418
456,0.00942371515061507,0.017207053903167402,0.004840507465248573,0.04569155447463553,0.046272443385192874,0.014910789468522279,-990409.8692192662
457,0.047365989786480225,0.020249703074790865,0.04044848012533745,0.04201706890067792,0.026811776751104834,0.041139592417410366,113984.43431249954
458,0.04872085615544233,0.0040367640001369555,0.032583473396749704,0.027418242119000055,0.007294660988955909,0.003960977553654871,-158561.86225696115
459,0.0435704543370607,0.031711721698336415,0.021451306067870636,0.04786095746046698,0.02129012782157895,0.017526032244865892,142602.84712390348
460,0.021553817881896916,0.0017949443003679455,0.026730037564463766,0.01781515423841552,0.018946720573773602,0.04724984139471691,-433921.45654357836
461,0.04967714983934238,0.047935376298596705,0.0020199614421081593,0.003135229370158793,0.005953064369114958,0.03948257577409246,-445812.8115283892
462,0.03528985018147441,0.01508824333484654,0.04514945767030684,0.027470474567006936,0.006426837898047599,0.0017230068389168186,-46218.60383910033
463,0.002255737285463927,0.04679370510055403,0.04187378718938885,0.01121171741396137,0.013040536885513555,0.0007106514787320995,-742561.2548129311
464,0.005875219112630076,0.0029912168658649597,0.041735383216346796,0.01080452691685967,0.036915946847619986,0.04277168448185019,-1023279.6204454523
465,0.007787883548728969,0.026744907648793528,0.04578724289393548,0.0449117914884859,0.019495701632177172,0.015970686295177883,-197881.058900499
466,0.02837240567746617,0.019861665073641205,0.02225080274269961,0.04999304241039438,0.03846702254607944,0.02686760404537772,-3892.212117941809
467,0.003155858535193551,0.04843761606807995,0.01553270925405414,0.012738571634469831,0.016065272644255234,0.02576821744146936,-972707.5089492591
468,0.009468174583642693,0.014302365092019764,0.04821865974457395,0.02710414598953753,0.000683932213683891,0.04797000426357373,-398404.71697091043
469,0.004714302674400351,0.04336515202505907,0.03539219472007239,0.02878031236757818,0.02945791222045667,0.010573556687690961,-540483.7432434545
470,0.04150095895795141,0.04879487701839482,0.04210773277584359,0.0382493589400624,0.03686322600459214,0.0047578986702382035,1362407.0320125313
471,0.047169117563892644,0.006346762839545989,0.039789428258348504,0.029749718612996013,0.032909687266493994,0.04177840872869387,-501400.7531959907
472,0.02728378470405239,0.027174779753993034,0.044946078816025685,0.010304558945885535,0.043881739840320295,0.023074053585379783,434576.683137599
473,0.04859019093233557,0.03524191615215905,0.0241469194735892,0.00482618096528224,0.005281061075543797,0.00989022268365848,15986.033863396502
474,0.022820192895092267,0.019317072861159093,0.018079951478633133,0.014137535299265425,0.024820290222989982,0.037437559887227995,-254945.2549793092
475,0.01957534208422157,0.004487661762559764,0.003871804263021911,0.009336295100971614,0.04963258972497683,0.00807609658851563,-743162.7893806248
476,0.038993492193615586,0.022303644646011308,0.04653422442723103,0.029968898386107376,0.046447021793566995,0.04162537114384136,579625.6026410123
477,0.030611050429697625,0.0017587991092209876,0.007876167065873975,0.032394460083157994,0.035774649839544925,0.0067102813352682145,-487626.5329975396
478,0.01029098965065038,0.048786801219483034,0.010935211307581745,0.0004831526880124115,0.02170743921801864,0.004475946316915153,-456225.25378904206
479,0.025787783814402568,0.04680884658200981,0.04885963649571787,0.017887628095641216,0.01118713967848688,0.045817336119037134,1285490.7450742682
480,0.011818021769177229,0.0024558821875020065,0.007680091626887925,0.04400279995040288,0.040947142426550426,0.035697214920699376,-856977.0029609941
481,0.0031664239351279046,0.00975621205461682,0.028428485735186772,0.007703596455201351,0.002418371309957579,0.032694392892734625,-1179949.0777783873
482,0.04562243981478209,0.026860944184717003,0.031299477834954036,0.03211290685875497,0.01847121423772405,0.023634333321779857,345135.66156025307
483,0.010093362580477057,0.04002918103369251,0.03088944542527916,0.02445746941189947,0.011996406637325319,0.015708330595379294,-41142.784325710934
484,0.04320684145963624,0.04744215535028921,0.017395038787829616,0.020919477733175082,0.03015895149557949,0.04779096030086963,-50847.09082653306
485,0.0045289529267719675,0.011296447895839124,0.02189207828379186,0.026924230475952,0.03655819547716008,0.04035005511977766,-883585.0325661849
486,0.04728468259122367,0.018915491118670764,0.0385386606832685,0.00567540606542768,0.03265623337769705,0.024105536012721224,52388.580364595015
487,0.02702383460853775,0.009140438521548827,0.01603670594767258,0.028621547112394608,0.0019208467884522296,0.04531078682736926,-440215.2629334157
488,0.032659594251140935,0.03364266973424467,0.02173798734045231,0.04763920747877251,0.0001740961842305877,0.010639579602075545,139192.116423738
489,0.011432280133105733,0.03609533897563382,0.008443652080635739,0.009009708685447499,0.039065225863992574,0.029904002955591015,-785073.1752155067
490,0.046833484593256335,0.009395178951823836,0.0053656181416260225,0.008866683164836587,0.040698547765943026,0.017673743590287422,-542145.3964631296
491,0.024882385118268943,0.025977479905484702,0.025409645738912242,0.023042843814655118,0.019365330266032273,0.02606901032206148,329999.5020110375
492,0.021833374466941974,0.04974074464148042,0.024314030633529094,0.024007123441436268,0.013729200133122134,0.021227801874692018,640579.5644317662
493,0.02389732903699155,0.021088303135728067,0.0033412877350731452,0.04541685749271501,0.025144706823962255,0.045819320521118784,-538286.6365316261
494,0.029647831557480804,0.011398388611159122,0.0318804490114525,0.02750635239089823,0.038440864663207945,0.014679565482985647,-43777.489865922114
495,0.002541673097423858,0.04906935506265009,0.02345025395063361,0.039520674502220396,0.01321608064924928,0.0009774985821486505,-650017.2099371611
496,0.04483776857953492,0.023778058661646742,0.003016540928711087,0.008036447158884652,0.0010826437516018416,0.04735313209457143,-306477.42408232455
497,0.04111067730469035,0.032409186483356715,0.03908785237869726,0.049998851020884715,0.03811151318097603,0.005406408187579381,746980.5616480333
498,0.021408493175443667,0.031896837212332246,0.042811450189830375,0.04494727301663248,0.03718880916330522,0.016612225770104395,779029.7303340373
499,0.03155327214359437,0.017383681741795165,0.033126479718309995,0.025113895590446605,0.033087967063098446,0.0012025237836635616,63677.159478784844
500,0.03359270943070337,0.04802934812533125,0.018545616077083462,0.02507704560499476,0.03661977166274926,0.00941126859481664,-12761.970748017917
501,0.02125408837570656,0.04060614805935296,0.025288115737137063,0.022189528673966653,0.026626506459246663,0.036778268597961614,398836.8244916763
502,0.036828654655786656,0.022985473222679603,0.010774757090635023,0.04822268553965538,0.042413777400214576,0.03107592101149751,-166900.56748961276
503,0.03726019213905054,0.006557758459235497,0.009929183176565404,0.029182033741740467,0.030159334653633536,0.02725893213298869,-523296.58635409793
504,0.03134124913921043,0.03736349000960349,0.04473439434339075,0.002968144012946178,0.034914819729410254,0.03581684000648015,1145377.6191948478
505,0.013629324870794586,0.005536212930027718,0.047802332976131456,0.025624018113351372,0.04351938027012715,0.033621840137833925,-294693.2711679999
506,0.007721154401107122,0.009883349112731976,0.014566472677923287,0.018133232892850848,0.0009847176799317127,0.002958082324884004,-917875.767992534
507,0.026469567701314374,0.044141278301703904,0.03802730113649335,0.017589913082089317,0.023105266259934143,0.008343555975421251,671963.4010857266
508,0.03540787769213176,0.008759028392800183,0.01788413157629871,0.009466415321131606,0.011510567938966815,0.039025666978813635,-293773.5528077875
509,0.023920246304333898,0.007371297674279293,0.013671485106333627,0.038564392047588575,0.01914694927068894,0.008618219079219792,-372186.99929350545
510,0.015416660197642214,0.006363809916451963,0.027511984595412882,0.005545419253173462,0.0043564656023586616,0.019563962544968606,-544784.2637844359
511,0.03525140982620965,0.0034965815738430607,0.02405615508815749,0.0022771216660559704,0.016681751856316752,0.04807666212705687,-575450.3576580046
512,0.03911055976338976,0.03739950644762235,0.040753654810937706,0.025375230780501936,0.04113223284175945,0.006463297294769955,592483.508927416
513,0.022412031658530354,0.04102785413199304,0.012037653560713475,0.013403939120485243,0.047327322227200444,0.01917759484670118,-272021.38618427265
514,0.018040528070875767,0.008817778820890066,0.023374226971428592,0.03242030642241612,0.04880633895812947,0.027539387816536778,-203881.8888606128
515,0.019603001120772165,0.01204635582071561,0.03758903546153908,0.015267297461436798,0.026597422797603118,0.0027318599665429656,-180532.51795100645
516,0.01569233860558233,0.013640216507291787,0.006544516542524754,0.005618493704634559,0.0003585552526134961,0.04421050207825022,-967517.7722825686
517,0.021941085090097436,0.015148231441865102,0.01846364206704843,0.03356402144497978,0.014916488256637406,0.01105807096036523,-194882.04871166058
518,0.011799863131027634,0.03815777449099503,0.04650016736773587,0.034153830057888995,0.04597660323926413,0.014956954552605534,517891.53567986225
519,0.02489659263944438,0.03214992116704163,0.043358613830335305,0.01607795546933909,0.04271203625968865,0.04466879079418762,604644.1421782887
520,0.04994148186668293,0.03067582423649161,0.04448897332699344,0.04570182834148893,0.01465771040033474,0.006015628379817445,686326.6490430894
521,0.0454304123277821,0.039572574390381116,0.023046569553655513,0.021999878599927105,0.014788243257059054,0.04419333334059179,3172.74227069772
522,0.004057700021194966,0.0007902777720066923,0.02386003166414623,0.0018317470901772438,0.03169402348181362,0.0453090682874057,-1193276.1995133278
523,0.024715726676730887,0.020368119393148615,0.02840836756456823,0.048833518340303306,0.03250652996490216,0.047496147851119,133865.60744569576
524,0.027608135165221356,0.04183065205163465,0.0054328551631131206,0.0037829731312533643,0.017963917299811987,0.0004357348663366845,-557521.6823565165
525,0.011258883305277273,0.039650248947981526,0.042391843361182735,0.04905918860954092,0.045136323938334964,0.0014026278124100679,519327.838765239
526,0.049741210681043396,0.04364560081935421,0.04449495035361656,0.0009066325229882988,0.018348474705318307,0.01292689833954509,1293809.1472210763
527,0.015717397131495243,0.02008308170046882,0.013404255241027552,0.04234661386212511,0.008024220163593115,0.03953247313504287,-501184.3540061632
528,0.03031496990963578,0.046940267710351924,0.017232044325580887,0.027722984999533164,0.018869588570249392,0.007285988086668938,306040.63218522305
529,0.02785008909407251,0.014814981522674254,0.008489998688635375,0.04988456529798355,0.030899306046076838,0.021969111628399714,-474564.23531033954
530,0.009759276490932785,0.0028972672269064973,0.047464676150462876,0.018556377827636583,0.04528641153154277,0.04105959040953805,-482471.3489310437
531,0.020143980425381482,0.04170604460010541,0.034066473634484555,0.04055928941841119,0.030809923648119644,0.044397829134790096,312139.9545024786
532,0.00959605807055427,0.008773112328954391,0.04059941007552725,0.014963918606103521,0.03518530675816447,0.020222387119594627,-760708.9266488904
533,0.013235585530976868,0.04566425918509879,0.007002770234474532,0.02999994042798461,0.049907650030634645,0.04922623903376592,-422156.3732317377
534,0.03388543072272348,0.040723693801546695,0.01176281942078225,0.02563095082337241,0.02869317260824123,0.04486608845686505,-159802.14067974174
535,0.013810368172828304,0.04822594430696009,0.013229880267307915,0.04928178562569275,0.03893039013130399,0.0032592228979315355,-331234.75316962675
536,0.02149785249500239,0.021625779662118306,0.012651737496484178,0.016131986717193198,0.044828116996015396,0.03841762529252403,-171490.82576899085
537,0.038789554321854526,0.03859246716145776,0.018915900711189284,0.03711165355122136,0.033396161523407054,0.020763192481619175,220816.22870659333
538,0.04175628955403669,0.010653746719950119,0.00021528878338393232,0.020162066017235088,0.04044662437954005,0.014689014588253547,-441674.39882769086
539,0.028558368102787054,0.04970388862261893,0.0019322154913442302,0.034241593635048674,0.036310426171197834,0.04222779946807644,-552228.4502080657
540,0.01039990368542303,0.02594573212435421,0.04049703682224354,0.015994279535350788,0.037094463341910106,0.0053244948789343445,-243788.43657306986
541,0.004452100253752661,0.01976173268794472,0.03735379003149432,0.006903086447595236,0.02086680200867008,0.002761288817762364,-1015956.2565586675
542,0.018577160420318078,0.00944182102378195,0.009774791369829366,0.04738491607326692,0.045094790525468026,0.0024466847762921575,-785844.6011940237
543,0.020502439345749714,0.02397085374029456,0.0430907208908007,0.04191558609461394,0.02544370870450127,0.0350981444186775,126273.03198152043
544,0.03211262092839968,0.03452009772577507,0.04914935857679535,0.04434655846490937,0.02884872435388493,0.005816355014231472,1047806.36781177
545,0.02059217201504869,0.020167720162456416,0.046167348386290614,0.00012893052432931263,0.024846076612572328,0.04746160660621801,-23174.286078744528
546,0.012293779350252932,0.03649076231514333,0.03772865691090674,0.028631093580659794,0.01864695690441146,0.0015461008540456679,125784.93034566249
547,0.004889399872272155,0.023411570284679203,0.010028123566077702,0.04574897086391002,0.01635783304290211,0.03523887006575481,-987814.4131775924
548,0.009268763640124284,0.02319140552314381,0.01447148537540325,0.03471186010557325,0.012694158068437395,0.003188875323036267,-771975.7546588393
549,0.039803022381293546,0.04538024456952412,0.04013603026441828,0.01925001893359218,0.015856550691859993,0.03501281994361629,1021720.3462613429
550,0.013301543631083263,0.01370671968443042,0.01273641750587337,0.04098912478299196,0.011122270869583735,0.026411553488822116,-577638.5703272704
551,0.0067519048028118036,0.04718991840518556,0.02010238990785347,0.002030417369408083,0.010712791146673097,0.038088080266104156,-901327.055097621
552,0.011234473727293687,0.04233355252541218,0.019959765132889523,0.039669916024453626,0.038820223172590165,0.007119396249413507,-69431.3586372148
553,0.001755840555483329,0.00809707851248156,0.0319625170178085,0.027551736373420867,0.021135420722169146,0.049574314839754524,-1136725.2919267823
554,0.0391452637085862,0.010546719424435648,0.045869779463307114,0.03270349345291681,0.04676010456978646,0.00726751525042188,-222664.28287432838
555,0.04254985600260822,0.04241903770305405,0.011383057339960707,0.022543663655011453,0.03858038000529343,0.01839288640152013,-389997.0310235724
556,0.0025267994325028856,0.043371176974129184,0.01529001143692837,0.03162542480768234,0.025585108618683034,0.04959647046089962,-959064.7554951528
557,0.030945819058676296,0.0379983441850365,0.006414662925556008,0.008693627003274574,0.04676743476650639,0.02007854769016484,-331469.38849367684
558,0.0390419177259524,0.046925572948053294,0.03641874828732045,0.023399648318864725,0.02643009418449895,0.013268327471678993,1129426.6758010215
559,0.022061137424027905,0.04383390693758515,0.02637288150362795,0.04818287213053965,0.04557436026173947,0.048645255010568135,569701.0941126858
560,0.03723854639083771,0.04102529719293021,0.0374676430849503,0.049845978610476155,0.033490004759048606,0.022584274790287236,997608.5952288706
561,0.014392743802407699,0.005892195045291555,0.011916926468103007,0.042536695074815244,0.001190243891816928,0.04172020223567517,-411656.9429800388
562,0.025143746849017663,0.025263846114654792,0.02913221746572688,0.024864301210550332,0.03366100135417089,0.01870230306712538,547316.3028491944
563,0.019755091877394545,0.03934456907250139,0.04565768751736039,0.018431157693340795,0.001585857640544386,0.021189471521450665,747395.9622888962
564,0.012336252673973563,0.036826160885094404,0.033898592627252234,0.020417709770966505,0.011239555093403564,0.012366163676988375,-7403.90263034114
565,0.02615452496396575,0.009426511693708013,0.03976161292913548,0.029206979022125587,0.015888572126975153,0.04151259545086449,-101585.93829582458
566,0.04803131428144164,0.03609181661168067,0.0458929998312867,0.005569255342853324,0.02888224732875218,0.008002236356955118,1027054.9256017952
567,0.04920926324739999,0.01760253371196191,0.031911177646316846,0.02641203134603294,0.027627294347515936,0.03211488432628646,31737.113116988432
568,0.0236966368819039,0.049331437343161505,0.004690391200386246,0.021371247363644687,0.025473734256462724,0.009047630804064666,-451730.273255711
569,0.020618745714861234,0.04377695222636181,0.014202565526325773,0.023150767486816482,0.01865151945471453,0.03330655523272049,-75222.96276242922
570,0.03938964253194364,0.019139158139012787,0.04899892699450792,0.021741086174824304,0.03896708254901102,0.021299604928684608,54963.69388326635
571,0.04417649182118538,0.015066017883130767,0.03850965567689276,0.011788558648697933,0.01368443594792923,0.0022642612545818288,-105218.83348442109
572,0.016842827191663436,0.030318142010776757,0.0329240384196646,0.026995940530045504,0.04154404419501609,0.038455585340878506,-54369.73110511091
573,0.04147977045428525,0.001222542044100744,0.011007894557614984,0.02188947331692357,0.00980601775722561,0.04317422216487264,-570019.8267389496
574,0.035595890529428936,0.028176161848476867,0.024780253910057157,0.0028390517022534203,0.019961136260124704,0.04283075711919756,145088.768784008
575,0.002760497835399023,0.017413794173072813,0.04325501159553242,0.01965883437020982,0.005893773537847997,0.013297475017289806,-905317.9703388925
576,0.0015446418518016093,0.019821811768240605,0.047257414383538636,0.03000147208714742,0.007601795384728544,0.03274676634211779,-926991.1954995259
577,0.0025440367272507314,0.03748528755223184,0.012880630809101824,0.021908096559962287,0.016719475041026093,0.012046274026158195,-1119749.8674371815
578,0.04333044160768362,0.037303398947968254,0.04428525854291815,0.04116649929283547,0.01983369737317008,0.03692396328031138,1140469.1216986175
579,0.0107962395215633,0.02656463774093025,0.038963497178740036,0.02201775963186922,0.004593359344338971,0.022025298758363024,-361767.6565874755
580,0.01228498714974905,0.011537315263360848,0.0013591066748792513,0.0253843889867882,0.022892109674668842,0.04081208558741363,-851058.2805003924
581,0.04792576469877262,0.03550084400273117,0.031778017700509247,0.04554256745215147,0.0393389337605517,0.029139095110547988,873253.052934966
582,0.03719973613474955,0.026580645934771968,0.023806691054520518,0.027072498027744536,0.03223080150618295,0.014391514821968727,279711.31830851984
583,0.022476612056176043,0.032021960605182066,0.01007674876961916,0.040592342307434255,0.04284240888018305,0.013360858159091528,-278206.0573478004
584,0.044402934750743486,0.04058761856096326,0.017478180572601695,0.04514091040700388,0.04243663619958338,0.021224338374125514,14184.056626923644
585,0.02893046484062622,0.007051364997500731,0.04861731239667991,0.045450010104637284,0.006021949690575407,0.0013993279604450183,-104669.85925695417
586,0.04514463438151418,0.046094875324960025,0.016608152385172582,0.01739334127970272,0.028271784941367253,0.01757213072664331,-103634.41398985035
587,0.008456735369142787,0.010588608173315518,0.004500069552254494,0.04710338668356798,0.012735511452757253,0.014060669679633948,-982097.5002810272
588,0.006005531505069217,0.00356522670924227,0.04949115346024368,0.03174138062724276,0.00019319411708541013,0.03637785261772996,-890118.7198812295
589,0.00370288416845368,0.006627104047570682,0.041362729779536825,0.01887347415465786,0.0488873933821648,0.03457087965148743,-994824.2255066034
590,0.02901201083714716,0.03872086022846662,0.03154560038863275,0.002610747754117154,0.004631390437098682,0.004408405346207928,823333.4299341736
591,0.044108753516447406,0.03192337638823703,0.026106254645157548,0.047631112994597186,0.03420257706087939,0.021380300364446787,206372.52025588506
592,0.035637484688064984,0.022369637589605473,0.017303191145236735,0.010024134494001552,0.04368198732179016,0.010077796383567024,-185122.42143337766
593,0.023382622622510625,0.008485705254928033,0.03982858649013457,0.03533396082379087,0.038166218077267305,0.014732804442770414,-174544.20134025073
594,0.013035189066797232,0.007676577316852374,0.01231761208916134,0.025245736858532115,0.011149464115919695,0.01894648287277491,-576814.6498800579
595,0.04210350758861199,0.01651006477988657,0.03430249347529501,0.04825671991400044,0.03465690173272151,0.04233071030952576,118480.43885700614
596,0.04282048153278697,0.003887233346252106,0.03825122025890215,0.02702997857333705,0.011951987107567808,0.03564399283335968,-324091.085715962
597,0.015383273318951502,0.010831118209202135,0.03444507262264861,0.025028398039528322,0.008842443405352935,0.020621494480910513,-413366.2533067685
598,0.04548983113666169,0.01475096043561977,0.028441690269215954,0.031742010950815296,0.03676659283411191,0.012161039794517587,-175385.05852270836
599,0.014491705692474578,0.0277142792863214,0.031093101532717028,0.04379986696746656,0.0189775553537339,0.013556835894637421,-27415.144259773144
600,0.03051676943950899,0.031177318482137298,0.006753989610876205,0.009756002772686241,0.040208566720148685,0.017708228748303124,-421314.78042912827
601,0.03467702347933598,0.033737517819011166,0.03412940611084416,0.024169951394396733,0.011140991178193782,0.034304553558446575,594886.3050615554
602,0.003703527636935317,0.02234194212070763,0.020451756602286486,0.03905167037762112,0.01697126244766708,0.047253969268570103,-622768.0681007674
603,0.004335574182159957,0.011118396394840536,0.022048131589901838,0.0015305304780118046,0.006647155163702018,0.029439351578024544,-1225502.2932318372
604,0.03714531549290411,0.01185310384923316,0.04148749550624558,0.03507034310241899,0.01253414947545295,0.027703554844567425,-19954.558531769137
605,0.027289914286973173,0.038021084259230876,0.023627799166842857,0.015919312352140638,0.027704462281079513,0.03296638388821262,263564.40337073203
606,0.02495971127111117,0.03098596946898201,0.046398530408291214,0.048640402678452876,0.022784843001059187,0.03241080201356903,966803.3953513225
607,0.0245906290706455,0.02643287690541455,0.030099848176376478,0.028901962395996596,0.015877744694378648,0.012653206584886018,70399.44843247414
608,0.03687575686488629,0.003592516774311716,0.025784371926098604,0.049393536087236185,0.010342618085075767,0.039513763353711845,-409878.69664968527
609,0.024079579460302175,0.04608424921187852,0.024675329021817058,0.007329369551038051,0.040217563468062545,0.009286422149477403,432747.4181512829
610,0.02341602673471655,0.048109999426735106,0.02252882318004408,0.04835783220080835,0.03429938282872587,0.004505912183791444,441671.0058481252
611,0.009044221516104517,0.010845806140289417,0.004759376916848707,0.03465885597295054,0.030181038139077594,0.016877312334697924,-837246.494516108
612,2.840646294722249e-05,0.021597283050024098,0.038462129064911074,0.013036799887835732,0.03593803908740761,0.03706806864749329,-1293002.7957987092
613,0.0366733221399918,0.0016074543901425098,0.028499145179701646,0.01636029244762683,0.04381135554197518,0.013441360944424564,-408456.9161323234
614,0.0077141562706738,0.04705381423823487,0.008368249982208965,0.003493221298740551,0.02999339224137893,0.005353528641580807,-945311.9683773657
615,0.031331960884874076,0.01631191810820284,0.03207806629821761,0.013833203213324263,0.0253593196524219,0.014317981117864882,71394.64786178926
616,0.020612929823203757,0.03798215261531974,0.011533956266392892,0.01074981712100222,0.035159270745282724,0.027349967070114778,-342804.1317224593
617,0.04528959264571301,0.025010482465667606,0.03780465738564265,0.04198806241251403,0.02906197973277388,0.02417236058868892,166534.38964917397
618,0.04248650957006136,0.04994143054774025,0.011197283279697913,0.01306281758053941,0.03960329375456487,0.009843550428218363,-316647.6414346761
619,0.014344620678172743,0.012521654336594412,0.013143566607989134,0.012111420548658014,0.042079429837653504,0.037059626286460555,-422091.7609469497
620,0.02912223707696887,0.04967612615729215,0.049513904354637726,0.03064367444897603,0.0019460265393286714,0.006362880914236324,1571161.96363569
621,0.026338661568115387,0.03195136051323369,0.0429985271850803,0.024997873009380486,0.03731694617414455,0.023205043209591165,773583.7522231081
622,0.04664667292267526,0.010193031366477196,0.026427086447122647,0.0008646512207391544,0.009213499933341085,0.029438334981010908,-330684.42563924333
623,0.041641852733075614,0.015160103831729582,0.021990452124023337,0.03471085298439957,0.0016714156355952193,0.0021665876730250166,-193434.23654982663
624,0.049281055075600405,0.04925233483604355,0.04530534053825908,0.013065505772818148,0.004175084769328247,0.027097311609668235,1323940.0196032238
625,0.039922417241402886,0.013456525036140289,0.016042503703359374,0.006185099097834024,0.03241096674507112,0.03886126596537935,-328290.52438301663
626,0.027364142060243735,0.02803886872810061,0.02527514096785335,0.04852583318760534,0.04742034808188572,0.01366825751176391,379656.7233986238
627,0.031833513995815306,0.020416151131649442,0.037458707865776646,0.0014704801311586414,0.016470610805588398,0.03542400593563266,266991.1462310659
628,0.016677496323917768,0.01653384984731763,0.0063612980945914,0.0029900604636269646,0.017985632883571436,0.014901727377345348,-659781.392982686
629,0.009435610501445963,0.04252604394606788,0.022314116929022076,0.010967281790948837,0.035306537736515764,0.032954850251218706,-625195.7699807901
630,0.01139338932764169,0.037967055001119375,0.027699056290842974,0.026774704701717167,0.04553873198407988,0.005156942636513623,10447.102267491848
631,0.0010578005711646744,0.01581807286683576,0.008850070556067053,0.007484461223906541,0.019172483960970654,0.03279410259314503,-1424895.7044786385
632,0.03279364304914203,0.013751552031512643,0.0032473389604971816,0.029203964612270608,0.0037021343733965985,0.047921240187323376,-598855.8931273599
633,0.002746749459883463,0.029086364897935747,0.0010861727852044811,0.015253240823069576,0.017948630689154695,0.03118148995217118,-1516781.4222139488
634,0.042439605656804436,0.007769855962863781,0.03032831675977149,0.047258275872986734,0.033134411955163603,0.04773866647738521,-385281.5609931739
635,0.022234401400537285,0.02214257606159513,0.0035898571180022934,0.00937955594102395,0.03094049644864675,0.041443944593814244,-641846.407960315
636,0.040137612510610786,0.044652624237662634,0.0005508333692114232,0.02545122341274236,0.018108683791467024,0.049237926501593865,-513132.907680458
637,0.008930208784855887,0.045195209439773947,0.02747468064000291,0.007049367019833025,0.020546476376432834,0.04366868762803301,-361796.08181071485
638,0.007501978912410507,0.010139522630457943,0.03299931221185571,0.04502403732529605,0.049019105077988706,0.04424237961321908,-559018.2709824373
639,0.03624084111234365,0.029971340428996764,0.04765741899562629,0.0025478512693706268,0.04648832498137442,0.021408359570339264,862406.1993866725
640,0.024703180183088855,0.015013595607126335,0.023861645498789826,0.0325809593728291,0.019713793458355958,0.040683403830677436,-38735.412237657605
641,0.01798331468333055,0.011220794633734316,0.0022981624670070032,0.028795963816138304,0.042277232127700216,0.009688573576038362,-710907.3494551792
642,0.01761062467825621,0.035570467385487116,0.0009218901437596905,0.009249154737745114,0.02201884007923935,0.00023757724812402682,-761388.349936811
643,0.021958925660296738,0.03220047007249342,0.030520205458715362,0.034642647744812904,0.01480268639040055,0.027864967310722494,378446.6460331075
644,0.0388324217944358,0.04052598578298988,0.03558529104596939,0.003500178023042344,0.008532217969134698,0.03114295850109664,827019.7353238183
645,0.005139884807237472,0.023751122200218036,0.03017029787438043,0.015283131355552156,0.010736097129281686,0.011442325040388397,-754778.0128600706
646,0.01227830194047258,0.0021275908823388257,0.011179516043802346,0.010740968236274774,0.03114254747152741,0.008384560723472856,-926832.8310260331
647,0.022744720086631944,0.020696515952730046,0.008833349066358081,0.018135317958994517,0.03439434327967261,0.025683552867382532,-418239.92047331226
648,0.041220777134174644,0.04628433343683623,0.010067415952635762,0.029864043538774195,0.012545348973187426,0.04663574365826029,-437720.13603295886
649,0.04647864577836108,0.0008930479587590412,0.04624812363534728,0.02069396241581678,0.014348196830616729,0.04521630920292362,-370982.41778324905
650,0.0475964395040454,0.0006025931507962601,0.038150964838837405,0.032764480763219354,0.030697293156922524,0.04433673260830841,-560074.8749350664
651,0.04851007862849217,0.04529511094088892,0.048535508059810654,0.002927014313569221,0.041883975600379014,0.033893218215255046,1447083.8803734458
652,0.02751617528488197,0.003907806994269414,0.04248945989025181,0.01799963973900647,0.01281756712619278,0.005240294994077882,-624590.949018641
653,0.03069141279045058,0.030736837209414454,0.020862680492934313,0.04705370851233451,0.007095605166476809,0.012971926786544213,181023.88113648037
654,0.028592098826055456,0.007678988954305727,0.03698850132830752,0.0345553589784735,0.03550762189429963,0.008038435230129698,-358554.9557475506
655,0.0037508653675771167,0.036489038352189605,0.042448921131242705,0.04070655803828138,0.025514363458818124,0.04242283390575545,-662721.7272827129
656,0.02362343387822441,0.02549151830285247,0.015610713646103913,0.004364269492377226,0.0021414999546844836,0.03184951907471749,-162772.0160109219
657,0.04847292918627938,0.03665622372797727,0.01844942766501725,0.007501189855490842,0.026247452286665,0.0007054379642254361,-53700.73487445805
658,0.008740369311650254,0.010978979610104567,0.023196114305502502,0.038996463027410014,0.04497650850892508,0.0419441380982144,-727751.8006600853
659,0.0471284200157169,0.0367073172880459,0.010762187408957492,0.04791764065752092,0.04515478773293949,0.022200900914518262,-265583.5804533049
660,0.042978056670944904,0.018910026150484056,0.042586109137625935,0.01991741042218233,0.04480918339857715,0.046346939767861355,269673.0397012447
661,0.012084979899056547,0.03093303059681588,0.0463335244040641,0.048641797415901855,0.03841586174213914,0.010099441497069019,286763.1670140253
662,0.012894700457389708,0.034646329529292745,0.04936563099785719,0.047247706805536124,0.04735707334081098,0.033306568195648575,736395.7610517571
663,0.007529914362150176,0.004420114535033721,0.03370975962224081,0.04286401331747424,0.028058821058197615,0.04720634727058614,-716678.0514365055
664,0.01698679738745152,0.003562223868329556,0.02376528089418021,0.00469681982960456,0.04319818482423854,0.0027751814518569675,-622123.2225023552
665,0.03768853398219779,0.01425612002075944,0.016752343875256738,0.016955352610901028,0.006766282130763097,0.023956754623145612,-324206.7230699333
666,0.04228497003234861,0.026003595613074405,0.04213659844032361,0.011612307899623498,0.04760361896669986,0.027966066682670477,654166.333801796
667,0.022319474607185474,0.04764875807800517,0.03253972948588684,0.04488653681518624,0.013902923452557548,0.0012988779973280408,734597.9520562418
668,0.005794943265962471,0.04425464941134004,0.02446325954153989,0.03878275018419609,0.0351188829985986,0.027274582283709683,-486102.3134031835
669,0.00708194839864525,0.007634506692071036,0.03437669675549359,0.04076713648646063,0.04200421863240663,0.029395165400908693,-851374.9193282772
670,0.0023686253364744894,0.014329688245690664,0.006989379523493405,0.04829638959269685,0.03598559738086637,0.03384376880813144,-943578.6158899807
671,0.022053871480864212,0.020717688599718065,0.026093821734442798,0.01807108962793227,0.00011292893000038329,0.012047133694708901,-204891.08025832503
672,0.013981816455126512,0.0016021794689088599,0.03071930532675929,0.03819602534073149,0.03549356272185871,0.01655110724150471,-669451.4677088255
673,0.018685900144117567,0.03256674993700232,0.005433348540213424,0.03127914872692194,0.00976437397365686,0.013181385963452204,-522673.449707403
674,0.0006888677647025166,0.012414712394264638,0.022827366149702613,0.04737040469512483,0.020659028646779726,0.012249379714942728,-1121174.5260617693
675,0.019703598708423364,0.040515127763673324,0.0188918822096412,0.024355412341949573,0.01935079398936831,0.03647645186745529,149277.4662609443
676,0.026522058980153945,0.029675779622109613,0.0010915695822905803,0.04810580532454406,0.029586871222884593,0.029557359346845752,-450642.3269184073
677,0.02575666884230945,0.017241562969941893,0.021064006384162733,0.018241692936174152,0.02823154659876477,0.01596644331935691,-98778.60415372983
678,0.005014369924762513,0.039141028282432266,0.04712021254042613,5.460371561709643e-05,0.043304808643924254,0.02147220427608526,-372631.51308063214
679,0.0011134410314800004,0.030068638140567396,0.038192203364417907,0.024604424252699836,0.00417504577129641,0.0418555256702696,-965235.3456183798
680,0.014240379432494472,0.03937777924316084,0.031617752538315065,0.008516853518879519,0.020531057939215797,0.04201327735319407,331077.06398126093
681,0.0464581316135535,0.04905024056768864,0.0021173056999352403,0.022889147010675976,0.046557616773323186,0.010465715171034486,-359884.0408285229
682,0.022246888051350312,0.02734938937891091,0.0073371616603826245,0.03576164149773857,0.048899926178086375,0.027480681861015543,-393266.32537279936
683,0.016814291521368086,0.04938237238782309,0.0008115228171235722,0.03460919493219965,0.019661332980050423,0.03756686698627345,-371880.0966707673
684,0.022625396576219203,0.042132731085909814,0.016195063135964423,0.045443702826186455,0.03515277835252646,0.046796435569048965,72578.79235830453
685,0.02398992513775767,0.048902287289399,0.023743841823785194,0.029432632599615483,0.02885687202254815,0.015231369405457768,566292.7334586246
686,0.006546065607324953,0.002586074583319553,0.04727082862199743,0.035481374558189296,0.04409762608780777,0.03231581130644656,-634554.0173257296
687,0.013290470663753285,0.025203195328227547,0.00453508830449843,0.011651961029929148,0.02720545573608433,0.03779687084757075,-592221.9808181883
688,0.021182756027530253,0.046505275962506205,0.02512064968154692,0.046968165743637644,0.007829802476027698,0.00637485454832803,639769.2286251158
689,0.0485567575901164,0.012941781861869985,0.02522726198519686,0.0206471765116453,0.006280558473130544,0.04902144562525593,-267465.0218486171
690,0.04297653959046627,0.02241261772768719,0.01397436867850948,0.021215218364127958,0.026680525953395248,0.011354389064638565,-533383.7488491703
691,0.04277376817089409,0.01949447344363045,0.026536164553011707,0.022456306176846463,0.049234696743060996,0.024434357568348476,-193151.97168462817
692,0.048826353320757285,0.009324164737793196,0.015070031836009285,0.00044119629022431055,0.012126376512531529,0.04892274152392521,-549351.8275456389
693,0.0015534800034919972,0.01959188549550264,0.010009171529242978,0.04945337567053663,0.010524654488585285,0.030763204392192673,-1261749.468185638
694,0.034001746770394574,0.009066072938292619,0.03374063762029349,0.003845416525270723,0.028872082122231458,0.006296035074321871,-398184.1917875161
695,0.013173771409465886,0.01776089170605999,0.017443032602319875,0.0409330761821329,0.04697874938011223,0.008649340402474132,-151385.47091277927
696,0.03583758750818047,0.023325463156917154,0.018064944942634154,0.023135608429741203,0.005102149923731709,0.01695700035364875,66397.34761198921
697,0.042631135951972494,0.028597531282060135,0.010691541063899891,0.0032548877380263242,0.013227326400871355,0.04951118335446508,-248448.26569965456
698,0.04500456390718413,0.01713251480168203,0.0019489688768660196,0.0022301633660700925,0.04294841648093353,0.003872628887705243,-607331.5024970173
699,0.024730011198722646,0.006196902722043891,0.011923322185787129,0.026449846555868007,0.022605989621367284,0.04657773300103225,-409124.9169872262
700,0.037355543634370554,0.006537590668815929,0.04034721121770179,0.00995249311425448,0.008984100768981757,0.037435704428391614,-248188.994251549
701,0.046845364406547685,0.030326605020397236,0.035517959601141465,0.0362859736550177,0.034959088524639935,0.0013063558086190365,440036.60957034485
702,0.03567933049537087,0.04964039786352225,0.017076913110081145,0.012997984336245433,0.04199475889271497,0.030042906072838632,202273.3374524269
703,0.008142827562135125,0.025958361745716075,0.026662490491585412,0.030109746036609084,0.014795830270240585,0.013008654427847394,-598818.1102800915
704,0.008895624414807225,0.030655470949706977,0.0007062366738411985,0.04732774440091274,0.03638776394266061,0.006343305890091877,-895501.85069872
705,0.04638342012271108,0.013228713891063082,0.0019780104195095904,0.0468853471071882,0.029118507590902745,0.016668118347854404,-320381.27353176614
706,0.005412472073742853,0.012012447413982087,0.013695308430302262,0.01985697231997992,0.036270225517630914,0.01881363258430418,-916536.328988809
707,0.0016404999748864336,0.013967740609686459,0.009647086824674106,0.028937239955930352,0.035524974832420245,0.009768749865298227,-1180709.1113335448
708,0.01893104637172593,0.01925838686779846,0.016950387030143954,0.04721207431212747,0.01780863857177049,0.020968737853845718,-298608.8747617252
709,0.016396194176535202,0.004486563887062561,0.0012602473563081086,0.03492571839339103,0.030439254469388208,0.022005991846958964,-665997.6842693649
710,0.01010571500782333,0.03783247137083077,0.04954048827755611,0.03248710201503957,0.04514141537860223,0.04001418083227093,100597.76717489172
711,0.046426308752866456,0.025210967776888433,0.02659119278889671,0.04121295049773868,0.012920420428365649,0.02097016746488188,77490.42808127293
712,0.01572907845179213,0.03869697193188282,0.038237834396632434,0.02769095708270296,0.0022095409580741468,0.03848960901886623,391244.6904881601
713,0.04221361787912223,0.044775228859844224,0.02171746241126479,0.016173171220754446,0.014129803902050715,0.01296460046780732,222329.0726113785
714,0.03834377840535988,0.04031993643979393,0.015422981124887509,0.014168963271003221,0.016900741607891612,0.03024122790380796,-150132.82526470016
715,0.0464621122003075,0.004717075131982773,0.04971345895816415,0.02917826609500316,0.012785587680093769,0.010321213828660376,-305311.493614058
716,0.03850453590794348,0.004663545266216362,0.03281148240525003,0.04131790950356784,0.004636166883818327,0.025641142060046376,-346840.85751872294
717,0.001708970546413008,0.038509347472209146,0.039961146082952766,0.026028043709463808,0.02870684034058108,0.04428250579535679,-753348.5721794137
718,0.030120512654572384,0.04284301959582853,0.004894164010742986,0.031195697004738385,0.04868168831240117,0.04356765416743638,-312306.5480289457
719,0.013796192102040661,0.020708876079633527,0.002122897641404914,0.010737012974360577,0.012059165511265058,0.01723870679575853,-664707.8178076907
720,0.02241080437855831,0.0132606728056283,0.01963675060508765,0.019575720754006567,0.027649756015384774,0.011625631644816942,-339907.386979743
721,0.021255131599615326,0.043970586674384256,0.013517048526381954,0.011117259055688285,0.01906949786840398,0.0336011556606376,121403.10802199079
722,0.044687156435813606,0.021298548240642465,0.016390386034699302,0.03440628065480942,0.048805837002014484,0.010120771696090703,-370883.7866191933
723,0.025125602466757303,0.020887164318141985,0.012868615652757305,0.019642957592849036,0.04823387489695302,0.034500437133277606,-100389.43573882413
724,0.025133966239803348,0.0075900866539415635,0.017596497151148305,0.029613926241100957,0.026982302570067347,0.003775519006812828,-116764.66806497937
725,0.02828951096870453,0.02067041221949293,0.04119561805253982,0.04466869044079552,0.03127526077075538,0.028583370396401703,461968.8541928664
726,0.012836088076758312,0.04848857894155051,0.03923610104256757,0.02697501716609213,0.019595710366055587,0.012733234568044639,488135.34152704186
727,0.048379651299873615,0.04190682774151521,0.007105196292582133,0.037766099266724217,0.025478375888083105,0.0016969766144610155,-571219.5912956283
728,0.02632300453175069,0.008498926059789287,0.04091136763136287,0.019954724988608164,0.04643018191114163,0.018694728077043143,18954.121020118353
729,0.029208107459164797,0.01317246571784529,0.04647994860035857,0.020661650396278687,0.031198056152751782,0.040083740190794116,250746.51994229405
730,0.005759302665713034,0.028193120173565702,0.036052027733336274,0.03342305588523561,0.04250273655614733,0.005698529352034915,-242719.02179456316
731,0.0029424268666215893,0.02989280166031018,0.04079506077315471,0.04622962766593244,0.0451960966205693,0.025957429329279393,-455144.3920003976
732,0.003376365720902669,0.025612148555331355,0.012927858907437001,0.031237111889360056,0.010640652510070087,0.022397371899069447,-1070060.7036621019
733,0.03314622257684604,0.005933868353942245,0.046852571533525345,0.010135168045990618,0.0010988339470509756,0.049045153406352626,-374177.23401901155
734,0.04473642908573659,0.009298720993785458,0.01616329421825523,0.012957325785510255,0.029655415444891767,0.015012519176893153,-436311.85063982126
735,0.029381748732652153,0.035903116831712524,0.02213280075801291,0.018531081010521745,0.01988807792911374,0.016752336566237886,258285.8393848945
736,0.007814566098048753,0.00520757469014358,0.049988266845717194,0.03186998796699679,0.048046813524430305,0.02143173250031165,-607049.6121936932
737,0.022767606072174363,0.04362658745742491,0.024118800231455725,0.04866633620271326,0.033389861867239155,0.030356809751050453,227972.26629893956
738,0.04611788192730017,0.00438796913857753,0.005700959566727549,0.011855192589946151,0.0031460352949690407,0.04259673851459145,-389162.0114320696
739,0.046481609386211216,0.04737465225223925,0.015735872373268168,0.02869905319721345,0.020720693121244096,0.040598366104424174,-45635.54225801589
740,0.017758244349693593,0.0226225117417379,0.020808084003364542,0.01552901912886594,0.039180862798224365,0.01639819177028985,-266830.57631611894
741,0.009502260797979833,0.04491876919696873,0.012665380035282187,0.046044059320208185,0.013398343722840128,0.006877705878728557,-689603.6507966707
742,0.03526362047388258,0.0033577838867486446,0.0019375665764214734,0.034904835417470595,0.008142362653238538,0.04746815251444928,-446288.58232856385
743,0.03268652362884603,0.01695079287866302,0.032772969636000064,0.0327777556194433,0.011543033064226299,0.010440946714271438,144776.15472641683
744,0.004701060108441519,0.04749256899579317,0.03742572334465477,0.04619375195602108,0.030392895642494547,0.04468680033362084,-205143.0345423198
745,0.04381336165128996,0.006823527702225546,0.01600804844464347,0.0055112602422912604,0.04626960977895881,0.026002465599704417,-391127.02061375184
746,0.018417208210317206,0.026858632416340927,0.014843424275370715,0.03342109581656753,0.018643773577064034,0.00295701610029131,-265193.97588455235
747,0.003031537109470256,0.018443919036873535,0.012727465731364108,0.04789862206709146,0.0497299164554241,0.01822734243802215,-879793.2564604183
748,0.019296064573160743,0.009847977131001313,0.013094818728236774,0.04719339648759899,0.008386314548078212,0.007734222482928777,-369588.71647908696
749,0.03134761702161344,0.019407691728903255,0.017269169658474606,0.003655592000458574,0.01956347037920754,0.002615112509079959,-64741.93252591562
750,0.026695281636118645,0.03859302704219629,0.018943397817397862,0.01973285948064484,0.006919521432483412,0.03652638977864787,111507.30624392357
751,0.02937597462779203,0.048310131268408815,0.026099005705902536,0.041668132466820405,0.034390771389814404,0.010024707621807794,649838.6438991163
752,0.045489878825877225,0.03968363121282135,0.0029359340825074855,0.038342409645397785,0.012475009851663749,0.037974429848426375,-437072.2821054515
753,0.021454943573462844,0.03491592039342941,0.049335595622409995,0.028369878744819544,0.018335625814560486,0.004174618900802884,849458.2579223687
754,0.02291881455807563,0.004639272706336972,0.02810045873564339,0.04137547549035129,0.04698264603991127,0.03329588900003188,-330382.57966898795
755,0.006328189606198015,0.03757597801396967,0.025383849873088893,0.04822707833467194,0.046705570952149555,0.009730420040187683,-644033.9328997488
756,0.036171568418864326,0.043468091343926187,0.03144740085813886,0.03656061742991067,0.01746524097188473,0.024375868028281303,887357.0082006261
757,0.030621966462659078,0.03772851477198157,0.04212275007263337,0.007848271557442289,0.04873897140288263,0.03630686915382043,807457.1652478545
758,0.043452689313850136,0.0018215097841441652,0.027809514839889467,0.013345415481548406,0.018573584508401676,0.02112414634143922,-468616.5264267991
759,0.010813465489877572,0.043017294539089174,0.03241988426016806,0.03737668620719201,0.046284863338479226,0.016072006649228584,-99060.15343068198
760,0.02101112395162191,0.009405211406067565,0.016951181295991324,0.02362500441402098,0.02966037864173506,0.01966719962001578,-432773.21902538853
761,0.035188884727011226,0.010217977260581941,0.004679147266918637,0.025209066168284264,0.0052853814510051,0.008383719386008305,-596344.1264650137
762,0.04440143791137755,0.03821051747900584,0.00998974653290663,0.020055062861007247,0.045746950588527624,0.01746790228723168,-375026.43820938
763,0.014615577171499583,0.04860350885654429,0.03540922433795587,0.012489640430250682,0.037143111042463796,0.04745650830383047,489075.9487351034
764,0.03052610021069124,0.015381424271206518,0.014956257208326114,0.022956180853177372,0.0004302477783591552,0.0344074665737809,-174350.0374406892
765,0.0019761809345115234,0.036424093345096574,0.002158761252844227,0.020753040080807247,0.03368227683081076,0.013885825791460178,-1403671.346775254
766,0.00024286688886395182,0.03647475439304896,0.04744368785745627,0.0001204071908481208,0.017224810937280188,0.03523961713064708,-1290902.978051723
767,0.037825152386365524,0.023582009531218934,0.02430226247804365,0.019655664150459464,0.010958706982661298,0.02320034320670508,343882.63156042394
768,0.02180682113245527,0.016232183355516683,0.026085710709292012,0.037617426164919275,0.005971654339615301,0.034587601682332395,-78014.37930394786
769,0.021557547857055756,0.029908394002038735,0.04490600402505473,0.033367201190197364,0.018536893984253566,0.04851680956897472,581965.9617497917
770,0.04975047086619052,0.003937164494145856,0.01923417363306707,0.04473526497401758,0.015808074040103492,0.0015545546696921543,-461655.5920014115
771,0.009035309788340473,0.017606023696276684,0.01437365092742115,0.015415240337253833,0.010236097127052163,0.02736259570237964,-529981.5015581918
772,0.008726856581339416,0.038203802671064525,0.024814437141461795,0.04593722105910773,0.04351687550187608,0.015291457783241336,-166354.57352482944
773,0.04596227911086129,0.0016296221623507247,0.0033489006565994963,0.021429876677781852,0.0018271099539783231,0.027208175382457473,-506564.80350718135
774,0.020163679146517205,0.004013866020201856,0.013136479820741676,0.003168399002536443,0.046930308311454984,0.043346691742613616,-375939.1824657625
775,0.04930148715383118,0.010447980374230705,0.009905887070604536,0.01070938132187515,0.034968433993102274,0.028401019121666655,-500144.88588326523
776,0.028682033439785454,0.024899914539657838,0.02902191486014224,0.04006788562580915,0.023782605337575997,0.009588598533288901,12430.256157900472
777,0.018836763910427337,0.041338117994747355,0.006929027572123142,0.03199217000614159,0.004014016349797251,0.029229399558421104,-391287.4738205563
778,0.021419632292073283,0.03448809242220435,0.043411822014144986,0.010635240273222879,0.034246821856178014,0.04140215808640543,740583.5671094109
779,0.018478580317837886,0.02838727995468764,0.0034569972503630756,0.005476236464103623,0.02001342760742962,0.03667607938879984,-500896.3087084422
780,0.008515954405591447,0.0034569081233057244,0.036394044599926095,0.008185153075942924,0.02832618350178566,0.033591949093786155,-633410.510486763
781,0.014402998436107034,0.036187264509591886,0.003319913952163728,0.01773968036196911,0.04159911371013006,0.02553290925233569,-685462.2709118413
782,0.043127390020416274,0.041776509905554586,0.0044464371525141325,0.0313497419970255,0.007043639835238935,0.0011580087266334527,-257809.68854381176
783,0.001187825322859326,0.002814440649099559,0.0426815086573367,0.002537428541249315,0.045196007409910796,0.04413211921241256,-1454271.2426090701
784,0.011735174452594789,0.027413665892909434,0.021312210159002837,0.04037957195809213,0.00998060456174304,0.026272932597475165,-275105.9476185779
785,0.0397762763114301,0.02444491507353353,0.025033042033063488,0.03980585502741867,0.03373345906278869,0.00577605968379688,184080.94567266823
786,0.04945459697499512,0.007506477837462855,0.04153519693729657,0.04477705999062119,0.008034119638898113,0.008589784670666773,-200064.46678252192
787,0.0025874872801942396,0.02388243847864854,0.04431674119665118,0.04505043145853541,0.024230846954725806,0.018644591297823344,-573737.4828852603
788,0.033260698280206065,0.034260730968306646,0.013165864112824277,0.027682837114902825,0.04906986664160557,0.005981522762052144,-120143.50953363042
789,0.020928739568072716,0.018329053174952526,0.026072160507899712,0.037847442439603265,0.016716293112206376,0.005852463542381187,93060.91030058672
790,0.02311139650718341,0.016344917593849467,0.015274030618558504,0.02109666776764693,0.027437643886263546,0.010298081886407346,-255637.56334705188
791,0.012542644582756108,0.01825236234423792,0.007497073896703033,0.020263472954830126,0.03178380127361453,0.02882240098601111,-605196.8602495783
792,0.043605215100178694,0.030105969591671368,0.006689321279692773,0.03615802970274253,0.041820226646870066,0.020457016588468685,-475028.09615057876
793,0.03469296671045007,0.04238332339989866,0.011876783602612946,0.021148363773111373,0.024834606722757658,0.028317668919065175,-47747.36210114285
794,0.007530029716863196,0.00043086285668760276,0.0023625169428242556,0.005416133711894583,0.015631767709738703,0.008594589768851213,-1325188.4141192266
795,0.03811256741517558,0.049359316602084695,0.00224401612381383,0.01929263811720658,0.048667703628701826,0.02913654783404899,-494113.69429387373
796,0.037403547953994636,0.003593108292048003,0.029606641245183342,0.021469075996027317,0.028296844761185443,0.03345382777135896,-361568.05118749203
797,0.0378037641214119,0.017960219863386886,0.0005467360555331868,0.02174767316452005,0.02238549021264436,0.03507005646908543,-614840.046776817
798,0.029759467606271295,0.04956223140700139,0.012880871141924788,0.0030431291602850633,0.027004028414417208,0.027366390610885073,33211.846761403154
799,0.009474563859360791,0.006196294637675748,0.027762780995002807,0.03783761305641905,0.049132237616832906,0.039787739339340406,-619621.2642835078
800,0.02982225496801367,0.03961354185852012,0.03765366368102549,0.025189430632523404,0.008472658980358927,0.02941304858165853,581070.3167107477
801,0.04462707473975436,0.04028863491711507,0.012363354153972224,0.0417149443356343,0.04662070318226663,0.04126551897470503,-72526.550348205
802,0.027793870243788057,0.014870597954679,0.016489268977575123,0.009448430318128177,0.03562879321746657,0.04400774737429217,-363034.0461569602
803,0.04659721846149982,0.034094795253353676,0.048729520662555294,0.03405084833134876,0.03428760204641076,0.02500811431255394,886730.7457857247
804,0.020845626835937228,0.02687187866769883,0.024355770995821088,0.03184881110627526,0.014719035961151056,0.00444050433928726,-79843.50042244203
805,0.005364352876186346,0.011835099726330168,0.02638181803022411,0.041385745237270025,0.04715721536957579,0.042841116768847214,-900095.4377176822
806,0.003368715256650312,0.04657309646544447,0.0061921840971685405,0.01669567768904015,0.004676507565396415,0.014006919381570327,-1071285.4372983314
807,0.009899037320845357,0.03826606119693183,0.004846727089465686,0.042141768790495006,0.0327907253816608,0.04833471220514686,-489327.1481785197
808,0.04501390498077047,0.03628504853612678,0.0034310428554429452,0.01713405092185517,0.02757360601458212,0.039501911081911395,-426864.79637243354
809,0.03459235306428265,0.031581427108565895,0.037867471636995935,0.011699597136590618,0.04820449873298329,0.029619883624590743,695573.4908038517
810,0.041409892624466794,0.03591752815865775,0.0293088147635486,0.00039487816598265946,0.0012576637814006198,0.04411080082007976,602067.950011922
811,0.016123165929088884,0.034863683091496456,0.04784857923153898,0.032264076388053876,0.038153625953193104,0.0392008000478454,605254.5222945412
812,0.029376089026443716,0.03321724342171269,0.02185640210999004,0.021022988812538824,0.03993056230711509,0.04687662224062691,246667.4447052929
813,0.03780604048715372,0.049883369616931794,0.008019466203386805,0.008608555388481083,0.038206819977101035,0.015389600380778252,-571704.0301987969
814,0.010120263975188115,0.026971887933219474,0.024068769863082914,0.016074650152692695,0.020637742551819313,0.043185975995404274,-584738.7300097154
815,0.028578489225335943,0.002453702386213652,0.02021382281652245,0.0011028033655024582,0.021696310340513197,0.03400238247846353,-350055.0782067885
816,0.02914891310327804,0.029259567565248137,0.03286669808841868,0.005520772914126099,0.03961267985087083,0.04709512989486765,444823.74676055176
817,0.03601080145013319,0.03207736016704283,0.039512157769471756,0.00454674105384893,0.007647406891543907,0.04870486124731015,728754.4686784843
818,0.031238031734229583,0.026875383126860226,0.030309821444390546,0.00989278203928708,0.003946983785160224,0.04760962681979501,367826.55568379356
819,0.0050596683376666176,0.013657827036276,0.026369989032906563,0.04463113549047345,0.03278627363665656,0.027571546364377666,-838132.3925106524
820,0.043649360770085355,0.033952577814399656,0.0045204039235948795,0.04596163481513852,0.03277600375557114,0.0329198329657535,-438867.3412112474
821,0.02961374752222022,0.011086899381854948,0.03670082798943615,0.04218427821009765,0.03266228386462105,0.02518384435188388,-227145.58874723903
822,0.041372042625437366,0.029672813629498668,0.029568130487585487,0.019486074894922396,0.02515669463956204,0.026123932454359722,617406.3921738476
823,0.016929572160540703,0.02231250105806547,0.04320541769076727,0.01804159405591259,0.022405920449017305,0.04009359664317606,80216.28316863657
824,0.03616601654835783,0.025987682984792156,0.01841161931241855,0.020825668433794395,0.001277988331771468,0.014150966088692457,20855.125119387707
825,0.002518986914427718,0.007150370066319256,0.009651259476968533,0.01158709320458491,0.039679100591598425,0.022464652923590442,-1488700.7596037835
826,0.018669177162933738,0.047207182353813736,0.025257669742937434,0.014015527151756657,0.04053524419208124,0.0009608402278306005,143659.17001846884
827,0.011742008162961554,0.005287506873075704,0.016915276230148203,0.00871254213656088,0.04134774096979,0.02753258638302013,-834298.0253513323
828,0.04078653177755284,0.0191671396705254,0.03862529030112068,0.03868248872897402,0.04190880073810388,0.04709817442942699,108652.22448321659
829,0.04013524880634395,0.005541038484935207,0.030432987631339187,0.0031712299651668998,0.0399617371649236,0.03543830741099174,-217083.3683388079
830,0.04795480316855554,0.020106903745177696,0.002547204450151114,0.010351280033827959,0.046585113317006155,0.020210094015319605,-440595.24359852995
831,0.04616513451289393,0.04418331407862415,0.026107072360450092,0.04438052637274021,0.030255685233246274,0.026337397327047832,450390.0549512715
832,0.027612656017200483,0.010587055138806246,0.040972537777231866,0.007976196694798971,0.045716381214365644,0.02783309536811231,-69884.11310725479
833,0.024930001919606322,0.0016938897571278256,0.03415074782244989,0.0003046202748408722,0.0009142270535141606,0.03888163025090238,-515771.2974115336
834,0.047524813490135306,0.041457524517287514,0.01385990701052699,0.008096817668919482,0.029936921781407264,0.034054098096699015,-243717.96424378667
835,0.0026662542466670326,0.04701757062690903,0.04685313624398507,0.013968279647424843,0.028465690420570622,0.012012937299453736,-439069.1827337428
836,0.02662076598564347,0.032115870583576754,0.023130003035540414,0.04731577136839753,0.04300850781745835,0.014402139574873457,302340.5614233034
837,0.020988268354937934,0.005972421796435018,0.004837644918054801,0.02644072454751699,0.025031642857695286,0.0480011628975037,-368226.55592991645
838,0.011636607333809374,0.04183203732032722,0.007291615036784,0.019701439009192703,0.028111377731078344,0.04643532974437186,-649171.0481623292
839,0.011334932595735536,0.027430702966110377,0.01075656090391372,0.008140552558827908,0.027524280163916906,0.005283646018091482,-717420.6869722076
840,0.008160334235889355,0.028165812084898115,0.018404663549830776,0.03087494659092503,0.018284160169350232,0.04838180365898004,-611061.4868638067
841,0.03130796429202346,0.04561026702043382,0.0075496565717533826,0.02077045905742632,0.006809381877085342,0.04169999804642021,-310405.74754544406
842,0.0456716829906532,0.04512449837114593,0.04145437916679515,0.04104333457114571,0.03474298097713922,0.037440590094211405,1082149.4044441262
843,0.03156429586530426,0.031007332873277373,0.03196063299682508,0.013235760884470343,0.03210267502113907,0.0019009935602696815,510365.7496922013
844,0.03452477756089066,0.0008241100298078508,0.04790462895803249,0.00984450719450173,0.046613972377654335,0.03696176485413293,-250675.86189340326
845,0.029280188073278993,0.039073291970121084,0.01886409195306816,0.011533627049462892,0.005569154475964406,0.04744597224342508,389770.5764426035
846,0.0006198606957897979,0.0254867329938222,0.025359505965796447,0.005609383303006638,0.01285350240236241,0.009131699649972859,-1351191.247462912
847,0.02184946441557259,0.01698585270810384,0.012491304390486103,0.00037319102058839816,0.0157067387049022,0.04870894357993813,-471265.33536214003
848,0.02637724372485914,0.018763906984674707,0.04849659415249044,0.017095165290467822,0.025215243973388687,0.03729678919608907,486165.4913252978
849,0.008646365388346572,0.01598327838135435,0.014698023546228551,0.027554005103960805,0.03717957537061533,0.033081793409525766,-758468.2595489323
850,0.02716545881179785,0.024964012848707397,0.03218702327121366,0.03042815114995074,0.03248244536058726,0.039958218103912556,322654.69525644276
851,0.0475000885287104,0.01426105427469337,0.03463857846274983,0.03550956974005521,0.03958874603525958,0.007279881914176567,-305131.1838540422
852,0.0012520101502591808,0.013119423636681227,0.02318598639982964,0.033883686635527016,0.03685109561627666,0.014998321624841727,-1201167.1902159147
853,0.0015497394240567232,0.03088347302768195,0.03391553042008541,0.04372886639216412,0.015235580165135022,0.012191605968824865,-538228.3595987039
854,0.03733658574190234,0.025828725242150616,0.030197233248931334,0.043354840774025565,0.012350991905821335,0.02077512312159001,407658.7517098495
855,0.019803262563924364,0.002062651625328127,0.004997592788725653,0.018396141501840945,0.04490309112791362,0.022761786914398216,-548128.3068253334
856,0.032749796210073207,0.04977776497928882,0.0007901619581648089,0.03471544666481078,0.03970194523219145,0.03139517903735881,-527785.8838810637
857,0.02787917484131914,0.037550437644127896,0.041338741400693935,0.047184724916245736,0.040125376462800406,0.020010331383743158,982302.8811670865
858,0.027260245061132005,0.030995799009205256,0.03483624726372767,0.047540592162884164,0.02622874166356671,0.0011288661472447948,502663.9207501333
859,0.042948312484671534,0.006114476860140933,0.04630910981374317,0.01300066398264484,0.03108647935186333,0.007840745116221837,-293429.8814880904
860,0.0013008701775785005,0.04180998754788877,0.003837021327984863,0.029203402244660184,0.018079901115376492,0.0267192740029137,-1523050.5897815982
861,0.009731410580246114,0.00019470731905663063,0.022262835276802034,9.374239366264359e-05,0.042421067733434924,0.01809627438877642,-932045.3809566323
862,0.016717961335869613,0.008299645574351366,0.022554508040195317,0.007007921713897653,0.021895792850254,0.024308864674441707,-605792.6534923528
863,0.020118544158609194,0.038383051634937077,0.04465651530350162,0.03187013552480945,0.026228122017613986,0.002176179103353132,804906.6882488296
864,0.032628362588354096,0.006220519436326195,0.014769539735492533,0.04357561610388824,0.022825446589348066,0.0038493886266504464,-499653.68732028065
865,0.045665914841613996,0.004436724650394458,0.020342791969541325,0.038641411826459256,0.03300772093915341,0.03247188863846109,-479383.5430094577
866,0.047125230961674064,0.047533242073474286,0.020560158852444624,0.021345700086778052,0.02052485313104942,0.026816931819367142,3199.4142963817694
867,0.03336984440493987,0.02283727991769995,0.03767302697181709,0.0025297206449551636,0.014947888210896043,0.04939470867811868,327963.0547576403
868,0.0015790665346499255,0.007207857446067923,0.030709940177179963,0.033109624456403794,0.020946708270866105,0.011118155147022652,-1097930.3997429537
869,0.01162761312215318,0.033302614963457426,0.01756114637306492,0.03726046809501168,0.01301451548530957,0.008118505192314768,-173147.90256409143
870,0.04433227790639108,0.04096296927799933,0.02464189000343911,0.007725745011714364,0.03646316395823662,0.032140512714435875,294685.6260122186
871,0.03864475435474289,0.01355689431175452,0.02471298884059313,0.003490304968561531,0.005752140768110126,0.03169234336767886,-480240.27214681945
872,0.00987410259316391,0.0430443084260497,0.041153380828420745,0.02855580509360795,0.03429995301859067,0.0089019454181631,131502.05530771145
873,0.04510748342045007,0.04387384906121297,0.04797981310297474,0.03632939531085835,0.04680482336652749,0.03005251572677206,1623904.6251871942
874,0.011416811581596298,0.04659121453976578,0.028560659567599886,0.009806500982139194,0.03397719276420533,0.01715408417730322,-313936.3062430904
875,0.02112475419590761,0.028018694798393654,0.01713011783251389,0.0024643873192860713,0.015116934767624924,0.045279255097506604,-137643.43889407968
876,0.014427650348047605,0.01206571689887644,0.004121399472856341,0.020556966008798763,0.04323326690155462,0.025432967176139583,-589585.243023859
877,0.024828244857359374,0.04438808378569437,0.031507598463719234,0.025848899447980002,0.0002608160532447168,0.031855203664448606,743233.7304959325
878,0.026048781637788676,0.021429645912545828,0.0232200813158596,0.005390692251521012,0.023937420734102717,0.013015842782904947,-242937.25918863495
879,0.010463867378597547,0.04114679385965486,0.009919148164076403,0.019619148291465743,0.026853867783340042,0.0007232057300986417,-588287.0125321797
880,0.03583113783636565,0.03799925057480763,0.028743452101386714,0.014229179163581141,0.04948059671459325,0.002869956291027981,633933.03342659
881,0.04314631874774143,0.014552517622532502,0.044080861062143165,0.01596967440786842,0.016071073748232412,0.01896929604663813,-105003.25537814182
882,0.03647052297996521,0.03993749138808804,0.033228985476365706,0.03423904592211727,0.01238718993414823,0.02301346720680264,885257.8137301188
883,0.04231715084949847,0.0496549431358818,0.021008142726231933,0.03224317834262246,0.016116102916429433,0.047438629025162736,185677.5298964893
884,0.04069578418547852,0.03722898797590168,0.0226435082856009,0.04898363174713407,0.0059836783843755575,0.017190994220040508,320445.21569970617
885,0.0463474499866256,0.019721296478629736,0.02827329581381188,0.010398603490323767,0.009339479777855758,0.024548991916913978,-356461.49715145695
886,0.005297117849548078,0.011288759703313313,0.04203480852668803,0.028191355406743945,0.02128260202987996,0.013627743654868036,-973310.1622050103
887,0.019827636141442367,0.01970420447076291,0.012299050909531012,0.013931078712681982,0.04960640781703654,0.04618386869951253,-263170.0750051027
888,0.02458051671487272,0.040290848067531124,0.04475820588868698,0.003794942049467859,0.03282753259980628,0.022843880374242218,834878.2204964191
889,0.0035057216022091942,0.028741036562005773,0.02336366839461673,0.0344407048599581,0.029848035277027674,0.04446262000412088,-810126.6307491917
890,0.030714092523578918,0.02236378434541346,0.01993224104267076,0.0033494157144412506,0.017479895602885275,0.04927470628877924,37214.29725723655
891,0.02359403562147447,0.029099956437820707,0.02504916055158884,0.009114267449530838,0.006366671975332361,0.03644860030002877,130630.03932437352
892,0.02360722255103231,0.04089176549790404,0.03728239956189289,0.038871758000873176,0.03361367738373301,0.03880979143799627,716524.240730364
893,0.01706892470905964,0.040028855875766024,0.04268253345022501,0.03468607860465861,0.006788534114458839,0.030411094873925355,957496.4438762898
894,0.007674610268709525,0.02913412308653794,0.014265599679960689,0.03884383412797662,0.043275830316223396,0.012311762134185384,-757069.7164703496
895,0.036958616096336126,0.011939266467934162,0.033570176208651596,0.006371538046926928,0.039054522179128984,0.012827417251783269,-441485.6483792865
896,0.012756232802881696,0.02555718817149716,0.047432323395809606,0.0015964739160443664,0.04126067818246521,0.025299556690543002,-94058.85889009631
897,0.019065376922821727,0.04378692429816039,0.04934722906019473,0.0163316566214211,0.0005714552615774582,0.0017663722353973843,1076533.6679729568
898,0.043742542440258166,0.008293301486167142,0.04098291097675816,0.03963116352801474,0.024485294248243222,0.007486102464823008,-435490.26436672715
899,0.0016074697550280627,0.019665094184965395,0.043536668665893195,0.017925281362450907,0.008265257376876145,0.005644077659019331,-1092097.618409726
900,0.03443761063799599,0.026637021366893904,0.019393201254131028,0.013815391033707181,0.027475427373119872,0.010500330390611346,-172302.50377775435
901,0.04061484732351431,0.03547792019741105,0.02342026598078367,0.017183554064238354,0.023896544197822986,0.021001486959157597,390951.9840135769
902,0.04462421686048299,0.01149740089093162,0.008519575457931245,0.006431389956064482,0.001943281776794409,0.0017729363474469463,-507539.38248706
903,0.03214018821667908,0.04859971713508852,0.012362828665338516,0.01750895090139337,0.03594010392686614,0.006562764936463534,-190398.56347243162
904,0.012483518946691325,0.006974942398109496,0.04302817776368161,0.03934900581822128,0.03578371546569184,0.00019717454428055947,-318983.6293305826
905,0.011319877020566705,0.02515892633624439,0.04954362390011023,0.0013373936490922557,0.009751660776902583,0.0028060455525292516,-247117.00216943465
906,0.0006070450461021781,0.027824304525539707,0.025614452135247292,0.0265671552635153,0.0019813630729207886,0.040132291899769884,-1154415.7957848439
907,0.04037236882050774,0.01776407697763885,0.02051706794495208,0.02464810344729053,0.03639771833362388,0.03753512754679206,-254326.17061221082
908,0.008396899029943184,0.03704076158178934,0.039235445459407416,0.025338196983511637,0.04626814381267331,0.04951203869276541,-6169.9103262872995
909,0.006833166038941513,0.019672853699416088,0.04464524976813415,0.017960734300727293,0.006293207012461677,0.018161908932393344,-685988.7169001375
910,0.00013536368378935792,0.014937953531131615,0.027752114252627386,0.011167694850713505,0.026550283353087508,0.018919380062620075,-1389326.346336724
911,0.016704692982997666,0.013602259458883471,0.023001874245160633,0.024022470714339546,0.038159378803800076,0.013701048727092609,-469446.5105860654
912,0.009076155405484688,0.026481262047974193,0.0353347960656613,0.026873736231986273,0.01675806246643442,0.03924804320603307,-520242.0891036261
913,0.02876474763142511,0.004655466542926545,0.04222043070827866,0.03197683162038482,0.00042523652553053685,0.03300256705526092,-444174.4562215777
914,0.00874889187437441,0.03824060003055643,0.01802825553879252,0.008508100403329116,0.036223689510151966,0.028366933342272905,-517351.9391456489
915,0.03913806740280512,0.01031364517026729,0.00933310518477149,0.020074133886158738,0.034703321460362924,0.04282966429343901,-525829.2805135467
916,0.024851292310874115,0.0016468007349180248,0.01126486693911667,0.038937185693103664,0.02726896382859538,0.036134716012976485,-506085.2953722391
917,0.03620061260921741,0.04186917391527128,0.0040392681968905225,0.02069572771963768,0.03945130607815644,0.04145259458114091,-518379.77183076553
918,0.04410388547190522,0.03987586020265896,0.04348421478534827,0.006864691843819937,0.011901567979697315,0.013499436867457922,1069672.46354636
919,0.034921427728941995,0.03370765336469824,0.02625466166724319,0.008304085949104579,0.019626750344871036,0.009651660572480614,376370.86269279046
920,0.032639361224565754,0.04595548322833026,0.005026100070835421,0.029776965546330476,0.0050807721448807965,0.01349595765133782,-411309.02336337604
921,0.01578822389230456,0.0036227486797935915,0.04724025859720193,0.03327603229731784,0.01992725615666746,0.021073137092670387,-374795.46146066434
922,0.0222632732999694,0.03376722353380942,0.042056003225216076,0.03989626264791946,0.049225577664549325,0.028253389162710647,500044.69900015276
923,0.04955001240382443,0.008089122889613288,0.03997563028591144,0.003953358573180388,0.005145148711181796,0.04842503610147081,-333429.55516061164
924,0.04437114490683682,0.002443768842543781,0.037704528009278676,0.03396174563742358,0.03762345591669097,0.03378818788427707,-505269.53875647206
925,0.017736266059827515,0.0324298395735216,0.02570240980194324,0.008980880084757665,0.022418108041238102,0.03990402188096828,-256505.44647913758
926,0.012987112604331847,0.006761068100199302,0.005847361654460415,0.04331814814710366,0.011866775737318603,0.029798089541691032,-710028.031553478
927,0.0051661428854245855,0.03188950200672889,0.017570542569976904,0.007855095136922669,0.047913843656087585,0.012610214449624381,-764221.3423781211
928,0.010831671910293623,0.034594254635295155,0.03434247828832334,0.03633175643019484,0.011555647211342718,0.030802697143927082,27308.21344699337
929,0.026958414617849886,0.04674789084329255,0.019270711572071067,0.03296321535113283,0.016421405172737637,0.040941693271302565,195475.23765256695
930,0.04179314856346465,0.003756970396609816,0.03699155470192522,0.04426854491237253,0.04275349651269975,0.01653991097323587,-277452.23948420124
931,0.0494223706915965,0.042329910814390845,0.02898323596550297,0.0372170129506327,0.02797453774346121,0.029631416224600582,440030.04819420323
932,0.031338303216358034,0.01766447747184734,0.033974260912905195,0.023871254262923094,0.030013057398443583,0.0067827079017874995,233779.8275579134
933,0.03851976915906635,0.049911424055892696,0.02462314585002165,0.020442361655872765,0.008883588099397299,0.01400527654857129,587065.3217731618
934,0.003065203288672114,0.029792897536549262,0.00595120749910843,0.006390726796106689,0.010624780261101002,0.0390964627893858,-1255862.9253125503
935,0.012238252177805505,0.016438995565286864,0.03655149365742053,0.027491823108883512,0.0011821559256117498,0.03942622419010578,-161435.31412786047
936,0.009190406193925027,0.008287647342117626,0.0022482121249413735,0.04547341979647453,0.04402146378913188,0.04115084414366609,-890522.1245661579
937,0.043661996817694046,0.03467527121780303,0.0019973232808813248,0.04961082214004685,0.029320097776896648,0.048129381425745243,-348051.81615643186
938,0.001414615281905729,0.027933714823752804,0.014126720064335553,0.047442211625071375,0.015661936525171966,0.04317168780279354,-878672.2941691135
939,0.02983631752159644,0.021730208784048268,0.04616562811551273,0.03962363327793886,0.03878993887005428,0.0448140385645961,400974.08585164655
940,0.014390450748068396,0.03395726842194468,0.00270271558092996,0.019209500496015386,0.020002748294369096,0.03200261546018182,-695774.284628773
941,0.04779302670944627,0.04903787339541761,0.03695373145082062,0.0368902268907171,0.043986855132880726,0.0437922660329641,1259004.0345272725
942,0.02326062357817866,0.010999671966363068,0.04062581701239824,0.036066981219312996,0.04784463889107614,0.008931430947312113,-9535.472026170824
943,0.03681770485735111,0.011097701978047454,0.022560764707863286,0.04751699235900431,0.0032095741016810787,0.027781094059595914,-223412.40824125372
944,0.023139946890839255,0.04132052749863546,0.03419223421670383,0.004509847850406113,0.028400048759906822,0.019505485622785975,498302.96255631733
945,0.032158377177002755,0.03249137112816392,0.013523503969123947,0.004080471575119343,0.03240584025120942,0.03655989998114209,-255252.13273452644
946,0.018585562991476703,0.002283114271835307,0.03934705679060619,0.008709270680999066,0.03472183596543845,0.008952377457386645,-481330.72997755546
947,0.021649910758490695,0.02191191785437868,0.012267813246681337,0.006869822465763825,0.007368163326237288,0.029953923447716746,-147323.0306258607
948,0.010471364072971445,0.029391096478451464,0.011627650760183789,0.03893954040633016,0.02984468507369068,0.040467572650912255,-546920.0226740211
949,0.0032104425782732205,0.03837537079904492,0.0188234717203183,0.02957386705351846,0.03986606236742434,0.04882612505666503,-786405.7419380082
950,0.019011779194965224,0.021565914075789568,0.04075224117040469,0.019547990398411232,0.007497108846344736,0.006769840585247883,172274.88899689692
951,0.01604184479699086,0.037901810562891804,0.046977242038977164,0.029873879832829905,0.0273551532927671,0.009211768927101538,456320.1227981653
952,0.03304340979623997,0.021584054058851235,0.037389486157333236,0.04410524813338368,0.04783741842270942,0.012660782155165085,549347.0424096468
953,0.022894868487569275,0.020721363555407043,0.026264158178634162,0.010344146545053352,0.010696092615377363,0.019371076484567974,-89900.45607729793
954,0.015886116740464692,0.00521251081400006,0.02074260027630826,0.04266135876494732,0.029798030497055896,0.003377671586633496,-497432.7179922769
955,0.006192844056465097,0.020522073677772337,0.027846686060672518,0.02364895425860336,0.004516584151404629,0.020310705700422007,-753163.9332834225
956,0.04653555906028234,0.0018111165522651795,0.03107292032509721,0.020176007115165852,0.032417633285482285,0.02747269834815505,-448995.78866388084
957,0.022886759332503864,0.0010130564102069585,0.01247740879693602,0.043737739116954305,0.0008137591332736172,0.03869994110473246,-571627.0583378789
958,0.005924262617740078,0.010839707286572237,0.01372851217304591,0.001132917047792087,0.0152144914238183,0.04398315690897817,-1080672.234091055
959,0.020065316769109817,0.026451969674444516,4.949969631930507e-05,0.034520708583856086,0.008599833918307166,0.024539227205597147,-553590.8418612325
960,0.00809346803143704,0.004678319280440035,0.027483669963137187,0.03609520904889929,0.04686716606697647,0.03171605996091019,-722584.5752952342
961,0.016453743520063492,0.027419886801735904,0.011091165108733892,0.0012337705716463643,0.02498509298481418,0.007648081958541386,-418609.266033241
962,0.0012114677043792432,0.047068345063512346,0.0054154060594497015,0.0023889775237460665,0.029925531734079216,0.03884609512552123,-1352168.8147459493
963,0.006342937398085841,0.007327341325507025,0.04906382619966364,0.0018030277748202152,0.03917946354827598,0.03531939399057544,-1080391.1653715149
964,0.030883012008499806,0.03051449758519253,0.04933491007592648,0.03759934440841807,0.012236418635785024,0.019679772774671457,724770.0370553663
965,0.004421938463732739,0.04872504462711446,0.010200657327702046,0.005987541360360948,0.011944547511723325,0.015139483573871505,-1220444.7122435414
966,0.031153575178101772,0.021004178265139586,0.019197590673858914,0.015971831976839306,0.00875199440484059,0.009435589903557168,35732.959127769165
967,0.04656216642397313,0.007461386422012823,0.049853450553812184,0.04507351998960801,0.039194680740780294,0.01722388517457187,-160736.68533847417
968,0.01895625305457743,0.03243874519442772,0.04839533657416801,0.047382176974048035,0.011946135639616197,0.020341022672502537,971601.5351587483
969,0.002880052518948739,0.04614321814625953,0.028390569267717165,0.040676265571728536,0.022144318510181334,0.0117312661454073,-713389.8317171485
970,0.03521984394887261,0.007459209194317418,0.026669371541551613,0.01842677338107442,0.02503605361873408,0.03103221918301687,-327815.3389171748
971,0.03367568573626219,0.022812365369384094,0.007749258905302836,0.020280324979076166,0.021565216555998714,0.013197180640071261,-766215.3790298739
972,0.012205953754278832,0.04271963954967493,0.001723549641638139,0.026767364920870586,0.01097281168847732,0.043376310905403795,-959531.5760069484
973,0.03544310392204062,0.04996950182572635,0.0003741498053383308,0.03736835351331507,0.020513949420709207,0.03736139235164239,-578229.4631684233
974,0.008052284140996997,0.03370721504465673,0.0029995417292674135,0.00034979709046865096,0.01722446113211983,0.02201505740733943,-1042731.4906152985
975,0.029489499192792947,0.03420000517805281,0.02940731740570351,0.023489925377284865,0.037436573885516945,0.04814037137808569,526115.1253010392
976,0.01825923515105336,0.03486411479933195,0.029714721400691025,0.018999856522140153,0.017529992476393735,0.03052576132901981,69846.52809435863
977,0.010381858604695988,0.02815677717925549,0.044095360856946375,0.014062680709578945,0.007067516690759463,0.04807704352460994,-87212.86740224135
978,0.0333416642845225,0.023589575369692358,0.01607920514347256,0.040476497840451105,0.047924977651206395,0.010891643934195833,-94722.39000768341
979,0.004294310471878643,0.012231356637951435,0.0005593376543438444,0.0008904607484835292,0.021863078786905323,0.046680448149579064,-1280152.7293183336
980,0.049331295876248224,0.011124112606436998,0.040743797134268636,0.0069162669435879455,0.0058592761417299195,0.003447639212292103,-365954.9281307534
981,0.00843224409024893,0.014180057480278696,0.020913865961418338,0.03825089994659874,0.03929632669167695,0.0347688027831732,-733848.3927424762
982,0.016220283207080254,0.039917540637993056,0.04788467040077116,0.0026645922561168048,0.03616441679076019,0.02243144042308436,716479.1113956692
983,0.04376472418254243,0.007678893347387828,0.038834433817464514,0.007894721096830249,0.014756300524230104,0.02505734199664805,-491662.0944919909
984,0.007397345665235572,0.04566905532810507,0.025893928783428923,0.016482573613484052,0.048487461337079624,0.023737087085359966,-505334.2035022389
985,0.016819054402835338,0.00785127486670964,0.0005904544089502307,0.018607525512607182,0.03365827144840183,0.03252725284279574,-703092.2969197595
986,0.012397349583044238,0.0457010031640656,0.03986310961361138,0.00012196402026337095,0.03092368491503715,0.012188448738451686,360966.02114677406
987,0.04848968538753598,0.005038076056068652,0.029608937175283474,0.018761682079396082,0.03531744453674222,0.027869311050534792,-313812.1228386377
988,0.012857523701538831,0.027147085288620372,0.016022744278172758,0.018432757207754846,0.008370517591856202,0.02527410936238766,-552388.6843038222
989,0.014173277512167876,0.028692265101229877,0.009165908093477016,0.01596830117536016,0.045646390420403755,0.026717332014452533,-697785.5934922515
990,0.023456671848605844,0.03254061325220174,0.0064091036591402036,0.04329819970852063,0.01950905142417557,0.04137185818939803,-299041.88940562727
991,0.046529713543845205,0.02528623497270624,0.04097639859421712,0.0028268451086039315,0.014905951278400748,0.003908796652234969,125975.63439586513
992,0.032695271531053165,0.03550004706112728,0.0358065470496419,0.0015825090357436955,0.045943112266155946,0.035843437219983995,803977.7657069503
993,0.04375499485307363,0.030680271752346208,0.013910857586069482,0.031255503223423534,0.02662464047059165,0.0284777018108421,-361638.8514937945
994,0.004975482143272859,0.030312530972507076,0.0033176401885290532,0.031934519069322674,0.04132898973700516,0.029844427789776414,-912334.3252593924
995,0.01206467258447651,0.003035359230095586,0.027444379450328356,0.037429038155544124,0.014048902591486745,0.04883808689082361,-414175.09812082705
996,0.008016906247143402,0.030520365971673666,0.03954325654316338,0.0015948604218514462,0.019328829763865775,0.0441024775751852,-271682.29884286347
997,0.04109403603859312,0.015477175406881372,0.027447726634724803,0.00902614813430951,0.007066904646682898,0.018271538344995675,-204031.64932786406
998,0.02815053800431795,0.023644359107708332,0.032755694571238246,0.021409735025841377,0.04666970303308639,0.04180597673544106,416652.9388645727
999,0.010504356191176678,0.04896216197933972,0.004903991354546622,0.02320448188452571,0.04864875504408015,0.03211392020795322,-801311.3080349023
1000,0.04146105706015596,0.02970479934755939,0.012242737359685797,0.043682936599094564,0.012302849024341273,0.02444820371499914,-405453.6716283451
1001,0.03728375003301499,0.004224044783853598,0.03872089172243916,0.0014858606678216646,0.0004440096633224422,0.03527266104697323,-343170.1149011048
1002,0.029499261112150676,0.00553751591982008,0.003975278154618511,0.005914681123280036,0.02739041185554088,0.034800374110501,-685013.8859062766
1003,0.03754181667182313,0.014646795325191858,0.04446509253836067,0.0016117293114819632,0.022437069957284103,0.03420759684929199,112355.17260795762
1004,0.038103651051508806,0.03490951223588581,0.013930302631672548,0.044486549392742505,0.014961505030082823,0.04871082648421651,-371646.0648278246
1005,0.0354472259510809,0.0474073842257417,0.004577991718528446,0.04222707498298487,0.03253175360409272,0.01959627536230656,-285627.75980312185
1006,0.016308132100178303,0.011733613273079709,0.019662506720033335,0.03555551880997493,0.04080966345351767,0.015164993744327865,-494153.71632947784
1007,0.037116632742697324,0.02371212907126933,0.028536530306012317,0.049641503245351465,0.045430968487731954,0.024275072017146133,372651.2200874588
1008,0.015707744403917118,0.007064463354355028,0.013346682446886428,0.03614149578876976,0.026200444730939094,0.03804652760985131,-651851.4480908096
1009,0.042984015062099354,0.030120848107670524,0.018899433659861686,0.04134911019389907,0.0011611277578521262,0.003956601485032463,-127679.8734031582
1010,0.03949529908677938,0.003222871622745438,0.012694554396119285,0.01682337079383635,0.04588068163161748,0.019913679157169486,-606552.4825801778
1011,0.011505157702866965,0.04926822810841111,0.035304929119638014,0.04437561076009622,0.023121695631587648,0.01444264601557867,357096.3224562187
1012,0.03088929681942771,0.00024924826472364495,0.009215500104492869,0.04503225915312476,0.028033538445933877,0.018024214751502066,-629357.0022672672
1013,0.031777064648653916,0.018985966324083288,0.04621401918395304,0.00222035018139084,0.005546656622411195,0.0069655163820765255,127420.73371468799
1014,0.0382362109570879,0.022369203640206,0.037475748876913524,0.018241814520530315,0.0303666477872172,0.015379505721096493,420912.4973203084
1015,0.04877021619131108,0.023049041235073533,0.03212629439442667,0.00327638168824001,0.01324043686586669,0.02043408254498051,76236.902612426
1016,0.04593323075306476,0.012433733101808665,0.04432789568331392,0.049613496433616455,0.019649345237546936,0.004459770937372198,-73860.28674355274
1017,0.004877235338649134,0.03242240852938232,0.03914190775278922,0.029055740723696672,0.04598200363131449,0.03933478494308751,-517019.9582744333
1018,0.030730310962621306,0.024776740207627154,0.030867354996284305,0.04181091545936183,0.046411589805116525,0.031827175169276904,369039.5415916057
1019,0.007583185438972229,0.010778535516510918,0.0134949671978171,0.049746136532674935,0.0016640784939825405,0.04174198380717811,-837794.8780281524
1020,0.029888967031501908,0.022095053687253525,0.012223792124291977,0.04285053347611309,0.04583501953809825,0.023908472881792455,-238507.11928900983
1021,0.044140466607229006,0.01869609201466117,0.02230158596149456,0.03938779618103,0.009754019956058992,0.03015651125891072,-229042.67808813567
1022,0.02048505382744973,0.009097147763837632,0.036581350771511666,0.017932257618173072,0.029808682533098776,0.03377802535791501,-136622.95746696056
1023,0.0224229131134429,0.0008128554946359224,0.048200685117989854,0.017353433337308943,0.0108119149651436,0.016084395442966738,-230941.13496954416
1024,0.04078818057977068,0.03617796770459016,0.043454593525926455,0.03319786225537213,0.033843711683640525,0.03706584680120494,1033056.7241226329
1025,0.04534036268027752,0.01687448531922193,0.030547933920834932,0.006326830428635299,0.04092586951272308,0.034407390077047774,6900.500566534793
1026,0.03044039046027971,0.013364983440529849,0.01109761257235336,0.001525253834531959,0.01677989247175254,0.023335562795323856,-419506.5565602135
1027,0.005695362740951105,0.03296570979582264,0.039045949551539,0.01803087451934074,0.005870844410420656,0.010367314225250352,-415437.14537601435
1028,0.038047648975850196,0.015813768859248716,0.010262992523260113,0.001228069745506627,0.004653858067628142,0.013315005886227239,-529212.2052949792
1029,0.022680708922731097,0.02734067301202553,0.04595435639842779,0.04099851328178653,0.026331875496860016,0.0212248945345553,660659.8733899846
1030,0.04374115771370271,0.04580291656509139,0.04251311925679899,0.03310814719792745,0.027075528016250263,0.006575696337781312,1200502.4279277534
1031,0.04822906022181556,0.023274999858452872,0.0023736748716547186,0.011131168191209479,0.011126118049530382,0.02999762563061711,-449598.72447718604
1032,0.004178101607423912,0.01951380708861716,0.012884354563649864,0.023081218309467324,0.019379253128042687,0.0278319586440894,-1241503.8949934572
1033,0.008497029568053366,0.04766018872543243,0.009770979420531123,0.04850578928912786,0.01570967280279384,0.026009771681675866,-726611.6929771903
1034,0.047968963615761556,0.03804194201606036,0.032047283606261176,0.024018500782205784,0.03583215158729224,0.036514513399145805,767977.999879675
1035,0.033800948004468916,0.0165737161829562,0.03232135190291411,0.03645353607065203,0.01007597899693724,0.022454656818059388,179803.57340901784
1036,0.009334605914063265,0.04688527162679898,0.015089666998029678,0.04055873455145688,0.019076508527032188,0.049212755864496444,-345147.6864994134
1037,0.01275932561467711,0.035558139909707874,0.0328224359033091,0.01823933708960996,0.02488334136709841,0.023726279740127344,-3679.8522786479716
1038,0.022564945917165263,0.03162231173453932,0.007974653588042807,0.021683190123462127,0.04228156841598108,0.007763761877400677,-379127.54551890976
1039,0.033666415370097756,0.013530534759759695,0.013641798833822867,0.028383235320699154,0.030930078867771185,0.042561065403468545,-344303.0416900996
1040,0.00810899674718923,0.01661885675180823,0.016562553015566406,0.030460007996305424,0.048001017389389035,0.043608385613046446,-788937.7158388702
1041,0.022708950585113463,0.009520975233317476,0.009650376807938316,0.017436997417636574,0.042995322264541724,0.04792389070467279,-351201.84657542815
1042,0.027086928583161418,0.006443870233523758,0.034444850399441757,0.012859859046229317,0.030510440333220423,0.014090195617106777,-327531.9031011908
1043,0.04719735629312983,0.021339781083218913,0.045055265657533844,0.03247836395411088,0.004682140227351095,0.03670940109345288,202204.9981212686
1044,0.0049158295562932225,0.0021478813687822286,0.036068443875692,0.020990991429767143,0.02936535893382184,0.0012931201261749071,-834232.9803974606
1045,0.03805107864907483,0.04215291204828757,0.002840883919999071,0.034772072760516415,0.02479956770676217,0.0312625503843921,-569165.7630410878
1046,0.038845352747841524,0.01882693663982909,0.015166881634109931,0.015783398618808703,0.0072910086710707206,0.021771447099807103,-230267.63523177948
1047,0.008651196067164846,0.049800787755126356,0.003183179465943181,0.04719895606431817,0.011389701332690266,0.033791950601762585,-650153.3301605036
1048,0.04135040073039997,0.03197472177452638,0.03675402221309336,0.0024921772017270694,0.03590498926334642,0.011921859340074654,524878.0571845061
1049,0.03558585599608982,0.04292172425365913,0.009189603492805416,0.022575853011466626,0.018387655029738704,0.005642017165867774,-436768.4033175453
1050,4.123084173426883e-05,0.02992642445216331,0.017692931966166697,0.017279097625588786,0.017506247914659278,0.02610528195148758,-1496179.692147748
1051,0.006189366555856885,0.009306937705211944,0.016587465622961147,0.048617576646999366,0.02350087612553152,0.04572130778163169,-772090.319387878
1052,0.0035116685443351615,0.002845660106422543,0.04580131274162221,0.02307788292812777,0.005377165043746974,0.01150764476379701,-834137.6536659073
1053,0.01560513746768481,0.04911153487367925,0.04821835041652,0.020375883802880013,0.01626843864850924,0.04329146437662459,772177.4799302057
1054,0.00712856411635569,0.035746215144809544,0.030040244456353463,0.033932280109827566,0.028915422595933674,0.02456147756183453,-392355.8580086211
1055,0.03453235365525768,0.00480955000072374,0.009428003931727902,0.019863530914453344,0.03060962199160057,0.00623035827221905,-419700.21613186685
1056,0.003831933072544075,0.03020671026085356,0.04932955379245456,0.008126659410845283,0.015155817669834998,0.008559230823053722,-809584.8930215593
1057,0.03359922688289707,0.035538076751096485,0.049229252077164054,0.03385493595124083,0.001238416070312265,0.008008874583337506,1200363.5684454823
1058,0.033900577708589806,0.0020090786314235164,0.04335028004282988,0.04513040547494017,0.04987715741110435,0.024379523891404655,-384434.48038545623
1059,0.018233914518939815,0.0002181810757357683,0.02536170887804103,0.024768503651087917,0.038669938111871915,0.0018094788810287532,-681125.1049342873
1060,0.046850750043813186,0.01286653435974916,0.024575658652641996,0.021351074095048907,0.004991394090747992,0.0200463191328243,-382858.2791558068
1061,0.008688844389119538,0.002884633583322005,0.00402724733565566,0.049191092056443744,0.03768166404016806,0.0492522937842609,-955533.6115690669
1062,0.03635054529806777,0.043203723537107455,0.007164941962624555,0.037302431283530085,0.03040550359032942,0.03771104164636217,-353726.44307095226
1063,0.014415928390523436,0.009751473382241367,0.0013427888463213968,0.03295458364854924,0.02320330149509542,0.014627316700260502,-890097.0054800765
1064,0.02767156849434918,0.03499610850688238,0.03239387404425353,0.026008902966717748,0.012924673695071526,0.024333817322107265,406140.6112920022
1065,0.01940267736511238,0.027750512296995267,0.004704965331811234,0.0073067702960543,0.028269754948502042,0.012264184540605239,-693721.4612342576
1066,0.0077151859361342225,0.04658973097764917,0.03807538739099484,0.014680405197078484,0.024951407089119422,0.008126312651079038,-176252.88353454822
1067,0.04613695479125837,0.04583401422496836,0.03246963085538703,0.04811899418179596,0.02234721576964381,0.017613961481337554,1020395.9135324878
1068,0.04641193240560826,0.02083520515412316,0.00018081223924704682,0.0014598302546290466,0.04216271815561165,0.03129169576531922,-466787.7192095067
1069,0.003128555792307969,0.005474366285040761,0.004767672659143013,0.020820257742064863,0.012276639966923786,0.03725687093376926,-1073715.1276024694
1070,0.017585119542513173,0.03506354035546788,0.03953244033002475,0.04727372878708336,0.01904048528260101,0.006743803418961564,416856.57852946565
1071,0.029510663717231236,0.007321808727848978,0.03739508010740877,0.005459737363636869,0.0003180986166942956,0.0371977720385861,-431648.10630114377
1072,0.017740095956879948,0.0006496674335898123,0.014029431026637468,0.049069769295083526,0.04964088763767841,0.03920986271714628,-667434.7680313541
1073,0.016530027707048894,0.013712276760905147,0.04059350765937928,0.00810918891480218,0.04888547279565608,0.016390672150097547,39455.327824809414
1074,0.03799631987970452,0.03477760152063208,0.006950253925613265,0.016680980474627183,0.034366847644621945,0.002452459353722569,-329499.1145316549
1075,0.0403916954853141,0.033858798083166185,0.009741884324069595,0.04128848649537797,0.04986486382438721,0.03875348890449587,-223086.2926064073
1076,0.03240469651407582,0.024175582050184052,0.021967503092811255,0.03908382456036666,0.01951568352832755,0.003296069450782846,-113289.44983052454
1077,0.005606158173619442,0.02591521379225827,0.004996590448618183,0.03963337171172117,0.02985790434524003,0.045466934456104224,-1004911.8276541382
1078,0.008212669362713332,0.006627315713738136,0.047705413953500385,0.005798145008341627,0.015256153154705417,0.018032807686169324,-691948.6766133975
1079,0.014243234522194503,0.01776021617980039,0.016104030314801804,0.034163985427234575,0.039387258155157756,0.04805102042922102,-538997.8601899551
1080,0.04491252225890719,0.028148295566744426,0.04595799494666559,0.014770357916207722,0.024681820428212365,0.0014480465040649206,550006.0918133296
1081,0.014996245291394778,0.005741733721597447,0.02781092263620873,0.012649393905444395,0.01870017540598202,0.029690310326272413,-655077.1414156813
1082,0.017276849589500876,0.04009534167453742,0.043971170445582936,0.023542274679958702,0.01822375298884987,0.03120389832646708,772829.05951264
1083,0.02362867554535359,0.04856795120427542,0.027650650317220294,0.04143078385585002,0.012084056649239462,0.017143793963020616,649086.6433387417
1084,0.013546019669315623,0.02444877576721373,0.0018655146201463802,0.035246182484351,0.038897029937926514,0.041269843586732365,-777379.8438241848
1085,0.04020005801315338,0.0050717525427210475,0.015437424425150248,0.010466560944851433,0.026963348062220782,0.04500055492626422,-204756.58649684573
1086,0.028265827350247172,0.002148756282344944,0.003965844959072412,0.01959752275457459,0.021494154511077786,0.04924114719503429,-597221.8760256403
1087,0.034805817880650645,0.003588854653038437,0.023854143312368827,0.005652632301625271,0.0352800994730818,0.042509206352044596,-668239.8679628406
1088,0.01693478167103752,0.011403970397820824,0.009438944893183272,0.0075396758317008705,0.03572266180036187,0.023486911100522114,-601786.6309204415
1089,0.03817056468662897,0.04757710965751413,0.007008987110166587,0.042644544233732165,0.045372615841795305,0.04362424515772867,-330745.4100884338
1090,0.04798406095870635,0.029738125173755188,0.03208302026816286,0.003219256878950638,0.037842763840748715,0.04607637874929147,631076.926297228
1091,0.03549631890712909,0.03520594451772905,0.04099055540928442,0.031067422033546552,0.03004380302392451,0.00225026936990555,674513.1059894435
1092,0.024173432567384873,0.026667929375735058,0.016191350123170797,0.04280165111029693,0.0023201780414580766,0.015675480319233697,33655.22399186031
1093,0.005262879689155853,0.033232009546310955,0.0016804984593125462,0.04629315326436078,0.047487257136475614,0.04959502702379613,-826689.2888806093
1094,0.013781752554168414,0.0047114932223050136,0.009536357866135903,0.023820114280644313,0.008871477319050542,0.024397224341454193,-730961.8217902365
1095,0.031936545644869044,0.03142383151024591,0.021052745649785605,0.005115646254152462,0.04362680544849849,0.028026861663325242,136485.91499181927
1096,0.004508598824474558,0.02166869582297042,0.01763724359291467,0.020225294958337765,0.003976535124040221,0.020262033840831525,-1040541.4140409951
1097,0.03602295764279749,0.028951330409952587,0.02457828836684995,0.043309580419505445,0.03517029662386064,0.0041227758755483295,365704.0365727352
1098,0.02434910411524976,0.04831484436302094,0.03781471108517253,0.007995359986308792,0.019615424535375233,0.005068754134295934,1049966.1315057182
1099,0.024848978023006393,0.02396113064444888,0.0013239550652481725,0.04670205959966355,0.0326146022315438,0.004741150065197253,-535398.6993012745
1100,0.04712546316599034,0.015958698588366484,0.012796954094037189,0.03940287311902304,0.018420296428597143,0.012243532227661042,-452894.6175589258
1101,0.04997044626938357,0.035934483575226224,0.0023681886649643993,0.028499247096984554,0.0006686066560270654,0.023269883005212752,-315937.88118293975
1102,0.003094273851278823,0.0012750781980098937,0.029980944975643454,0.04219024965475848,0.04640287979927842,0.017127735220821987,-1216611.1461776015
1103,0.0035782250030975907,0.046669417842246534,0.0468453270011339,0.03212182940825222,0.01134117191844168,0.028010653549235456,-526144.2551352135
1104,0.02730270333740399,0.03083194656979754,0.014594720076262491,0.012701386307659452,0.028567825431372647,0.008586105864661547,-256605.6345413658
1105,0.0031986271204136663,0.03687302225959078,0.005089299437450873,0.04706162783803717,0.04434587382036459,0.016845912472441993,-1141676.2769205603
1106,0.004277882050919657,0.01556115546021119,0.000623282991894103,0.038833144446247136,0.004775206536609728,0.0370180454352712,-1006093.5586844904
1107,0.021701780787815803,0.035384045504003835,0.040067446571096954,0.014122956480635208,0.0067820884337931155,0.033909560895180685,175495.12623546188
1108,0.030215365189946067,0.04234371015569563,0.02032511018835552,0.023490340890969463,0.0265069800865222,0.026026489206896042,251483.9614182468
1109,0.042438604253023836,0.025323665524918965,0.011151806399914766,0.002972399105300977,0.0025690124546338513,0.030058375197404848,-586119.3279933339
1110,0.0472072823330233,0.013748543691855825,0.0013100742093896556,0.031193232117770833,0.00235872782575573,0.01892196659439089,-536053.9026521596
1111,0.012133702147751347,0.018334378062871387,0.017567484164463205,0.03064256397802137,0.032834032787653816,0.04141378796382758,-479782.1902690591
1112,0.026233375472178584,0.044156344101796176,0.014616911355484957,0.021036614179844045,0.02741288905734844,0.028928018780440864,60785.71046141194
1113,0.026038530397958445,0.017006947684423967,0.041088652968660024,0.01560226416501595,0.0026912701220805804,0.00021129631025523234,150924.97098194217
1114,0.007880075664423919,0.005175513415502925,0.025149762661880088,0.04180627080592625,0.010011591126119318,0.03151273320795678,-654583.1246814509
1115,0.0335943792882746,0.039776260054538326,0.02948124264526582,0.02885237393219598,0.01998165383702595,0.04167466543503169,478931.9479260249
1116,0.038692488065950034,0.01963550292804619,0.0016433835133234488,0.034920079784668955,0.001137073171958647,0.03883470366783424,-379626.1494763572
1117,0.005804965395077827,0.001936130061449809,0.016447182523824634,0.025349940900088117,0.017350964454142342,0.0363442328255839,-1152087.3373174514
1118,0.024774567063434116,0.01781587418284697,0.02802997375331961,0.03430328148231347,0.015529411893447455,0.04915194357489407,-119531.22587569385
1119,0.024030457424639384,0.03389714009319702,0.03334810817817031,0.032435424335587666,0.03028898562269468,0.0034940181740886036,182423.65135387483
1120,0.015903207355433973,0.017310722768054575,0.029257391082065168,0.013965939017236874,0.022348700116322076,0.03153128521548382,-353294.0234458221
1121,0.029821623394542092,0.015734995681856656,0.01651589428877126,0.02563818153651889,0.038151646673569566,0.013128385623395095,-82194.57527503777
1122,0.034702250659307356,0.03237054114380348,0.006752540233988736,0.03510784976412422,0.04082985234455813,0.038252498779147666,-355183.2156018439
1123,0.02205209398376967,0.044635303935529516,0.001815283805223761,0.03854232922940168,0.044425352863108274,0.004208927124024475,-480840.16238799604
1124,0.042758197324210684,0.008158907853207182,0.025362431623085796,0.034859578568705155,0.04843391005582305,0.02868253249372691,-384007.1764300931
1125,0.021216821446150575,0.0005064668670729411,0.0457698468544816,0.010865815599219631,0.049937690288710646,0.008733864641073947,-329717.97425872483
1126,0.022746261366715283,0.04771341383803075,0.014337195048960895,0.016777884868742966,0.008603109420858391,0.023225643437503413,136133.07849974942
1127,0.043313788670798624,0.04611947869978153,0.027841620818539033,0.020943800480547916,0.02456204482552864,0.04639917000277148,869378.3707146238
1128,0.010133889393385876,0.034262371605286,0.02744890332647301,0.023916219291711255,0.025731316310682206,0.04433410529592341,-165476.40652719646
1129,0.047226483292631294,0.021963603090524593,0.0134256823819911,0.040887899700741616,0.011986101561272212,0.0006462977614425103,-324986.58273083915
1130,0.006914350074705356,0.03493167843433397,0.048705480949029115,0.03147497961010256,0.04224249119187601,0.027642505630520006,67484.32206778803
1131,0.0014171885285699237,0.03702226773890634,0.046346518127983335,0.010558846000642259,0.03706775453376534,0.033476964130563495,-803148.929770046
1132,0.0037390767113674676,0.005508502255306658,0.03459785492248543,0.028251626870427645,0.04316680870104919,0.03921211764695164,-953503.2094910642
1133,0.03239816879478942,0.003441370765812285,0.04172113760755783,0.033397604571139015,0.03323793345116092,0.03311013171491375,-223703.12493682484
1134,0.02617119239224462,0.04535986866683063,0.043899544049635225,0.0262582372458282,0.023196082232192352,0.035480022974935986,1009014.8412038287
1135,0.04062538845250829,0.02579494481222107,0.012585532087471613,0.030524724073511558,0.024499028115027157,0.006333067695552081,-360584.8864525969
1136,0.02529877519555663,0.005040568890089004,0.03294230742367131,0.03509643943265828,0.03229992852889827,0.01711242129867518,-301214.1610867488
1137,0.006698860961450382,0.025558648125036155,0.002719098708340889,0.017816158310753838,0.012336119206762614,0.048095762818250946,-1089691.8568284784
1138,0.014975624513732294,0.011604023033489392,0.031001577135583526,0.043010068143436136,0.02805245147061084,0.020082657327925715,-680928.6471015279
1139,0.03933933560112544,0.0028651477270263074,0.04251418425776921,0.036841263184821164,0.02638640880629986,0.0487925516957557,-320264.3419691905
1140,0.043038384747730224,0.01711345371440114,0.032950203298516105,0.002756130696107728,0.0017142867026737564,0.028430550898668666,-198540.7512311528
1141,0.02013065158517248,0.007709544109481575,0.02643312092815552,0.010163961134445338,0.030215208177509625,0.03907115142735887,-400833.32302199537
1142,0.004317983725079833,0.043923607769799394,0.04621448797048043,0.0069054880592436425,0.022030411209476398,0.03443335417246776,-478553.78101461
1143,0.041080656850570184,0.02812640603779893,0.027879929556272748,0.04169317853364857,0.024817204501817864,0.01030767934530108,166754.28814314667
1144,0.04923036883004649,0.012395084491559145,0.003797418295260374,0.02928996277928165,0.022725853436249978,0.038596271350224295,-484719.2097152146
1145,0.02809704618005889,0.016439279890505167,0.01611693864040221,0.027778803210147404,0.01397114224852154,0.03771964598605941,76496.82259821295
1146,0.0003542677084974022,0.02981197047739665,0.013201685113780705,0.025887350648097985,0.008877327613916375,0.02815361615709973,-1368117.3207445354
1147,0.009392927409634051,0.002021596569650186,0.018218078823780567,0.04741600299229365,0.03527581304688681,0.014940168072898947,-718705.7912733564
1148,0.043948443619322874,0.016833540379868617,0.03395371050597969,0.0355436587646429,0.014130315550108947,0.027134441877063094,6416.746047150808
1149,0.037827348170095365,0.016405040459509978,0.04108203675060207,0.026329788189377642,0.012369543945590184,0.017394059993990903,139543.33709717976
1150,0.034593982983347454,0.02796211143504758,4.962320253144581e-05,0.04710907273930229,0.012529926820771682,0.040051352181549295,-526744.3845181884
1151,0.0017545382961404066,0.04954329220530317,0.03911419617517797,0.033368529000607,0.026631456626288227,0.006875743473258172,-641406.4341517439
1152,0.04687826293864736,0.04511516024590138,0.0010221491571375419,0.01022853763531889,0.008948881179520196,0.02933971294868762,-411855.4210618323
1153,0.039592364489553694,0.022557287200557732,0.03947791020003279,0.0486691598359239,0.04386196313874974,0.0012625941464788626,491563.9950606915
1154,0.0003357892081692571,0.014409965060028214,0.03756618878956511,0.013686331223117326,0.007862872946851108,0.04878389209489509,-1232255.6155370215
1155,0.03965103943007949,0.0309857300607312,0.015062809472313188,0.011780511729890752,0.010065659251939696,0.031043764679112962,-373286.93334399915
1156,0.015518129564393147,0.04833819818210164,0.02196060896171023,0.027809329178739323,0.011292574189061745,0.03351824322686211,113701.85132201918
1157,0.022356277512191852,0.027616637512034976,0.02047511684321944,0.004850360564734458,0.0009684533015446085,0.004120739535317342,-314898.59599566873
1158,0.02763357822987071,0.021616771138377896,0.041335745980109334,0.01824341129878863,0.048750816393740876,0.027362349940468197,258170.6837423517
1159,0.0454525509899142,0.04660551299076809,0.028214810291469328,0.037736305150773364,0.01607478761157797,0.035966953274166456,595232.926166562
1160,0.02210742787322477,0.0352620029395919,0.04191617956479533,0.04830905990611788,0.017888044514102665,0.049952971736751256,820300.4774633803
1161,0.028149112103318857,0.034999051091113065,0.037486467536062405,0.031920497551583306,0.037429570623236194,0.012608361942407498,610719.7110893801
1162,0.03381968883586434,0.03730667778646548,0.010432266627799919,0.032154538458862084,0.025550312573119374,0.0478201322738718,-108201.98263643515
1163,0.024918727351089878,0.029413427730254363,0.00012389654285115405,0.04523375238947577,0.019833629946253862,0.047343487576911675,-596408.9577184869
1164,0.0427981254406841,0.030501225422245606,0.0064568165849101635,0.04424062763750049,0.02951919251845696,0.004105895439477015,-359681.6362423991
1165,0.04081785362879136,0.03585284832202723,0.03791497717318185,0.008039512032976887,0.003843712233690011,0.005399655732453052,735947.9214612553
1166,0.01960212309309281,0.042710125334749605,0.020701379106618113,0.04884761871965389,0.010608364960807616,0.03454272911703315,394329.463208913
1167,0.028525457647279567,3.211518499368626e-05,0.032243655733893116,0.03182641288413848,0.03155724324265019,0.010335199979801491,-545875.225069711
1168,0.03590878960639684,0.02835546827443962,0.024827940852180805,0.02896732971923048,0.03127691747924758,0.028520265832255556,270123.6665190825
1169,0.040496823685585416,0.03406863585826209,0.01390370198600115,0.009308123363783933,0.03615302985373545,0.003662158095825552,-327310.98358552094
1170,0.0479536669039993,0.03536335970976704,0.04939694644562123,0.029560000590981097,0.02181296662006567,0.012514329656653684,1074184.706866498
1171,0.04856306581344342,0.0459454861405045,0.03776857706126538,0.04036944945130694,0.008794628333609195,0.04664908799489755,1214202.5556355629
1172,0.03047146842484837,0.008608533184146212,0.027167570871187888,0.04422825141605935,0.01802937735810415,0.015257646542929666,-241052.29586567276
1173,0.03826882611971637,0.026042857935278392,0.04341195642028289,0.006874334170945107,0.045816390796697797,0.0313765929411636,813645.2822206359
1174,0.005482794959584914,0.019047017402431705,0.025298220929682865,0.0015891791071701578,0.025549970728080525,0.004289947391469345,-1071329.7565873824
1175,0.021616264793455405,0.005429327391077654,0.007676414702231527,0.028687534247642088,0.025448085916040628,0.004142302275136101,-575446.9262309814
1176,0.04188086464277436,0.024219212960072553,0.0024361213376363823,0.04079302965583864,0.013115858858313885,0.02707421820833495,-354422.094578626
1177,0.0008245629488824957,0.02367377009971633,0.008218936296222185,0.03195194383152672,0.04811522667875833,0.0246905846439923,-1379138.7489737803
1178,0.0352562972999611,0.03976617312638757,0.01141483542285528,0.04586578861439618,0.017742867067384944,0.04287186008249975,-285329.7720802726
1179,0.029608847244089038,0.0077222321742693,0.015179132579719352,0.011791311347570839,0.03537398812177089,0.004430599687749825,-521126.1781512159
1180,0.04443977470907167,0.027204904574115542,0.04429443475721001,0.04930251783418296,0.0476968199931184,0.02211068192586889,573806.209979296
1181,0.011262390208975348,0.0165012171624333,0.023547606922840855,0.02619676089951268,0.029888743115901107,0.013751877984483503,-658676.8348959761
1182,0.024004003759727145,0.04988239835918502,0.005722265948556505,0.033723571760258135,0.0349280973302258,0.026253824616263785,-138093.5324254976
1183,0.04259825178007954,0.043184101971093514,0.02765993157688937,0.007387034624260886,0.04595929719458,0.005752254117280764,620743.817548814
1184,0.01720185841295769,0.02596130521441481,0.01462338524032819,0.03145860843552557,0.005154429830487756,0.007305035456646131,-440261.6927578185
1185,0.03995537242199698,0.02491395793551651,0.046292108943872534,0.0010269157014414498,0.01816820419283798,0.031979128221101896,765272.83097468
1186,0.03113456721780219,0.025715966655734168,0.03555346769888262,0.026077210986643604,0.03372695756242429,0.03375094304354764,559773.6719404168
1187,0.025196648221511714,0.04522531752097236,0.009222298044342065,0.007008687199711933,0.002866870171085778,0.031267907021733495,-243603.28590106545
1188,0.048667434187295286,0.040609527592559605,0.04303666809324348,0.032661215248762136,0.027835186757085226,0.012288123316203537,1232111.8966257423
1189,0.024145391618553558,0.04186007746687987,0.015338704178860258,0.040538260849112696,0.0037843007748128545,0.03161558946606797,111567.21626653305
1190,0.03809740892820876,0.007022507919451132,0.015352595798125436,0.006020576793968608,0.03272238582166148,0.020886289391174824,-499209.89967462886
1191,0.022286633167986642,0.016115985907171095,0.01935085578120918,0.035905152771883574,0.002609610123846734,0.0277541494240184,-275713.33888830786
1192,0.0410052372391849,0.01283379460710838,0.03726405860772861,0.007243894944003982,0.03411908158052369,0.005997781565584121,-157715.43052870382
1193,0.0036856034555825925,0.038286955375753044,0.03960116214148865,0.0036791661475962913,0.03565613990918063,0.003176596728414116,-877083.2827065913
1194,0.0200849387751241,0.03612389115837352,0.04575692018725496,0.011226540896575805,0.04123675985628361,0.04048441539041132,730533.6439394178
1195,0.04003564867772635,0.019522325519847995,0.024210675714003222,0.0427062878890388,0.016304994479435685,0.026402401437510464,203582.30490123216
1196,0.03896787723929027,0.01462972949245618,0.04019413701544368,0.0386673676303076,0.006849275750554024,0.03621954396078591,-22495.33365706504
1197,0.016403557128047058,0.04029952911927691,0.004340022167536167,0.004874317469732731,0.045662530431343384,0.031865509125581296,-581283.5012367546
1198,0.002219864845529507,0.04988377236849112,0.043472856161734456,0.024665265634487794,0.02423646273335821,0.00906810239224552,-745467.1095189186
1199,0.0441423751733102,0.047563997380330875,0.021915815470724395,0.017295868622732687,0.036356183265857454,0.02704718104271943,321839.95724665665
1200,0.014341777734007612,0.00650124975089515,0.025060456676923228,0.026465310205013144,0.009762294727278971,0.0345181155976842,-891450.2983876306
1201,0.011002416023830392,0.04677754283696599,0.0002001581221389548,0.019601695053067515,0.009137666921926708,0.04718923757981647,-881525.1837944632
1202,0.00715983688715608,0.01232379265417134,0.009947835579659753,0.025339937343280258,0.026401832375618273,0.049068595510740304,-753175.846883588
1203,0.011288921828985516,0.03280238025305892,0.016375603915657462,0.018320306858524673,0.04715103422812248,0.034746268056774,-289417.6369320634
1204,0.030751219095168664,0.04451289668231456,0.030127838276285103,0.03165478163724,0.01172091509712403,0.0025877836193895056,623328.7159525623
1205,0.034726639564319074,0.018275164911067867,0.007986923381135458,0.02188919191425694,0.0005085480997862546,0.0035501255385191723,-467591.0499253346
1206,0.016029203122495308,0.048214132435205406,0.031090569222656857,0.02976633778471865,0.036223591653651376,0.008397416596213847,117525.4049432983
1207,0.01387555597170076,0.022545763358105195,0.04177565187154972,0.03662502063368869,0.04748629132973759,0.037158804036309834,2785.6719524373357
1208,0.03342217853528868,0.028032642036458413,0.044258143831692055,0.039235760978751644,0.03503562901341859,0.01123687202273756,714490.6177615761
1209,0.033621978610839515,0.032136486539554775,0.009488406860538407,0.018044497107791803,0.04746334813849087,0.03306052894850594,-342298.2943108127
1210,0.005319434150620389,0.04825710585286996,0.029942918505017638,0.03945123669670361,0.04843473094223387,0.011571846025633287,-433086.2333327689
1211,0.020784170457321456,0.02945104104551088,0.0030905980535857695,0.016084333366327676,0.03224008264172498,0.0012178736892003662,-399494.7438708193
1212,0.041106363695205345,0.010832276778216798,0.04022730031589736,0.028560953866685286,0.040434418975724945,0.03052216869120626,-119191.07724357762
1213,0.02671892216318053,0.013828600682845138,0.0015104974121035231,0.014769664194805543,0.03620520416680308,0.007301581233997279,-648751.5756950362
1214,0.04079166776633029,0.008823007073465334,0.0025902557819936726,0.04473867346392584,0.005045751552022771,0.04317455668812174,-715626.2229167848
1215,0.03779388654129404,0.01750216111864894,0.0194667002795825,0.024890471386811625,0.021432350174390092,0.025033088028771567,-146766.12485812575
1216,0.01235337936403595,0.04295892393484486,0.014866476305326604,0.01001031515464606,0.02288427897794068,0.042485990794932926,-554132.4065074539
1217,0.010509628487551194,0.015462486316807807,0.010157478758369849,0.04004776211093995,0.008152426724566465,0.03367104890645309,-888122.4492799169
1218,0.015882761040260374,0.004146811143408652,0.007926501455972918,0.04284186324827127,0.04098837943094047,0.02128162216485907,-541548.0994018187
1219,0.020852644169807394,0.04397334277949382,0.0028645373361142925,0.0024046420173057916,0.04655847114868746,0.019794255792403098,-453347.06933780893
1220,0.010633735338001533,0.04541728377707982,0.044500733707996086,0.01804883186281719,0.03797574722394065,0.013198610774601128,325314.8957958917
1221,0.03397254166479707,0.012023677704761898,0.020990528052789288,0.0417373961583646,0.003802578040965782,0.037035560035810544,-285532.54006877536
1222,0.010561049721898252,0.006429425456260163,0.018999919725694578,0.04828947452207658,0.049788439843708676,0.04619021800320832,-650130.0692049837
1223,0.02879108025351751,0.01799663377324026,0.03054122752329849,0.04353812027031548,0.01394401122288651,0.048332418131488204,97903.94895029301
1224,0.014812736768965273,0.017292526388039516,0.03953367958223048,0.04639482969071765,0.02671862535125933,0.020103882719683983,-45497.8145120206
1225,0.043915736544692906,0.016101704076552602,0.028575790067263813,0.005463362677909412,0.029531703891256242,0.03502729742610988,-60160.690337366614
1226,0.013908114194613403,0.0026667320853713764,0.0368928590680204,0.02019982915907645,0.020301478031526595,0.028665569535715193,-467764.23793558724
1227,0.008550174161807518,0.02128562618734586,0.02435227466895784,0.00138920479535809,0.047893294819337455,0.01449528535483547,-830597.9956320466
1228,0.009223579208955297,0.004727767533169814,0.01740065073355353,0.007044543088444006,0.0002744198067295201,0.04284457706928567,-858929.9485337144
1229,0.04761429537751592,0.030756779499421072,0.019070511420145125,0.04316036878998346,0.004765330225885506,0.0076120651444400505,-394147.3502330858
1230,0.0019455410387107465,0.030013664069554094,0.004612882046768629,0.022395111562888398,0.00928520865331578,0.036791056841837845,-1277650.3920967146
1231,0.027127203552376317,0.03759752541358715,0.021179267414739317,0.0029019872852861176,0.027485466619293304,0.019139578255695205,60490.26124755794
1232,0.01497057474082622,0.00236921169087993,0.0012388937580798398,0.02324732418461258,0.02123785588478009,0.007657959126732683,-692734.7766253727
1233,0.021501328482276063,0.044167263535148396,0.012203138939659519,0.011014074265428116,0.00324038494552133,0.005764278764953563,-107166.96844413163
1234,0.028702775289091067,0.03421529098398809,0.003041493375068072,0.048894741120945745,0.013989340583862598,0.015351276966978212,-423212.5528523465
1235,0.007655018790168855,0.016563839670978353,0.033504658707428525,0.006355316521606053,0.03775821022483758,0.0462071405093641,-526528.6127717191
1236,0.021951755611404847,0.03670975341091227,0.043379893278659626,0.03948752685333255,0.030630791471708593,0.04066164578052881,489076.08112739545
1237,0.037918613829927145,0.04961236036566246,0.03771805343658249,0.02021151164664292,0.04297486775403438,0.0399259424819091,1417713.014338229
1238,0.04260895975037253,0.04161831792325005,0.03651328811400233,8.623221281595095e-05,0.02438970674587585,0.013230828803961309,773961.7888226258
1239,0.04009009083279453,0.04673416139337051,0.02376036892631463,0.004311645818384774,0.04230980213738875,0.0003974842150561153,493502.29481533595
1240,0.03191435119562718,0.025746986078638637,0.042551849359603655,0.03650817510276801,0.049409606049859306,0.024100988335311786,665219.983248752
1241,0.021567980143575367,0.04098633855723665,0.039967728752856944,0.018562026497071733,0.030291647723735673,0.04023489138238361,714210.544973188
1242,0.04809430506842953,0.01244603496287094,0.035480975494295616,0.012012599688763942,0.012535071457676811,0.030358900704342343,-383918.3021095659
1243,0.03784597488237432,0.04681392464023329,0.04534512090277656,0.04699399104271527,0.014921998787938174,0.018837733161450654,1543567.3111178002
1244,0.028676293085422418,0.02895765929319899,0.00836456142021147,0.04966666507301448,0.00881110826032579,0.0038484084187652037,-462734.8064007682
1245,0.04874813512118856,0.012750873135171342,0.03623681092256461,0.029487761944030307,0.0012133494210816499,0.009021661563741136,-337738.40965532896
1246,0.039789750240265626,0.022060775230569055,0.0105596860014529,0.031110459034523405,0.03297562003456665,0.025521262482380985,-369319.0448908354
1247,0.009448019210984338,0.04282480004507959,0.02553782433742574,0.019187402311469166,0.02880987922109242,0.03216928765166194,-457653.1118920741
1248,0.004506849101913335,0.035850973638144434,0.012508552640251481,0.04017410231458254,0.039637541410492375,0.03324003827574739,-893493.0343505399
1249,0.043819737537543965,0.015478589301498764,0.010013541504507157,0.04471162916142329,0.04190126267977094,0.00666230041089701,-473598.1047154596
1250,0.004242922177746716,0.025576556831882376,0.022536879390914366,0.04783397206617417,0.044587115115896025,0.01604635897539799,-877719.01770003
1251,0.037565607230157144,0.02323012935965182,0.017190798446218552,0.0010092209303519729,0.030198797337914376,0.021920878843319405,-210711.4879325615
1252,0.013082745781647205,0.013907337273498556,0.046392395091390703,0.037478333129306596,0.026229988225431128,0.0038245217625473395,15290.242668229279
1253,0.008253930104390617,0.04940882122785751,0.01634597275961124,0.012234371012738793,0.04412618780632648,0.001884484785752505,-753153.3457988253
1254,0.004419511770874874,0.01243451903939325,0.0029207189777309354,0.03683348346991435,0.014597175397571617,0.022631990152124856,-1128345.8705605012
1255,0.039501488458195795,0.025627645627055273,0.016849330943340048,0.02655027159558043,0.012504067865360053,0.03259802214988314,-55572.82186300921
1256,0.03310248023157813,0.03153232629751601,0.04699360446137951,0.03467211090489381,0.004252973983538755,0.018696353792571032,663166.8408534838
1257,0.048063025837418984,0.03403418878327027,0.04089079636220843,0.03721886506031458,0.036081877992056595,0.02723016719526196,887837.3470152904
1258,0.03962125501675893,0.02456517663499499,0.03522291440167085,0.03888373899340071,0.005382244651992163,0.005910563392226504,417598.3742765983
1259,0.003912950384178509,0.03790105415751535,0.04809165035961838,0.03287446501481724,0.03466669339475644,0.04072634276605352,-468912.74577898486
1260,0.004248737656286922,0.04180578922959273,0.046649001332463566,0.009051843888662854,0.02583858297155526,0.03304156485677912,-406505.1894700673
1261,0.011309444490103106,0.026240559380460188,0.04639291127314943,0.011184978691450754,0.025846393279699537,0.0319222512195298,-245613.61669112102
1262,0.0480113002261484,0.006394119217615818,0.01745021127777253,0.010722475573884017,0.018778170512507072,0.0108169405067854,-464338.2373926695
1263,0.034907232057542835,0.011077924969296516,0.016238531431724042,0.045147145221429937,0.01183994409649959,0.006041731299289849,-358816.23564635817
1264,0.0011645530002346639,0.007676084046559945,0.028116474720887193,0.0017577655763571843,0.002247673620567509,0.009579311748340848,-1387688.2775168638
1265,0.03265450331520914,0.03244559155479185,0.038918023538910836,0.030410425565347617,0.0008824937255561328,0.014337196237857359,643472.6915387845
1266,0.020764070686939574,0.013674535812057777,0.0007790350021262493,0.0029083445661649667,0.020182938514958382,0.0024288368914928806,-683072.3117037427
1267,0.010331491302619344,0.015619390610101863,0.008910342824023277,0.0303770888310414,0.03442121327595076,0.036566877482188176,-715388.7866578968
1268,0.0010072235748301128,0.00787238043325958,0.03330497767837862,0.011217169932312754,0.043425008098087164,0.034514408366546324,-1322112.7450829656
1269,0.03147927082362979,0.046784181969902125,0.039908414569865464,0.0028325109649910197,0.022038335435071357,0.03838782466862406,944856.4613829185
1270,0.028387805842059563,0.006877817374660567,0.028203590946257847,0.015544696336011488,0.019077938695363242,0.031480191364827145,-321654.111714284
1271,0.0030797530457090383,0.021544244870542642,0.01951293144735977,0.0027740440057948904,0.04834675202539587,0.008724050530486393,-1287847.7024206005
1272,0.021390690468147084,0.013991295919739362,0.03429152238119119,0.0013335999823130163,0.0002661491020210127,0.019977718749969786,-186145.26009796633
1273,0.042047223364938976,0.03842584962994888,0.03138760478954402,0.044212668273768886,0.04098810396089645,0.04560228991248475,664856.1934251379
1274,0.026917239966650665,0.0015542090004015186,0.036146699934596065,0.02668911596644495,0.02243731169375822,0.019293048805339726,-486321.6705729261
1275,0.027249146978924874,0.013537052533194344,0.016392101942672082,0.002320903789565293,0.04547606281525768,0.024808804614236374,-9859.239137595134
1276,0.046780339323487075,0.031218112255861352,0.023795621732876415,0.022753371552575508,0.025758374350705868,0.03970772590571003,-132896.5453486492
1277,0.031046086985420385,0.02068711624928285,0.02350911366015081,0.011223554299128198,0.035495033949746166,0.03553848704270165,-292301.48134726315
1278,0.014515462835383519,0.021992665029582227,0.03427961162189552,0.042477639112909145,0.00043417992319350063,0.008519777161756604,-57209.47833163317
1279,0.0019970962543234606,0.03975137036480775,0.014148977043065641,0.023552342602237777,0.042527019373073925,0.048255843081399206,-1148951.6856262416
1280,0.03412798967162499,0.032136265734003,0.03263140245706527,0.029743430733970067,0.010606698771151009,0.009229234791232282,681209.5770724431
1281,0.030406445812790145,0.04795509190347674,0.025417208134769543,0.03197219769931337,0.01050345735297023,0.02765437119604431,539513.1036894905
1282,0.036615955775767574,0.03527246656172888,0.01181337886391652,0.041740596457195106,0.019490982423104503,0.01892360948709646,-379903.8675964837
1283,0.014165291959341282,0.021200854907848395,0.013884896523160462,0.0018070168445536883,0.012704228921227745,0.03490957298096372,-552884.5627527473
1284,0.018337154946497985,0.019548030696415298,0.0301932280469172,0.018019562256609823,0.007914945864496098,0.005288386688016356,-66436.59744434303
1285,0.010994502136753083,0.040214593293834366,0.02187681783857523,0.004752668907535446,0.03295667165589476,0.030631073939677435,-246466.35866306594
1286,0.03531220558416234,0.004072124062040894,0.023498269706218346,0.025926050280104248,0.02501632240795697,0.00765684263439358,-421361.92409981537
1287,0.0014109766088664156,0.03379549959077824,0.01718550384985348,0.025030211238004363,0.002996888830018996,0.0462929229301344,-1109394.4076016617
1288,0.04746264070529144,0.01620621073007097,0.028190294900886342,0.0029013777001303423,0.021176509744695926,2.8552820158611605e-05,-153820.21894140236
1289,0.012869378784730734,0.031005631447367017,0.023352117506661732,0.03930752193916223,0.008308509426781503,0.046245800891083905,-291493.76916006434
1290,0.018531413075281646,0.010184467454008994,0.0055760671985727655,0.002198887393028226,0.041039366728221345,0.03283189064077941,-699144.8795924516
1291,0.005993956697833664,0.04995200087527766,0.020615536342861736,0.012486785944294526,0.010120980461529745,0.01788389666885112,-604532.0259929587
1292,9.648539366697296e-05,0.04764643953130072,0.0009989962114906326,0.04142014415876775,0.04309782741677278,0.008764268976216289,-1353212.7608549637
1293,0.020929306277726684,0.0358738792985328,0.045729962218588084,0.017672401984216535,0.011874569195112695,0.006132142381894895,448088.6488624834
1294,0.03564431457160505,0.02318128774500059,0.04872210194920518,0.0323224693764464,0.017293551161776766,0.011269202238816707,467384.86073145556
1295,0.0019659691516635213,0.049344610126900404,0.04246957758542195,0.04329988867509882,0.03741589654517832,0.038688057434817125,-465498.0377009222
1296,0.04644650085631796,0.012738621204876833,0.007122903614213489,0.0019597945591640076,0.04575652246155332,0.02873691889871176,-505869.4933448382
1297,0.033165763968635006,0.025792971899306003,0.026158398037218974,0.02519014023422594,0.0005292673013890581,0.04488311052170524,356322.24315408187
1298,0.04623095892416088,0.031004045332663113,0.015553191755229496,0.027194523524300032,0.04125767311702677,0.03277554803691469,-69240.44366822779
1299,0.020003327820893802,0.006674791754592563,0.009615702013784467,0.03983468067554402,0.03464658742789012,0.04604819511679134,-389456.09569405566
1300,0.007167503510476925,0.040514567060567726,0.03524367339860594,0.011274209316977486,0.01010500523664536,0.0356270780972561,-486428.38145155064
1301,0.026517250880542593,0.018718391681378538,0.03342471451621753,0.02506974002917345,0.029958058516743505,0.03542712345956135,248808.3305578922
1302,0.04064526738478805,0.04406166078358545,0.02735081141031668,0.02737140985000013,0.03938467238330981,0.015943367796792625,846432.1388891179
1303,0.040994256090985046,0.025565297670634753,0.023726504459394546,0.04294952217998461,0.005383817646280037,0.031700198848059344,108133.3109580584
1304,0.04327159278110501,0.0193186968132332,0.019795633952035114,0.044506625376339884,0.012634706395085233,0.016341733746195648,-214584.42441431634
1305,0.015245567264245807,0.025935086414730836,0.027242501684473036,0.015272088924636947,0.028213185588751688,0.020643590778257427,-387344.93895065197
1306,0.03302305726552285,0.021525115505478528,0.010891864594179968,0.005397964249745119,0.044564361087823,0.010233831457933707,-294162.722009308
1307,0.043342103120693795,0.01730004336190072,0.04614717099200874,0.026704000549426482,0.029740244796863075,0.0020375921823770848,28496.098057006762
1308,0.010367666651322788,0.028002873811811525,0.026830754676472612,0.004785616382716862,0.04858448552147759,0.03322561700746912,-582797.4573732995
1309,0.04143239239634977,0.006942569337541488,0.04549685864587307,0.001678258852321346,0.03970996103264994,0.025427140463874277,-119162.70665406251
1310,0.02657140860860351,0.02930546919571832,0.025508314664888357,0.0037599786039237805,0.034037604902389565,0.024967590293423426,167193.19995876407
1311,0.0018012453418133235,0.02485453309032991,0.013177483133849527,0.010245990055546161,0.04388511360444098,0.014568992915012707,-1338729.2670957304
1312,0.017134409018891572,0.032455079959357,0.024884856473705298,0.01422783177266539,0.013638679089613937,0.03837278885445256,-39072.44779909209
1313,0.004660910633373022,0.0036520637380879463,0.009282884780868517,0.035305933519026604,0.045157284273517874,0.011466960979213986,-1234435.4239295605
1314,0.009544257328611184,0.030415037848568246,0.008890723202277141,0.03931822977714042,0.0286522788264048,0.015433980482633392,-569676.9484668518
1315,0.04408597116373853,0.010488033030670658,0.004556572271319131,0.001772706620387532,0.0409473774925555,0.012053568575667818,-588302.8119073074
1316,0.04378730081798235,0.01476637880383665,0.02127113149168679,0.03158715181074597,0.027443396802990627,0.00022247693233919398,-468578.09407258674
1317,0.04795131920062212,0.047218460957888696,0.03574584446324589,0.04971718149698812,0.04071646779000644,0.024323563531834104,1054980.2639074668
1318,0.0034469475866277357,0.029667006270569875,0.0494538967521129,0.03401706851211916,0.023829711829538632,0.03722931356393654,-499524.04625567835
1319,0.04734581142119903,0.005300124625997144,0.019798365154518435,0.006716427290944705,0.022317549761701517,0.016776858853643002,-605925.7433551445
1320,0.015776837295141965,0.0064864053452452775,0.034739915562438044,0.022982762174701743,0.02252363264301821,0.007154697488959716,-365786.7804487717
1321,0.013692418218011837,0.01724329015626489,0.004517943835070898,0.04882442853545146,0.0007746071394064025,0.0005036472408699422,-700932.2465350603
1322,0.02489837793893328,0.007908393182602825,0.02160452117897446,0.01867206592668289,0.03101881746734088,0.008982661340746411,-160023.1391042215
1323,0.007167111105165075,0.04769249449750729,0.007249126659857131,0.026659700195208053,0.036138598398173946,0.004703030452007557,-941067.7606552019
1324,0.026094357692531663,0.009848991265949375,0.003818090173630462,0.049221120400796674,0.016835032386964717,0.03212077068936245,-664224.587860544
1325,0.01011543094210491,0.0027387053695218048,0.006969869156049441,0.005535992909328786,0.03547431943606632,0.0420228173531243,-668051.3342774265
1326,0.02467420788816085,0.03259077605287871,0.004366990753589173,0.005264257116531119,0.006293157718503312,0.014052370719361384,-702583.9965490905
1327,0.022050931195213425,0.0290623511426676,0.011711283810553075,0.0005967907687664643,0.049302564716861494,0.029919203747632486,-330341.0107401239
1328,0.01860392057580127,0.003591743486680432,0.011006554011654747,0.030379472498177275,0.047948108482581804,0.04160146271597136,-673610.6826460077
1329,0.023337646295947003,0.049522108946266116,0.04981325314695667,0.040712146548417476,0.016975118495081282,0.016743169673232274,1628848.9760054923
1330,0.0489810840562144,0.02115431931501638,0.004034018920733251,0.014586897990632341,0.017334788088815997,0.01847543806799253,-413385.89414307266
1331,0.016178671862466677,0.011885718768548865,0.0007063287454927292,0.007000184449029667,0.01779739313510468,0.02233735176223638,-837042.1971351773
1332,0.0047616805144187705,0.022659596752453305,0.01698312319021485,0.015467366937332928,0.00826734840787739,0.018670519908924883,-1097743.7814480069
1333,0.009017686081724152,0.03580499853293736,0.01785577979483093,0.024045388660821794,0.03603641933335642,0.03556188807373352,-231769.4164094352
1334,0.04259339278732722,0.012048858013155868,0.026919674504331238,0.01013475155416621,0.0018327697584118565,0.015189976090353463,-318619.28467062744
1335,0.009206960857459123,0.0247650308192921,0.007623325448919311,0.00785681524294754,0.019789423960784702,0.048967305957630214,-1028450.2097654293
1336,0.008078931218576097,0.030611168852100787,0.013189302108788338,0.009053568545261048,0.015943697171148446,0.03625571581597862,-500239.0570137807
1337,0.008618361328212365,0.04648841250675366,0.0021501625370025537,0.025459139143096082,0.0021964071786692465,0.008084500908066084,-828154.7547738057
1338,0.02825740563479436,0.027413192091663263,0.01253044372015299,0.0467624777386598,0.005158249636951423,0.03175463936048529,24333.37772251908
1339,0.022638587255640892,0.004386889154131774,0.03606350729619428,0.039616282442045576,0.013271953136246196,0.036253900156934506,-247640.43843514437
1340,0.01108485741884116,0.009669267991327796,0.015743923913875153,0.008494758951509014,0.014237513741689517,0.015591101544210374,-795728.4386856998
1341,0.0451184960131571,0.03982333241417713,0.04734461455668788,0.04982174952821118,0.010728614760897865,0.006460373231679251,1089122.7932965686
1342,0.032598117301654274,0.033146075551604384,0.024001549971310848,0.04628457187407052,0.008096534691017638,0.04396399598147027,87554.69080085428
1343,0.04525931616834877,0.02554385746351645,0.017753003539751233,0.0325228313823345,0.02884307490352594,0.03756693557732885,-362096.4497281244
1344,0.03201875049588326,0.027306974670048174,0.006200990765494774,0.0362999478574025,0.005526309470915686,0.04997330552033446,-461424.74482913857
1345,0.019636270695621478,0.015666270554724,0.04234168875055659,0.04709448632243643,0.04482959814309581,0.031114456697120343,335397.371983275
1346,0.01894212784865544,0.04107776163194463,0.02211947969504728,0.02613956656661571,0.026813929194083416,0.0007468472114116221,145909.68046612703
1347,0.0376750281722805,0.006764096425559496,0.04623251098292312,0.024973475097272147,0.031188478382995995,0.03293531043874742,-232474.45306882588
1348,0.024027994539945915,0.01298991228131532,0.012074480318240344,0.01660697325256565,0.023564117514677477,0.03181553033312872,-301924.8073056016
1349,0.013253864428748596,0.018336208645898383,0.03587597663378084,0.02141527551375909,0.048106759949176264,0.035272105492600014,-221841.13657974583
1350,0.04748015214503968,0.03345187150618161,0.02735831354720504,6.368731254452475e-05,0.0011639740741126504,0.03451501017341872,312054.23114777665
1351,0.022429890400856734,0.041409723351880826,0.0424828601223035,0.020632254877275137,0.04197354746061332,0.008650770474313103,1020938.510098733
1352,0.01465188372164093,0.04767101243267151,0.019755768160319105,0.0006913457026145931,0.019404117505685617,0.03680320521537245,-247151.31135963876
1353,0.04000390345957639,0.04834099390411167,0.035182905042780564,0.048586386668878434,0.044182693967552776,0.024203730596856946,973924.3299308706
1354,0.008077536322559687,0.029306847758696544,0.005938856154778922,0.04064086415981833,0.0035165228933807025,0.028613617379244168,-685791.8071978276
1355,0.03945710199344632,0.014065758693694148,0.03476074115300093,0.04621492065072351,0.019819257374537,0.04800503148315578,-90236.09203434017
1356,0.045504483706509946,0.00905049253350862,0.01964289193005834,0.011034254836455266,0.005281690476669676,0.026238116804085054,-446569.6451910396
1357,0.03235593940367831,0.02098292964047506,0.008740947081235762,0.04536234359906122,0.01556396093723721,0.04000801596994762,-301825.31799441617
1358,0.00145358070843985,0.020329907185098146,0.03246045132909602,0.008459863294014047,0.037278519800046976,0.027851347069371552,-1376331.6158590857
1359,0.028699210407624434,0.007812061988032121,0.022534672193369333,0.008750848769718612,0.03590436247188043,0.035687805672821364,-338214.549999253
1360,0.01847355230906264,0.013710120114669995,0.03646356219301946,0.025771761457172016,0.011273381882133733,0.006614694612249828,-222459.1428236476
1361,0.015482601501359217,0.02700709761665146,0.04616117676348083,0.047862752422989464,0.03279062691295776,0.040462074178669205,601070.337049825
1362,0.026963799112679123,0.03085114550802804,0.0036622993083775704,0.03484852645251208,0.04147368325961445,0.008124540987446171,-361649.49630286626
1363,0.008906707187086816,0.005047559964905674,0.03824064741779201,0.024847511227352223,0.03335623852511467,0.005169494994760899,-427509.5433641275
1364,0.04179605404584212,0.009322764659728883,0.010963587546154552,0.0074978474664204155,0.031699129712547326,0.043435290212691005,-468342.51964650274
1365,0.016160364474639144,0.029553880847691772,0.031089809690000976,0.033020808947079885,0.0018102406728037813,0.048521645854516154,18836.750514526142
1366,0.034337697927072884,0.04525963781067313,0.014752007024826909,0.006975345045312254,0.011628111677624488,0.04874836409523622,235323.1667252149
1367,0.03293794946033878,0.02798614228888461,0.015291862020628356,0.03855164983266875,0.04682883401892533,0.04033098464040149,-8000.929133125313
1368,0.04537075932968367,0.004774170597960876,0.03560005134160257,0.03258672375016,0.014227649943150301,0.01634407208497627,-433108.9333570333
1369,0.036393685651130096,0.04576632638449808,0.02592902961756768,0.04736355365221849,0.043031280807782235,0.017974522422116324,598348.7747067601
1370,0.016081116910962295,0.041387033493001026,0.03854051409161963,0.01866337088103519,0.014884719513794237,0.0163065071312502,517905.5328575175
1371,0.02501578072097352,0.038392868781690556,0.01339378010386304,0.04303337331443929,0.0005253428294923424,0.021802631055476238,14711.412441651259
1372,0.029475316520173395,0.04325917273939378,0.015899225230825625,0.047141983926395396,0.027131817759140444,0.022522289507195176,25773.64776481928
1373,0.02417749912153716,0.04755224270864447,0.039910592098586835,0.015618490234979404,0.003695631493095192,0.011224323901375644,935927.6663230434
1374,0.04435195101652764,0.01926235304452232,0.049825262981727944,0.004522920496843563,0.006334971485771413,0.00817582720631349,-48140.151233721976
1375,0.007628280234190649,0.02593852916081545,0.023963669114812472,0.015101471604213924,0.0005508339997767731,0.047507194279662386,-789959.1693491397
1376,0.03992160954000673,0.0454308886257506,0.036556968845402986,0.006190954633848728,0.019157443617979355,0.04397637798573903,1139612.1673447082
1377,0.03134081180651514,0.021371459542425187,0.02551629585378671,0.005328398509538113,0.024180212587706043,0.042239179877069793,223861.04661794147
1378,0.025465015661241094,0.0010184236842188832,0.025152290241383886,0.027848131201707007,0.010517179771138002,0.036775476570629066,-572373.6739457039
1379,0.04279854000870625,0.03546370055711241,0.03978543110625024,0.034067053143375395,0.018109295327346214,0.0023147580790687573,670834.7654767092
1380,0.01952424948842605,0.026448661845647904,0.001674178449855024,0.0003932344948046951,0.04126964415635859,0.016077868077953427,-636023.0169390017
1381,0.01914989710846718,0.023720802244632203,0.012760444979954084,0.006888494930295231,0.025927561308149105,0.04604166478625451,-178206.90597376227
1382,0.0015620489495324907,0.034520405438947604,0.02175438754244216,0.00042404322611988565,0.0028071770338207237,0.02085224662925362,-1376010.6278847256
1383,0.02078390965561171,0.012499337701425445,0.026891519949900855,0.03379829533775317,0.023805022938352512,0.04487742192327024,-139693.1160237742
1384,0.021901339063536574,0.02369922365145455,0.0290435674218191,0.0022042277768739072,0.01700704348218718,0.01756739446943604,-23327.684758724103
1385,0.000316232361986768,0.04538479517692113,0.0035543698472540633,0.017006361299317086,0.02438429560616953,0.039528852259730525,-1358245.781383746
1386,0.022546237365799728,0.010368643761969071,0.02618911846849377,0.015894130820140868,0.03722416033161013,0.0073232735639535695,-310855.48574414157
1387,0.014011505439856893,0.043000324903130195,0.019817991698121012,0.028036242781697515,0.018754401283277256,0.026960540114778532,-16657.01396115212
1388,0.03193777778842187,0.012443986407393949,0.0009703075247008753,0.005387487518612472,0.04767314233804543,0.045310705840088894,-749170.4724240967
1389,0.020207726780663807,0.02682432447791451,0.022977357563087514,0.04131981521453145,0.044639141169402596,0.007334393509074305,107513.10127657557
1390,0.048100718190943,0.03534195869230142,0.049783490031269764,0.025186088650983297,0.01589545793782617,0.04436929706520793,1107737.8146881806
1391,0.014753004515698599,0.03945266398035733,0.027777923377330694,0.009471884124973323,0.010997267757098618,0.03433572281775054,102027.84357261917
1392,0.030588017722424973,0.04929266002211639,0.03269935998755585,0.004444982954383408,0.03661835884583199,0.01340636441570612,687164.9859253165
1393,0.044940844616845894,0.036287511735962355,0.006369306086237503,0.03304676826335737,0.04365188931803302,0.03048056866174953,-186394.91119126338
1394,0.03497118551611563,0.0242157794342741,0.04593989964911713,0.010634186664305451,0.0024582762769608303,0.0022306985847532937,415560.6769247861
1395,0.04034172235952276,0.005206734380361261,0.006695782182677923,0.004440594100700396,0.028990895623485797,0.01741089270203256,-555064.725575686
1396,0.003480550089930279,0.024662243737230874,0.0040385879603676515,0.012155348869794908,0.010965327889859561,0.047429076595154954,-1152894.0222602384
1397,0.0361839168287347,0.027617929072521637,0.04179425087765712,0.00594082879460372,0.015240720538632735,0.023573863100959658,792025.6319353768
1398,0.013989789433565814,0.025957039208057038,0.005873984295527219,2.247630371277065e-05,0.04604765937378623,0.004954929538005193,-741908.8601315642
1399,0.044230500132514027,0.008750248114491916,0.005118112567520251,0.034123530034308625,0.03144327385812442,0.040453192755236865,-513700.7508277764
1400,0.010252529926159167,0.04031157443614908,0.00529072638423414,0.032569386528107626,0.038469370860798976,0.021062430439426377,-691387.2063374387
1401,0.030721374741908298,0.03730906503075628,0.037554058024143556,0.024435224727581164,0.03508310510822097,0.028421336052752558,836430.5334521547
1402,0.009503044330406558,0.0030811999188806007,0.02244031918861088,0.025576927513335998,0.010277920302727468,0.01290541304031877,-925049.537930884
1403,0.010124267262227305,0.034963540450696905,0.01783463998277105,0.017924862052969677,0.0004642192711751592,0.02086817247901185,-467753.39892774005
1404,0.022467697051656604,0.005674246655085591,0.02837751432740959,0.0001384237881956407,0.02825077179606684,0.03520143844861744,-457991.0227261253
1405,0.009276209481595367,0.033949283045746854,0.003558441127394685,0.02810743158075632,0.0346759986602438,6.584278103738406e-07,-932841.8230816659
1406,0.04879472961406617,0.034226348929290586,0.009086478390596309,0.002972098664215478,0.03492312204377777,0.04014500739783853,-289328.36374068185
1407,0.0007047322730927897,0.016723144610260938,0.007640663202610371,0.03588507854446973,0.03315061212767758,0.035369133190578,-1169485.4607756261
1408,0.0109205666559773,0.043637512921894474,0.030160233002542475,0.03697949628980829,0.03621887491837846,0.03690042388441699,-127568.56417554183
1409,0.008822882651444975,0.02783297003437244,0.012789032671249662,0.0037009853707590415,0.0031635775747312356,0.018055997161471948,-716863.0772499873
1410,0.04881004321790446,0.001637861513184763,0.03661592110839076,0.026379835727439783,0.038130952696086386,0.016735390939550628,-373376.42066130205
1411,0.03864985130957137,0.0033581381978850136,0.00859346821156758,0.013755853831681743,0.03907241540592648,0.01246684257269975,-481426.66838461935
1412,0.01921533295519788,0.04340774132645339,0.02684999692092497,0.04104206884072317,0.00885667748600193,0.01797367614362384,478059.78885253496
1413,0.032765342500364524,0.03915064177284214,0.041406139416876,0.02005378047131952,0.014975522365382144,0.00016784569435063235,724085.4567429704
1414,0.023814227154184055,0.025439656938674067,0.03590029285438897,0.011775462891062394,0.016882677943943686,0.01568124472633314,-46911.66797299095
1415,0.01316711793678132,0.042724486818276224,0.0010393412237920785,0.039277774823860356,0.002368388126823651,0.019447434982762038,-608762.2331129318
1416,0.009788580110486235,0.04000999715182516,0.017012910594633612,0.0018757727789720626,0.04653237830645047,0.03951047185155482,-710461.0208381568
1417,0.007491641634615298,0.009337737785570167,0.02653782009680348,0.049108079961900676,0.04550802658480093,0.01579063860580422,-798040.9525371898
1418,0.04230907646724939,0.0035325357885555297,0.0015240454562324701,0.034579170616529015,0.01532770437392042,0.0444105593964812,-344596.7074271422
1419,0.023258406791842157,0.04780937075268174,0.01395049017070632,0.02053764349836707,0.018794377095211607,0.04570343721166667,23468.244915748528
1420,0.04795852695335242,0.04438405882950007,0.014156753819375556,0.041837014380992715,0.04832067766821508,0.003324404278722343,-315631.6348721191
1421,0.04084740321280734,0.03429336512844094,0.02559111944523786,0.012166943901942995,0.015042887393352284,0.021217603047738107,509340.95949542633
1422,0.021145807152143738,0.04077513779627284,0.03965397163475107,0.0236565022974268,0.0145736214033369,0.039522521157251425,920100.9211075952
1423,0.03784681679712796,0.0499127975607648,0.023925623047069196,0.011162207224252825,0.03482586566495565,0.04258841577960487,511312.0348324091
1424,0.040346148890995796,0.04312391834917392,0.010580129072684198,0.030184911957979316,0.017707946294641043,0.009394562109832567,-293818.32201180316
1425,0.002103322102653049,0.020237420109428986,0.0428368342218388,0.0067173097201848,0.03720873695745308,0.0234565998791758,-1022427.0707525439
1426,0.014455164059725512,0.0350005077033712,0.0003674069532131341,0.002315977558368382,0.04919197534713102,0.033565159149449506,-717174.6926853874
1427,0.017768221616011888,0.03077583473790756,0.006487859503616845,0.04220912757134886,0.021909433565850574,0.04777193104040125,-330874.48617351433
1428,0.0448303456073717,0.007813698855853963,0.045489677250199735,0.009976251046206364,0.009256806146940804,0.04451673673851794,-177168.1309727168
1429,0.010819465434148735,0.049713933695792044,0.030237435664779544,0.04458585320028641,0.02495097427495211,0.006289317767698932,79642.36669651468
1430,0.004217244721915564,0.003263861723932993,0.0037460848129734384,0.015260822910163598,0.03770761690172339,0.04229959540006517,-1066372.762766708
1431,0.029494637364547594,0.04047896011636926,0.020148137088525288,0.017382737387240856,0.003061684090843392,0.033286334078639034,464267.00699447724
1432,0.022241787964093093,0.0294643851832314,0.026652030239317788,0.03697485207191468,0.02120073379318463,0.029154880580893466,138383.88719706025
1433,0.03440308665506351,0.023589286008151328,0.03569303425320338,0.04936857487620416,0.012249929967982971,0.028648884689962545,503528.69655517535
1434,0.04986553712733171,0.017514892112438247,0.0006107731457675403,0.03054802067813213,0.027455359801223156,0.04345647789718979,-577257.8629902286
1435,0.006281252277582739,0.02767570924934769,0.017212889357232603,0.030250376596105823,0.0253945011195645,0.006150751333058657,-688213.3191713109
1436,0.04699912968524963,0.031372304505369146,0.026017759298273397,0.03516045996467128,0.006605368074735019,0.0013284946682111832,125646.86234997358
1437,0.039901975063600936,0.012929493552454758,0.04098692701411799,0.024426558153173114,0.02862226360738662,0.049952703068694,-102672.63912330706
1438,0.00015305524320464726,0.030983868106785883,0.04673785755228895,0.035616339722764324,0.04242951601137887,0.017319401951537767,-888390.8378534294
1439,0.03939299760169351,0.042681709607367974,0.019847734758575028,0.02544573412899838,0.048713449533092784,0.020869427607138814,253320.50087429612
1440,0.04121194730500632,0.027541583251513332,0.030927011825159945,0.040364521240119196,0.026299455887224807,0.011198092576503206,278349.80450207926
1441,0.0029457669667901755,0.010077584858719608,0.02754822077567763,0.029020931860544143,0.010903101418516076,0.00015134949378705633,-952002.0316287779
1442,0.0029400528911748824,0.03707234032938566,0.042002850426095084,0.011794800773667164,0.009657191617754518,0.01854605885997169,-725706.9665338845
1443,0.046018118064740245,0.0050884229589902965,0.046986012401140004,0.04442984519046441,0.019392653679933793,0.04225938137454956,-449744.51873837115
1444,0.0033810003814647494,0.023702810796390767,0.042012551031390594,0.027780651006579067,0.0003807352111283469,0.009436835645160757,-712328.5282721331
1445,0.0035155569282227686,0.0009115536494491817,0.0012473859353325347,0.04656390226040182,0.03020867230988593,0.0464773429286137,-991068.240486936
1446,0.025563511971801678,0.04057983722983315,0.006371333553629982,0.015506001015172645,0.03582811891413714,0.038601257994863,-430162.7451373697
1447,0.006230512703977032,0.028427342752489582,0.011714780040596185,0.048784980136812775,0.000908824158448035,0.04761186075616231,-582486.6521088013
1448,0.03651068675724369,0.0474817694088375,0.03830167033002066,0.01957951088020826,0.04189962028724335,0.027235645911054197,1237032.7095621878
1449,0.04385876831894583,0.025979302878583518,0.04161596521087667,0.028232477151668274,0.017968894409322506,0.04142362951890988,665521.3560977519
1450,0.009145159199334119,0.0034173945197813697,0.0327976555062343,0.01320067854189167,0.024612069308930326,0.02800872493837377,-742537.0934356456
1451,0.0025976251879027967,0.04462407095698403,0.03457770735537093,0.03712605467137442,0.023581766852076854,0.03401414494197469,-469003.0294784847
1452,0.047610036270445605,0.015694332815661783,0.024307915460081042,0.02426470481739877,0.03296603184792973,0.03370717381040741,-293755.3133058472
1453,0.03708451825225595,0.012138949273041029,0.027092441005583348,0.03547207802646219,0.0411649896930163,0.027036128047995867,-309529.19113739935
1454,0.032973363750273904,0.048940432722352066,0.03723516471211924,0.009663908193494664,0.03398204208095277,0.003855904174608094,799786.3630543877
1455,0.0059065425139537,0.023766672569165516,0.029438539149478606,0.010947751123059202,0.03960787643323996,0.0217535072165033,-699269.2615937227
1456,0.007331157143217637,0.02159830284905392,0.014200290816791151,0.024902208382560853,0.04936984592417651,0.011758624292445896,-915734.3087900733
1457,0.005941377113101299,0.025602096673172727,0.008281654050617272,0.0009776374767967277,0.005568630475892206,0.012225092983041481,-1154923.9688976768
1458,0.02952687042928617,0.008484846612093273,0.036179746180141054,0.03629600121982346,0.0387911015992381,0.028274447700705693,-298746.29869318113
1459,0.00976208115148352,0.04481425503880748,0.0013104678274404426,0.01275231993490807,0.026087094726341183,0.000747877796696711,-902822.8836415721
1460,0.026099869352286798,0.016005238294327345,0.011253826288729542,0.03409004713708982,0.030714877770458393,0.0010898269690771789,-148999.38177639732
1461,0.023580138958257404,0.04210097681621304,0.04576386027633244,0.04085058168163978,0.03817132675810609,0.015411187278415657,1024704.8334076798
1462,0.015162430907392289,0.007712181104753563,0.036007022378315365,0.0317688325316153,0.03007464817324866,0.007159013961343514,-443811.8161515259
1463,0.029099936272799415,0.010050807433877996,0.038014789404371835,0.009662965055718294,0.03416030681140648,0.04667758231350043,-52645.48724433896
1464,0.025946521762107058,0.03266975997537038,0.017966951698169437,0.028814216034937657,0.028390657277977245,0.03233408473519193,21230.062439973237
1465,0.0219548780651188,0.00901710491874711,0.03782579338226705,0.02202891500890644,0.0027086021750671874,0.01982519233623486,-378179.9424702855
1466,0.007850566207589593,0.03891512973755307,0.0399003927442293,0.04501261050589449,0.04024734001957743,0.04637117842885327,-62017.09273881402
1467,0.03733004820275609,0.0009711394029370213,0.013656660630333679,0.007641579256620529,0.025297887851941477,0.02923640774064719,-509618.7273441405
1468,0.023416887139590687,0.02977721893583979,0.045961104968452515,0.010496275499648723,0.010048511963448505,0.039101646632140115,591104.1708766333
1469,0.018780298606435115,0.04375116593869771,0.008171464406841827,0.03359259585261033,0.03235937684075801,0.013349372899150747,-94700.43974643001
1470,0.018564024375431348,0.00261410054106615,0.037124464552781115,0.025338471212360342,0.0011534976744663917,0.006497302630021396,-514473.6348305921
1471,0.007532637871645648,0.01285100078242289,0.03876166260966074,0.025912543138039562,0.015483613781595641,0.048283487844825834,-697672.5646322607
1472,0.0267358358711355,0.0006986359709231283,0.00011176023736985675,0.023574236163350533,0.004178207817842533,0.0008921173627656209,-789434.6178024835
1473,0.025533031586994853,0.015247775687459742,0.009015572299758856,0.03626289369238357,0.008575336902515695,0.009390618450252953,-338155.2990888151
1474,0.030679696885805546,0.011421823585871356,0.029610357484247396,0.021190361132033556,0.013203029457673232,0.030828853987309474,-304756.64622354624
1475,0.018963297529313645,0.009337310883489486,0.006905236893437434,0.02428462536118819,0.005572530073861504,0.039237042395472425,-646167.8924771647
1476,0.011843030156364405,0.0014916054006492542,0.015406348101813423,0.021292942720712405,0.03054171597946503,0.00019711662663408626,-567508.2617200431
1477,0.045097734509089715,0.04156810629415142,0.018600187835982947,0.03132000167182685,0.014142492851546723,0.02471853716049968,-110946.51188286276
1478,0.028791680929090194,0.028368027950702923,0.04143687695968562,0.014886030191064487,0.04981303723211214,0.011542115735581178,375672.360530361
1479,0.011814505075848282,0.014819374439650618,0.015089271687280576,0.04564298007446283,0.045898331591495846,0.021050032646718387,-427858.73246338544
1480,0.0020434994885837167,0.01573439316445961,0.04389568882940035,0.015200155776167812,0.01905177734493956,0.0494669543695899,-1069941.251154593
1481,0.045599382378574055,0.00548176728842752,0.02290292708092157,0.030939811366880305,0.02723901189103193,0.0017958940669713652,-559523.951175486
1482,0.019067445079381958,0.024467959831169395,0.02773597620293386,0.04239215151985129,0.00419027279035995,0.0023486183517190673,-149475.70036078175
1483,0.0010129380008873036,0.04211211239605804,0.04868320365866693,0.013742904305899601,0.02378943025287591,0.04476444800022003,-870177.0429323221
1484,0.032670240600182116,0.03302261192466846,0.026398992891535425,0.039503939954141934,0.00988160722529215,0.018603976421363827,611594.2413998196
1485,0.016713670585719088,0.007448891208976055,0.029203167134802532,0.03901201323094414,0.02635462237345487,0.008724597101203962,-210981.54867302094
1486,0.0022470701754603527,0.0412251283845937,0.021045584973530776,0.019802760133916672,0.031296790225485344,0.048661283740441735,-1211725.264479856
1487,0.020737711208098742,0.01635854292379529,0.04846769443492932,0.033090602742820455,0.0008097581115698472,0.03525041383162641,108792.78518014755
1488,0.008745847638535942,0.007565391073760558,0.008276575077251509,0.012543240372861525,0.043107945710690744,0.01919449541130693,-697331.4799270445
1489,0.032926374142538205,0.04959476593647992,0.011773758520087736,0.009980751887715012,0.023397359325511725,0.012759898715750274,-36121.51063798164
1490,0.04528086985337439,0.01393082796040862,0.03239499600626501,0.01179107442489253,0.02866309003867465,0.038367313542543975,-169692.91056702053
1491,0.002024947596668386,0.02478269872880945,0.03272849831394909,0.041747718707993785,0.019883493523519553,0.0033401881798469646,-1059252.3304030313
1492,0.02681598886113143,0.011891769244089558,0.04142484741339578,0.024198749923277668,0.021689073851419296,0.009848947412651972,32631.643186603913
1493,0.04850682556191202,0.022959804784603268,0.031795963259462684,0.04480724505720601,0.04870741265103445,0.0025873594016540716,63673.54760147559
1494,0.03952066341727863,0.0120744530310897,0.043222519096439274,0.03978731899287163,0.03228582789707694,0.0130718129082954,-77182.67293352116
1495,0.014010045265499878,0.038791540175761946,0.005604961621321103,0.031757805914140645,0.006432159584173725,0.0034703254148748643,-616849.656937163
1496,0.014419335170708487,0.02668099669699339,0.02624610478521576,0.04967445375261303,0.031818492922933005,0.012661131226661676,-115771.67574278858
1497,0.042521559224318314,0.04980636288193036,0.005360542293007031,0.022501697795188298,0.047504409114892024,0.021936253419340485,-390675.5958446254
1498,0.013569406641251853,0.017879910511153792,0.023945920390500253,0.04502222660011721,0.04344045989892309,0.017207815804542167,-391841.8361590759
1499,0.024695487157719954,0.04280975315742083,0.038527965139254994,0.03480045020385513,0.033024925189129625,0.038560593530992095,633231.639975799
1500,0.0009425789518976657,0.022751088029159396,0.03090369191220444,0.018296458213374275,0.002611824924906636,0.00855196205562555,-1200742.6995074153
1501,0.023019779354651174,0.006532262801285116,0.01987370418453241,0.03082768438368796,0.038755009344867676,0.0378024317267798,-319184.83101815305
1502,0.020582784756486807,0.009385796122487938,0.037815355723547675,0.029184079255751533,0.004237907285744624,0.0008644313592906239,-241821.2621861602
1503,0.01607003400712384,0.02944936452843081,0.025786509047938378,0.03910708786610364,0.027468821709493135,0.039135605136575394,-206698.7014295503
1504,0.04387135396081944,0.0061007465931419095,0.005713150412673007,0.008139423073969443,0.02037115853855718,0.04595846435389866,-564112.7327521095
1505,0.015015983456150789,0.021560748406291755,0.014927112437606978,0.008579899562358285,0.0030763451906272166,0.03267336918908742,-434987.472383984
1506,0.03815935411976219,0.012263292155464983,0.0042387371386122365,0.029726817031087815,0.047601525292886665,0.04532342105274379,-417111.83820702316
1507,0.020689990494207378,0.0386689644069242,0.04252809717933707,0.037471519511028555,0.0009578618939126094,0.024019348420328008,576324.3268726117
1508,0.03666724241816754,0.027894333924987205,0.036209585087458834,0.044805096826851944,0.021682554405723864,0.048107285980649735,336237.1452224092
1509,0.03406947676519307,0.011718331624753043,0.02753794461015969,0.032624399032199124,0.0054728563771397065,0.025463603759334177,-41438.98726642446
1510,0.038530466631921605,0.01585603309375691,0.03269865733584657,0.03478085678225738,0.003268448611981034,0.017232476603538372,-94744.99153412029
1511,0.024074021375939926,0.025157942547251,0.004502751889107987,0.035854053152699315,0.007853568115351706,0.01741699491352613,-508947.1968636786
1512,0.03331085826526899,0.043284351767726006,0.00707156440129314,0.0344955161233617,0.038777045093205696,0.02592558969127103,-250229.72598267577
1513,0.018305283110822468,0.0024333727420417506,0.0014815942988195552,0.04784287638500048,0.04626654293994983,0.023671852695389257,-745113.7413099033
1514,0.04948292483358719,0.024673575415319234,0.01777595093176232,0.008013720505566119,0.03864657819419792,0.012156978769657201,-329176.0639808361
1515,0.013743853831250947,0.04900063224724796,0.012612539276084184,0.04214106549995525,0.029357217057754917,0.01970465031988733,-38203.6287699196
1516,0.036285419786887166,0.01418790479029669,0.003524475267845956,0.02781916792912721,0.026640438422896363,0.04623664229499588,-631829.8851421967
1517,0.034163830725897064,8.154238149324367e-05,0.033787425578028475,0.010718152488078142,0.04640792262758382,0.0015670520729927752,-426761.8226858988
1518,0.012518829949491156,0.03730521160357506,0.03848750836753247,0.038460164076653834,0.04598340653557826,0.01970260954932648,293659.85218843655
1519,0.036205361940876896,0.0012241720733805195,0.03518683098218842,0.0036533593497633634,0.04023337657468551,0.042143242784586754,-396949.92104270787
1520,0.04950728070278816,0.012131268426281145,0.013711928611266928,0.016812869399422677,0.025929664284295308,0.04047345340050748,-567943.4629309226
1521,0.040676327479026976,0.008019840252804028,0.03302918377522758,0.009602148862505978,0.0314487878195635,0.021531532975790958,-359625.31073817215
1522,0.03775131887502892,0.001858033090967859,0.02768810471326131,0.008720787612713178,0.041572010362547984,0.016234041609996336,-519017.5617422621
1523,0.028793862926794145,0.015172144869589711,0.043817233469875864,0.04672130578275081,0.0284466934909901,0.02572549906923692,328174.91304656264
1524,0.00813748596499282,0.01820973547529303,0.04243343435736647,0.021165297210967954,0.02003354449281527,0.0408983137418552,-390877.52438029216
1525,0.009532137830299625,0.04106870681638375,0.003953458868397786,0.033875042474306304,0.038684506556171123,0.02105420798056043,-694107.0508925875
1526,0.024461453359499504,0.0037665331222851706,0.03389517925307572,0.013071861235136773,0.004343260926409099,0.038832799499202236,-528475.4736060548
1527,0.03953007445278001,0.04249292741234015,0.049063112537199444,0.02076382152588521,0.025461179604834152,0.023467161759852268,1368800.9148708836
1528,0.033600786114979346,0.03845309569200102,0.025287913916066468,0.02155689281846201,0.03419497885339249,0.03043670578793043,121546.90273828621
1529,0.04563684505905631,0.03218791910997313,0.04417757031256717,0.04860268993221528,0.006945195382461584,0.02867596566163584,866940.0584037676
1530,0.011772600850694044,0.024836889035903215,0.0364909460531902,0.003162008170115699,0.04039592093541,0.030815566662554656,-218717.29481823288
1531,0.010136087728134164,0.010566989663098915,0.04890213702028187,0.021418940799626897,0.04011178273219731,0.022750130424578914,-230922.49480627495
1532,0.021730518036860304,0.009090772646188584,0.0165731940990753,0.01138930476567236,0.023625038055516846,0.0035415898318669594,-414892.2800068109
1533,0.01986880741329628,0.031154262873511057,0.04615073295238763,0.044893055481969375,0.036547918736723056,0.03801578931075139,958204.6100681027
1534,0.049329503796104554,0.03258493794555563,0.03499611803988624,0.043724665200922115,0.03957862944075419,0.02159262951267199,565855.009533708
1535,0.016091458484829454,0.04285792977243746,0.010889916761015745,0.005931820076272482,0.018668238999047636,0.04670423571898612,-252989.96733131164
1536,0.005319032465548379,0.048662799504882545,0.04320693384102661,0.047454524561568984,0.03839354327618978,0.010221529153569376,-86003.45275461051
1537,0.015182256726906668,0.033758535819052464,0.023350917870659977,0.009722492923208032,0.04398857554403602,0.007095796150556239,-101966.74009475579
1538,0.016156410307273546,0.014338710538014743,0.006801372261045324,0.02920687386662446,0.01891258411395339,0.015100550398058826,-649824.2834944802
1539,0.02746590411379196,0.02232983450587539,0.025609321014997216,0.033869101283849026,0.04797845383259689,0.038881686912014934,179386.73093404903
1540,0.010767858373970225,0.04693053353866239,0.03192955981652708,0.024308129655077698,0.022035575410110822,0.04538320941611934,209648.75670294338
1541,0.044980032869166846,0.005463558301637772,0.03114254829280874,0.0289053549236877,0.024831951153309762,0.034141793476571154,-334266.3454131261
1542,0.04247309093220806,0.016546038990723332,0.00975715845679932,0.011857690856476323,0.003186774378743984,0.042755572024267205,-479328.8884456579
1543,0.013251065290280984,0.01364668633748995,0.02235994824617676,0.030363085034972842,0.008243855061253441,0.01490239632503736,-611486.5641734449
1544,0.01629818013896658,0.013563703635399566,0.0324256149202569,0.049496675629476544,0.03172118162318276,0.031805607048356124,-330392.3068260441
1545,0.002651618583594223,0.0170181889069865,0.03448759829702374,0.0036081831604361015,0.048449586712196596,0.04463914447793604,-997833.6386890243
1546,0.008792487464050298,0.01104639311064562,0.010033331270645873,0.027389122113161024,0.015469445822543677,0.03490276141930459,-773848.7605061806
1547,4.630533657024594e-05,0.02368838759157864,0.0019479394708061593,0.041668719723593456,0.03930607049116268,0.04885236860239395,-1328616.2031555953
1548,0.013646990588745007,0.04974017122959858,0.045919810569514996,0.03184276993334713,0.016061271577943265,0.024896380653426683,808634.6161915377
1549,0.01075379040781671,0.015500121595696637,0.023185229113427575,0.040815858397530824,0.01326712936076887,0.011570412747199572,-516385.37942190736
1550,0.04222067733296218,0.04013229706965456,0.006312071828314109,0.03624172901632354,0.02222137132577054,0.040828519759486134,-432266.4296400644
1551,0.0062224424174176065,0.020836612694702234,0.043504769480688606,0.007184179307949446,0.016784823157470336,0.01340499532950506,-745983.5257026925
1552,0.04410424995477512,0.00536829248432651,0.02871486439827758,0.034893407403313675,0.037966460666332476,0.022800134794327815,-160316.82500734564
1553,0.007783759856255646,0.03430646550013914,0.04582166239644533,0.023901468819946783,0.006601594139456474,0.035091404690652625,-377402.1326367107
1554,0.02273846462377968,0.004154138734602575,0.028962709794727277,0.04961588167996237,0.038896092041590474,0.011155616159381404,-456248.88821302186
1555,0.020425833506792737,0.040544937616698015,0.017017223196319386,0.03115613697971178,0.014747840533212648,0.0015088276458141482,37510.54129879121
1556,0.04374486002362946,0.013685020381739244,0.007875881794434297,0.008991142782791678,0.005129678613192069,0.009796627678409709,-509340.6919660675
1557,0.015324018865928997,0.0017457895911373257,0.014062298343712067,0.039780221072450175,0.014641606701521587,0.0378519975472556,-663509.574449536
1558,0.033005881694101534,0.007114148927829617,0.005568248639329399,0.04744312774213855,0.028713655753388734,0.02427044710050273,-414943.8570404576
1559,0.00661926456271752,0.0038775837130733183,0.04373177059214698,0.037506358779513194,0.004854506994654501,0.02141060437424426,-724442.8412701609
1560,0.04720575577482641,0.002328057586439314,0.03800358907717702,0.024941229746603035,0.041552565519918885,0.040710883011564974,-344029.98004400905
1561,0.036857587335859886,0.04984547123050202,0.01739353308605341,0.04241326799249906,0.034893646393385096,0.026527790359241882,157753.16847045982
1562,0.014275449584520811,0.022654106040491364,0.04282875885745953,0.04139396606716911,0.043664120762763485,0.024024229632940687,190116.54237699774
1563,0.036429682126894944,0.023581190698375137,0.01222814216429366,0.049283095394438585,0.04374090624895893,0.0255234832710704,-486826.805137323
1564,0.03635078706341856,0.04272634340210981,0.019997561553374545,0.003464379767355319,0.011224602543594815,0.03881992896881425,413285.8042658583
1565,0.033429272291049215,0.02001060105882991,0.023924671907074244,0.005557712849934238,0.02349000331596316,0.03024260960523638,300457.2635784257
1566,0.026245518997745684,0.0387862907011139,0.04887529920644656,0.04391734141852577,0.042355693144673995,0.03821389605298664,1114638.4845070639
1567,0.02221830813191162,0.017115750312380298,0.018679550323619565,0.02038471213055995,0.0071124627171148536,0.033482465477892395,-165788.9006556321
1568,0.006694453468759082,0.014846936890886137,0.004322370663440311,0.009064431124423634,0.02806572417043079,0.04903390912316722,-1215084.5709398552
1569,0.02139471315896236,0.008367863465552445,0.017320337298720435,0.02751548879036373,0.03227784336302238,0.033878773595808695,-539571.5904100003
1570,0.039678887469580315,0.012296382529456801,0.030594731067103448,0.04151941788377525,0.02174903390535244,0.024875495052624888,-127868.59490225978
1571,0.04505907096243064,0.028346459351477345,0.009689630638620633,0.008798600696229498,0.030733994386875102,0.01478790031621946,-513418.30310061784
1572,0.017238309698297715,0.029518460359203302,0.025330556987992678,0.02538123744443498,0.038327859675494895,0.0008784952340993302,-97778.07791600417
1573,0.00743099181384519,0.02233981723452845,0.02715333474551242,0.028195776329218658,0.008672250865534487,0.013969166989192684,-524909.2964978497
1574,0.013366635722878623,0.0306222757669926,0.0035080049742604925,0.0017356640043498961,0.008473138009295111,0.04933146966435759,-598538.156947008
1575,0.016830351678275842,0.04021384163887873,0.012964240045407771,0.0499261380599656,0.035992395994482375,0.03059284273855968,-300869.1865598434
1576,0.030258842500153912,0.0205014856855156,0.01582300712076234,0.03885034765496326,0.04482771360925809,0.02596525297827041,-8509.20251676874
1577,0.045806584395501344,0.017163085904019177,0.011833795074350917,0.0017641999708850609,0.035469791029002634,0.049230125103621125,-433890.2841247045
1578,0.04546506578201353,0.037297217796790745,0.03408998568490987,0.012902647798598066,0.023173278273055,0.01806372005256406,868755.9537521753
1579,0.0024767471033437906,0.006560248035788791,0.031916998190483145,0.01952337471149317,0.03606999969376785,0.018920219487802505,-1038196.2138324006
1580,0.010471641826313011,0.011281899281517955,0.03895692576718054,0.047054206272936334,0.03948292268817802,0.001382351254384756,-550967.1685872343
1581,0.014296247441847133,0.0035793651075958,0.0018215973654930552,0.04092744410168624,0.03864287112193293,0.025824686419061677,-691209.4488425218
1582,0.02215889936226439,0.030856428884232304,0.043444261669590145,0.02484086983732068,0.04177634517334767,0.021239264458151746,673588.2493467794
1583,0.005540219751631964,0.009833641314414816,0.026490030545373557,0.007973117164664922,0.015644941642451633,0.013260120167874468,-1172568.3141276923
1584,0.018205418112098755,0.024126872562274734,0.04620623244921077,0.034052951482572515,0.008943667502042263,0.032238621821640355,442416.9990759385
1585,0.027244582693234362,0.0207560305306038,0.049471995334987244,0.023298347363188095,0.04198304647058909,0.024249937160873397,603079.5439749255
1586,0.0032607834949768158,0.0466056724185586,0.025083092103274154,0.04649019672846915,0.04502345639427939,0.009264378955201142,-756520.7038159677
1587,0.025187816888356907,0.04609821671016046,0.025366198979653476,0.03430831761759418,0.010731237456038762,0.04116521531152289,368820.21898484306
1588,0.02192035452650744,0.013624429605859951,0.03294083834087105,0.03178615772682846,0.014705884714082558,0.012456181419175323,44340.410055693275
1589,0.02848225454898808,0.010717271847389154,0.035470645753066236,0.0214788827522715,0.040036148573056554,0.03980808045197259,-3575.0642802404195
1590,0.03220434286683203,0.01986669421032704,0.0002200460951775285,0.0016688112777467736,0.015114360773545006,0.021142548173485883,-664390.7948601214
1591,0.022329057508809386,0.0003029058565125864,0.0037499244649519927,0.029279100672212163,0.0074763504407349525,0.01676415102644624,-658208.3602123648
1592,0.021530495124041704,0.004095994209266385,0.013783271689358313,0.04427985102839794,0.02382737567068248,0.03720716130217197,-591360.9897979021
1593,0.032774568427948424,0.015430767130470951,0.04988242970607552,0.024238925324816998,0.023249128820023182,0.031096276254175204,405890.5482970507
1594,0.04581510169574906,0.029265495229276184,0.04834735693174652,0.012968225609480877,0.012490104965312498,0.04946769274458045,877086.1307125731
1595,0.0434008647216261,0.015944925942024353,0.03747981229926547,0.043449600465961115,0.03688774482248223,0.006857226952776663,29638.915676205783
1596,0.006841589200197368,0.034227571218937054,0.02455409132472902,0.0015112355592383333,0.00877062520985465,0.046886548225376,-633498.1886453718
1597,0.0008412969626412359,0.013711491119518538,0.04776911087021243,0.0408144885124494,0.02615380062442882,0.04843902956841886,-1012142.204027504
1598,0.015791574254424037,0.009072722765072034,0.009376572328610416,0.007329105145115051,0.027957522000301844,0.009161106319935492,-700839.317118282
1599,0.023960663232097452,0.042132462033526746,0.037900088256667325,0.015321430240215296,0.047006750948161286,0.043413925827434176,773173.7141791763
1600,0.02184260037688872,0.010436344171848029,0.0023032450051095553,0.005089939281529305,0.012477190278046925,0.02972537347910253,-630703.6668046975
1601,0.023131515974136554,0.04073876742590959,0.036484099679715686,0.0030676393670412195,0.02750423236757187,0.029224571789700532,336799.1118004644
1602,0.020430038381362516,0.029735133595880016,0.021812326047310884,0.014548359066522977,0.01465614900625617,0.01145396343850354,13469.970860259738
1603,0.02895080548950889,0.02587526221967746,0.03404833000625795,0.04678381850980214,0.019443557034953873,0.02926345315569452,368606.0461028187
1604,0.025385442176656198,0.04703054990837793,0.02140140907908431,0.015078728712675727,0.03513320022074522,0.005072063552932127,210309.42495017938
1605,0.0007958151519855462,0.011818676770449227,0.0250303429053328,0.003582077154733199,0.03721418802909431,0.0363333979157675,-1403318.9793696483
1606,0.0270285925944331,0.027619239465602675,0.03572760491350411,0.013250066807033112,0.017752335636234417,0.04786302506664111,251656.8237815912
1607,0.013732407130876395,0.03324518395207386,0.03520161365596064,0.005216514749765717,0.009157353327333551,0.021501918248661663,234317.41699606547
1608,0.020564037631041317,0.020108454957316103,0.008946239282822488,0.014104945302776256,0.032450427431610356,0.03453008614733422,-371875.0455436104
1609,0.02069936881276869,0.039340814585350624,0.0454486502774942,0.02631940419450476,0.030559865070138494,0.021671041601017245,729403.1787946457
1610,0.02968065956589827,0.01496851716771494,0.03411448593298657,0.0380193626862583,0.0021049248923134868,0.015644566832794044,70363.48937479654
1611,0.0370073104348002,0.01661063893903312,0.04132739307447734,0.034221502069744704,0.016482255393769126,0.003926764022147472,128889.60714319944
1612,0.0036847916069170043,0.0005376858800012763,0.00614853863160263,0.017250671423338765,0.035574738589433164,0.006099243262665888,-1203291.8685774338
1613,0.007800417391375486,0.043946451647386066,0.021249085111064044,0.03623156821058273,0.03877278581787878,0.03176503722113495,-326739.47353110317
1614,0.013746584598519086,0.02145375579934097,0.019742044635031614,0.012211702427907213,0.040264767859753074,0.010722125088923269,-361171.3646236972
1615,0.01507308339940085,0.0068949791205982665,0.03279577309869403,0.04529104760856753,0.0353322849571041,0.002735996332352986,-508597.7763549138
1616,0.006830220138982768,0.03877122263363372,0.010084400664022681,0.03996435593308315,0.02532167701799537,0.02263244481565257,-916845.6747781053
1617,0.03656856535666558,0.04027930528477335,0.006266300488722537,0.02102555963492434,0.030331503322045844,0.03622892503914806,-296185.33972503105
1618,0.004337288414400203,0.047478638532683,0.023152340337629036,0.04479883078622804,0.013647240647361265,0.031538813645521184,-577587.6623898033
1619,0.03151177474864942,0.001163022006088388,0.013935509027816996,0.0343171305734065,0.03373985698934463,0.024650032389148497,-400751.9954063744
1620,0.025269882727969314,0.0443109156694702,0.013571970878218815,0.019551127410185054,0.038118940853354585,0.015000490202040069,-17436.657268195653
1621,0.03875956599293598,0.03311064641293509,0.005763538390287249,0.010402658119912157,0.027291459688006194,0.013380542883108849,-599180.9942977135
1622,0.014668758639599828,0.011893201821930988,0.022126379378664275,0.0016616581382269515,0.002578787169115271,0.034750526319343736,-572710.0826631645
1623,0.031766712152379216,0.021670987775425334,0.0122268287875903,0.04865729229960366,0.022734419181303752,0.007353056279236709,-302014.42656135815
1624,0.034793938411413775,0.029223554735574492,0.025965695370784598,0.040904160526467656,0.013071794848685992,0.049781323080194034,556139.0937923532
1625,0.02772097987229892,0.011095032314691179,0.03402155305462281,0.028163208291353006,0.011631627428005033,0.024800238476217196,-143031.8165868813
1626,0.019375026776938416,0.018173390986500983,0.007486710413338527,0.01676906359148243,0.03897359923134739,0.00529079429040279,-482751.68863965874
1627,0.029841866727522322,0.030133220527325328,0.01701503218332642,0.04285013585162742,0.038366844713206734,0.04306819019507438,10274.51093408348
1628,0.04299250284327671,0.04227289493577142,0.005452715324121566,0.044749687302083244,0.011488891147154063,0.02605029036143104,-197656.83900101218
1629,0.03475191939049591,0.019691737809251115,0.04998574255314464,0.04249611100831887,0.01886939860580558,0.0030203788397816234,252761.98590020774
1630,0.01125118148423262,0.014026210270724471,0.022105314727786374,0.014581717826925827,0.012096015573740543,0.04350313093445523,-861440.3003637361
1631,0.013435757434033158,0.03459966831932571,0.02404540560907403,0.023192317470457413,0.03417721187231566,0.04810595748457927,-109597.54120596794
1632,0.01104394174247701,0.02531870347432813,0.04443938831825192,0.014959392619260187,0.03805997787636979,0.0011382060759360713,-261621.97069068655
1633,0.039619782342502644,0.024941446221341052,0.014424630157097384,0.005205808765576409,0.008093254500163904,0.015620916843625422,-410622.0022483809
1634,0.008994323235126389,0.04391914385934478,0.03550834702493482,0.02014936075646892,0.02385079453661272,0.012266567314169875,-88528.31880913206
1635,0.028608165157372925,0.04397173229768342,0.006084514368704475,0.003310765980506797,0.03387615459201217,0.001183067676713223,-641324.9925803836
1636,0.034124464300103415,0.010835615620661598,0.00602887205079935,0.04047353174293625,0.046457741257560074,0.03551844568298172,-527660.0702383687
1637,0.02328042550034666,0.019369646488217686,0.04705868046625927,0.029798025863741598,0.03285092646643164,0.032611102330879715,150842.95707657133
1638,0.01619897733759082,0.040745112952600124,0.03744135002341724,0.04658525680332503,0.04821529355969837,0.021335582095411088,605334.0314879399
1639,0.033396193502926816,0.04602002364800298,0.020396229719067106,0.03085395880742091,0.04014035268670862,5.190785860687553e-05,376777.3947528622
1640,0.019483559299143284,0.008047371179075469,0.013788103774753459,0.026350795841385784,0.03264381699088489,0.035860272486879084,-500413.15150203515
1641,0.04398882280304354,0.0237191066455684,0.017067666109535525,0.01843947046981406,0.014782221030579613,0.009107128328395426,-363725.81972992077
1642,0.010805602754108558,0.024248012512180752,0.03583326852322644,0.027890777452634227,0.045965171612606076,0.044798907536202415,-352895.1261271868
1643,0.01433460127285377,0.03788582604063271,0.031489388736245925,0.017998296357884618,0.012892756996910133,0.03943969113353885,-44015.72017954743
1644,0.03937812812698521,0.012545481443745616,0.03155140723665227,0.036249000912209416,0.025266991556874615,0.019451512976942878,-241341.54481005325
1645,0.007686763974442096,0.018189849108231838,0.03621800474214006,0.006189895187258748,0.03925692945461183,0.03087322217908487,-713656.1671834005
1646,0.03158341927899679,0.009393036266876098,0.042917133604626456,0.018844083986900836,0.04593939880333998,0.03298363532059311,-107493.70764815324
1647,0.002667549117259094,0.02976078442583248,0.04919102501158032,0.04646194334218731,0.023720623016982197,0.022730891203196497,-658425.715875043
1648,0.02657523659213743,0.04003359099797104,0.02975904865945511,0.046861964515703985,0.04798957141217666,0.04803836594394431,622604.7610389718
1649,0.03915441574614963,0.032779706767764365,0.034556600726876434,0.040944869695372144,0.02312030724121693,0.01051496471345294,605805.5804896896
1650,0.011390557554319204,0.037091045678645886,0.011895494333216539,0.019172044063891416,0.046914874575889436,0.018177714754014997,-390456.3646606226
1651,0.04903201375712941,0.011389359548060236,0.011834200179882815,0.03783587134117688,0.046150217554555395,0.04851960814407148,-548817.4690883207
1652,0.04293365602419321,0.012149293098140957,0.01804513967456415,0.04738370734376781,0.027752879886113798,0.02459400373254352,-334356.9626365028
1653,0.035732008058951346,0.007937429009738163,0.007953587741375112,0.04938202543839931,0.010908960229015342,0.009376513084238132,-497020.9428293407
1654,0.02431792116333095,0.012184837711636344,0.011782897778451679,0.04815911488729176,0.03445974109120848,0.026815200489907893,-94001.60895890642
1655,0.00046194607092563404,0.018522479559897397,0.015912527730920164,0.006602489642065285,0.025662012450816465,0.04721105767607775,-1541269.4041308367
1656,0.0015577905413335204,0.031061658910683177,0.0313327591001677,0.030144566167433585,0.020231431121976742,0.02755515007325642,-1022015.4862837201
1657,0.0035400235886829446,0.015852078145472653,0.04364027659976989,0.044307254350889225,0.04564243305676638,0.020004408282644767,-1101471.8162871923
1658,0.02910835341222892,0.020598736200599394,0.023255096423204797,0.030403050121716103,0.013960130634141539,0.022554264807923826,254498.4289822861
1659,0.010413999721790258,0.0405940750353964,0.04570023527254838,0.010994131839157146,0.02657361309327876,0.0289120067482331,-124883.96409350705
1660,0.04553320211250218,0.011196719584614984,0.015537013388822846,0.01689183680653866,0.01360591503193241,0.007551280331572596,-592699.719854993
1661,0.00803113874047684,0.015360056681615658,0.016640268606130017,0.006977183310307989,0.03557305578570588,0.011081900178635168,-965303.4309933479
1662,0.031655286853231775,0.009482319077406232,0.04596984621838718,0.005898851055328025,0.04994358448821444,0.01299582509445285,-144516.00972466604
1663,0.005154973504265498,0.0003439005517166527,0.04274725643152666,0.04480241577140661,0.030459297687595872,0.03575350834034075,-998029.1787160495
1664,0.03518849038830248,0.017767993517799924,0.0297749852955059,0.02804594557498177,0.009040559752998445,0.04235257857263013,-14674.273901502247
1665,0.01117720504196167,0.0084194824322688,0.023557456756936143,0.04139863832433921,0.017484273267513374,0.03819253482057319,-360041.48463389697
1666,0.017659391486048042,0.030761502526764607,0.010907459228051575,0.027152012917221392,0.04545245702800324,0.040141218565198394,-394809.64162119007
1667,0.03314638502803093,0.03834307601514066,0.008331807151423721,0.0020497884901015395,0.04396379860956292,0.048428320898924494,-285705.3914156252
1668,0.002192914170895799,0.02197936876506694,0.03870120429962186,0.037107810131255185,0.005995676542353401,0.040368794491856014,-825721.8200282647
1669,0.03253899177870714,0.03509408602072957,0.02014196699966842,0.032374452131179295,0.01694131587609901,0.04420152755963334,170217.70210092195
1670,0.011747277262653495,0.026588942164230474,0.010218284687459845,0.028278334422658643,0.04264639655097011,0.03350568742921214,-710665.418792597
1671,0.03631143484925329,0.009848322797973853,0.014563163335717073,0.01442580518524641,0.04875093479305183,0.028550277396977925,-472973.0161658462
1672,0.02532723891615027,0.024335496707174747,0.03004246882035147,0.02583776209132295,0.02017548141266275,0.006817210153884368,218352.77236015204
1673,0.02187223002499585,0.04597366542550457,0.04199670470985942,0.03431064400180808,0.0215399599002907,0.04673062551778211,1167158.7446164566
1674,0.04395567256183192,0.03147582857017188,0.03175039579304032,0.048254858430944916,0.03838204276749755,0.01212473818512676,742327.000762244
1675,0.030459934185797434,0.021744207721072814,0.016105300053363133,0.035798984040198316,0.001021087548252775,0.04132002514041964,-208497.80183934025
1676,0.029600144372443515,0.0012765918569225155,0.0003728215711901517,0.024680928354526455,0.04683698249425933,0.018888002066298256,-725233.0955906282
1677,0.04258209131483743,0.0023212022388811094,0.026239757516670903,0.013158680224192216,0.049752816937801966,0.026533893575603762,-255704.52883474482
1678,0.030749388147482255,0.009908561481121781,0.04478654191325742,0.04315912712052191,0.045552858201050435,0.02592343563907117,-32291.74587825167
1679,0.009504788587418751,0.04422574936833373,0.03814951346665176,0.022785696275959385,0.02764429773861751,0.04238697514407071,40076.5953441431
1680,0.012037147676209697,0.007537208313804678,0.015811635509311757,0.04823301158003998,0.01641610546848581,0.036931519105992336,-673965.0790658505
1681,0.019897528313513737,0.012289233824946172,0.04994457743772116,0.014268723864497974,0.03054765206657527,0.04023947941091353,-52669.70245724606
1682,0.011482616811979053,0.04153174134914285,0.00795588735452364,0.04432431623306467,0.02243580921396234,0.018487784128294577,-349797.63249245496
1683,0.049012231263797376,0.011276172914154243,0.021084427739179613,0.012672580600544393,0.006670858520909379,0.018245878432183706,-368058.3543592317
1684,0.027928203338395324,0.0060142857578046665,0.04084100337395507,0.043598890237392364,0.020940475810531912,0.015864658290561103,-472647.1821851041
1685,0.013734276634041493,0.02746349508008319,0.027481690534662345,0.03695661222932074,0.010779223581296939,0.012814340124384122,-82518.47492301196
1686,0.030132032616289252,0.0027742993262157346,0.008430938091578395,0.046795432416915125,0.004079484630860836,0.020731559012171163,-532070.7632217418
1687,0.00805961214616821,0.015102562970792594,0.007245707842916994,0.028837559619740216,0.01151303578073028,0.014050624211735986,-785939.1194025733
1688,0.04609606603871449,0.025647722525565037,0.03117875738513422,0.011092268237433223,0.017259278603032082,0.04492528775392242,209856.5619869753
1689,0.017874408769906043,0.013812307051695578,0.02515885851161065,0.021579367328583256,0.02089145082617159,0.019329044008719466,-399164.64767822815
1690,0.01471614874174168,0.017182296286488215,0.02263754371354286,0.04820578634687872,0.005864971810990782,0.04359377104696832,-239628.10324854995
1691,0.025286684359217777,0.04921570058909194,0.011166129408097025,0.016358053386398775,0.047825579585267675,0.015761362312182944,101487.11924035718
1692,0.02439880824413236,0.0074755869744669474,0.01749996163539863,0.004143718162816024,0.026002094217625796,0.011393278965495518,-402171.48307675566
1693,0.035865535935320214,0.008723107188028729,0.029067565377502158,0.037649490773668796,0.032865280916397725,0.03432345789611884,-235347.26325816638
1694,0.02083505117840036,0.0025789772202236497,0.04665376207392223,0.009674474430531833,0.03543151324425702,0.015566551349016867,-145665.51528267172
1695,0.020680157014644318,0.039196326787558314,0.020815674436590017,0.04993370140300356,0.03658838315370032,0.029520575370425642,94903.16302516352
1696,0.04686801607893923,0.014523516721444875,0.020611532484384843,0.043355888960777404,0.029465584985971356,0.027637493338776672,-457183.46300618554
1697,0.03794321201296432,0.017183365764042845,0.01821785356675897,0.011865780140268978,0.03390559976627125,0.018732221412473073,-318205.7694036969
1698,0.049741158670711175,0.0277807262845176,0.034469022683507405,0.0021541313906065173,0.04080308981849789,0.0025936583324370935,141022.16441866246
1699,0.032173111707680495,0.04139620735782862,0.043091254972087156,0.033615006142026296,0.00783604457424576,0.021628475828543194,1188998.8260118228
1700,0.02816280662351548,0.014727803748319968,0.0011400123787484728,0.04295458292733603,0.004720977455707332,0.03335753392763104,-700878.5001077999
1701,0.03072016255321601,0.04127344166328098,0.022526990275582977,0.030630937124304265,0.04337648731781464,0.008636743566203336,364515.70937622484
1702,0.008235307024543215,0.014404103646782046,0.02549944647559323,0.03998937523179025,0.02250605983706641,0.021432195624662278,-913593.9547319141
1703,0.04183406094888333,0.008587657303421032,0.030607493785475712,0.018089217541993746,0.019278707309795896,0.025997981321261257,-179946.4087950927
1704,0.037668430697527275,0.046802376016741164,0.005835184583942971,0.00533999114617329,0.021253293493647896,0.032599060752976146,-286144.31063835276
1705,0.04631958170822787,0.030073376758723975,0.0383350793716143,0.02490961767191573,0.00829147344248114,0.0181525850895816,555761.4253063151
1706,0.002688735478427773,0.025307407782029757,0.03113148370403969,0.022148083721296494,0.03344374073164841,0.045038316126874894,-1094032.4591265116
1707,0.01534169199364201,0.021582510405062635,0.027714906763979905,0.027518775629390924,0.03381840640586821,0.003859481271970222,-142870.03212917337
1708,0.027627396988648995,0.002093076270341904,0.02197408832894462,0.04772335146737966,0.015760434517776145,0.017714587484396072,-459592.71065964294
1709,0.010690907739611545,0.04583475390426749,0.048828999506166704,0.011142139032075633,0.00423350358827746,0.03950233950709256,198290.21218842763
1710,0.014982344817603455,0.008759269862552937,0.010975207547417154,0.01202450408530864,0.014134386767265656,0.00908981383031363,-763735.895324613
1711,0.023887612767647688,0.04372527995565892,0.025001810746881983,0.04874426401494401,0.039051739863960225,0.046494982499035026,621434.1668751193
1712,0.0027696030857648824,0.0019942801356572005,0.01136954728114243,0.04308616835267552,0.045314839977263086,0.023951702592459653,-1024459.5607617617
1713,0.04213856388047144,0.0310740278767572,0.028147892689314575,0.008527071867855025,0.01634401671787722,0.01462257584908518,611853.9239711724
1714,0.015948479629132106,0.04647127025230937,0.016558912248106624,0.03585669188006782,0.0012836343153671216,0.007102110745898855,-154373.6417425697
1715,0.04174722063264734,0.044795175898794205,0.024166750660806837,0.03414425601274305,0.006172117690022072,0.002414592538520011,358521.7386392414
1716,0.04471446347403713,0.013840164369552356,0.03292167130916379,0.005460758230559543,0.03453370765215482,0.006966262970235004,-236452.3290950324
1717,0.004398187426219314,0.023696710704619695,0.010866590107917396,0.007315218056824069,0.011515009837954965,0.037545535209826134,-1238231.7307845913
1718,0.003138163896530144,0.0001862754038810366,0.01623760582204042,0.0100176456130388,0.00176876983621036,0.04529316777879703,-1205393.6723366403
1719,0.029476529726838143,0.02276151738255787,0.015088464925974805,0.04381592121454614,0.00924095004482362,0.013267129488672747,76292.0735193645
1720,0.049560001538812556,0.04697625199898389,0.006282665341874844,0.009427878572182047,0.0359767269480865,0.012500444209461604,-366713.19113677135
1721,0.02075537133342474,0.03244234669968054,0.03667453987649684,0.04657248786892511,0.04138205121917845,0.02942005637848366,318968.7531526276
1722,0.01831860774547452,0.03731409063676738,0.006207500645533915,0.0004469112356856597,0.044183470320833335,0.036388082326627706,-656567.9465762642
1723,0.016590631262885236,0.03582165878779525,0.031284139513018755,0.039395369827050324,0.0035912602285995522,0.03542800851092711,141720.6792985354
1724,0.04186051074308275,0.002342851133357754,0.008719585891152426,0.04022947368120719,0.04783176780785274,0.02902352363912178,-434616.0496933552
1725,0.002424729113598323,0.009605711212460566,0.00021414053164675042,0.02540209259996358,0.02126983949909559,0.03506438404823219,-1115624.6737515389
1726,0.025210515083943313,0.026415719778412772,0.03289458907029974,0.04604106523573069,0.029987752435801786,0.01136418207541699,392105.7509528502
1727,0.019245622360052173,0.00016038453425920032,0.03369455772038186,0.0008786975154588373,0.03095565591337638,0.04322989440095264,-785141.3108860138
1728,0.002714554387395629,0.0433085215408872,0.001132699385396868,0.003298763878670469,0.019878560448067295,0.047002346304045144,-1282094.0656224424
1729,0.026523756162831626,0.04474589411927604,0.02862447878943901,0.025083849792840264,0.011032911489429654,0.01768282058844242,566324.2459391017
1730,0.030420837327196498,0.03408054241687029,0.006120442386523351,0.020406978309740316,0.005864475720839608,0.03303961219242056,-317715.68130979926
1731,0.033746355040527976,0.044017744100640764,0.048711041641765825,0.02960821645462382,0.03238614389327887,0.030539578434009396,1450509.955591388
1732,0.022152599967917352,0.017225242583877344,0.03766548077981585,0.0008336034144169835,0.008723142478315982,0.008278600097293027,-66517.43051230321
1733,0.02714371440476573,0.012865232722751524,0.008607894248485149,0.004897574314899473,0.03677378865991382,0.0060068607239245845,-452707.03170416027
1734,0.008511515029637184,0.022958851830307603,0.008506220280782507,0.033409703672517214,0.00891951548268377,0.005915508912396317,-746660.2235975153
1735,0.0009859472005742888,0.0026044387484845002,0.046494227197648286,0.008126502430803968,0.025420172826901,0.03227412549288779,-1397607.1489536695
1736,0.003648067058006788,0.0036590345290479775,0.02255942227667662,0.04059624300288184,0.00642811027323153,0.030809337369291506,-1217083.9665588578
1737,0.012255014116751629,0.048134692608624886,0.045549291974890216,0.03869197997056237,0.01562025857539422,0.003985778968371884,466890.45289296075
1738,0.020237162433563355,0.02243657597081296,0.018755682653778513,0.0077972981533256935,0.004577932378022837,0.0443605965511339,-69085.26522005019
1739,0.0018933058321564111,0.014642341962735434,0.0061336734805992055,0.01883508341801173,0.0261674302567893,0.038434407590215734,-1241920.7077240401
1740,0.005118516500756138,0.028043078646819392,0.004938242885678113,0.01857492110603619,0.03245513273138064,0.0038339926609218867,-1105830.6534253277
1741,0.00514656618976318,0.02402568574096743,0.022114118256131937,0.024045282378430025,0.0048259483085153826,0.012414207034011405,-1024407.9324461209
1742,0.006881739256618469,0.00022245124044315,0.009648722088392193,0.014667041379773434,0.035879190194347335,0.03370520931446269,-935143.3171700113
1743,0.011794612709102037,0.04001242218044338,0.045771917526360756,0.03735400444655329,0.003087752361866758,0.04969571060865235,395467.16192658927
1744,0.02029721987439849,0.020251336325048892,0.03562406418799334,0.0027210014354884463,0.041287389571957704,0.03701344667402678,86127.68503928151
1745,0.03134610078523445,0.009207009334670458,0.005384456114793068,0.029588089524590994,0.02194285825724936,0.03785661766350914,-579992.436742658
1746,0.02188059453275254,0.02824141815813815,0.006935380157940463,0.03699289016344231,0.006858916774490226,0.03963162364804351,-241866.32652677712
1747,0.014663674670422228,0.015297149821528744,0.013064910051208202,0.003927849871748263,0.02502730710642674,0.03225409132835971,-937003.7682925086
1748,0.023038063314589553,0.03265317921598693,0.02546949418079962,0.04108444286876139,0.02315551090465269,0.01184290387825726,59050.58627421458
1749,0.010072828112367212,0.005146952352369988,0.04109352314493502,0.024532980772830327,0.012510405521856005,0.026436269072807418,-761993.0732602669
1750,0.023965234135889288,0.0031069592066938602,0.012906074982477901,0.023125409155325894,0.03902522418751972,0.012004505672126449,-677881.7690329606
1751,0.040201688919207744,0.0375863162386775,0.04379083164486889,0.009999259209516977,0.023709266978348,0.0025252182595425334,982738.6904594139
1752,0.030104391300084604,0.021145296717902752,0.021331749877722534,0.011467031421775293,0.017685245709384595,0.024381485628045513,34854.84415958847
1753,0.009700002224647187,0.032539948075894096,0.029253437804642703,0.013471835561268204,0.02803182473542032,0.04392073332225858,-384019.8628764846
1754,0.007743220571441795,0.04428314600226874,0.01842341016552985,0.027186373067880104,0.014341976086821591,0.003099048600115745,-659815.4149274399
1755,0.002486938276053424,0.016394046038989193,0.04349283573557879,0.006833315237416183,0.028060868427359532,0.03418544190521899,-1058277.9003638094
1756,0.045847829293089226,0.024519920862981676,0.0478169970036709,0.002483397177703528,0.009277491485674083,0.015954063533828527,234059.14619599667
1757,0.043762090460598806,0.04126153585496127,0.0429855032341103,0.01598865544402512,0.04792035070889805,0.010188529897121129,1002007.2065099546
1758,0.019093770608441175,0.03782344703777718,0.028866950153807466,0.003126017473955445,0.017650741465615957,0.006722098551483974,3952.0625699966595
1759,0.03598420008701533,0.008889305379038731,0.0365696955887471,0.006329098256789456,0.02037253305585642,0.015319556962497434,-261117.50264769114
1760,0.04787962170970859,0.015133166119071478,0.04930806619778136,0.0045863388077679755,0.030215171471372468,0.025084988301017505,-177376.31693093927
1761,0.018918800740268554,0.009986174851051645,0.00561431149001192,0.003854983447565269,0.04313722370070722,0.014235652910616637,-717439.640910129
1762,0.03924809566440889,0.02774127001882842,0.015356564683101443,0.048069039247358974,0.04657693162781629,0.02170483131093764,-8587.202051867
1763,0.030422518489687897,0.016605059392050238,0.022417887866422938,0.011428347021916746,0.04174263562651113,0.01806429208112234,-286950.49452103884
1764,0.04313320628765456,0.03340832384295824,0.038120091985235825,0.008177534733564912,0.02758038579094706,0.02447012213506329,950743.0080642513
1765,0.029174677573478816,0.049569902444281055,0.012070503314544635,0.04250089394069782,0.0364640689919666,0.04380697434183769,-40673.11216907862
1766,0.013114558035940738,0.004627946936916644,0.027700975103535527,0.03673514561936872,0.032108748032389854,0.02500885761385064,-504104.42029996164
1767,0.030667961820418393,0.036298078644940994,0.016772296297463053,0.04937766447482238,0.04795824120000862,0.042442649076787485,47022.66588511724
1768,0.0006128400932513601,0.031611476854416,0.04993477462601914,0.038765960689276395,0.028877977505925606,0.01298766802631034,-812759.1834384563
1769,0.014727467689499625,0.009196722623450988,0.01408834789131766,0.04377195135439824,0.0005408067439478858,0.011371998339696661,-543785.2878214907
1770,0.02127077373885236,0.012545646447628234,0.017348001268376496,0.02018662225422349,0.0293078577617036,0.0280439660180178,-474005.61326510255
1771,0.03191033692896813,0.017251399342130738,0.019802947239182734,0.008790791319264236,0.0052399099906765894,0.011116446379263983,-225425.3421862893
1772,0.0020015631399631973,0.04589712508114349,0.020344297995742684,0.01743543944482418,0.0007026843960043106,0.03462279102749279,-1214278.4860563138
1773,0.016407175801739716,0.004324209812269226,0.03170916076975918,0.012386371786874573,0.01757022182741812,0.016745084529194976,-569912.716955994
1774,0.04319124751318775,0.0020576600026200155,0.007263623368301775,0.025591490043926093,0.04298998610473055,0.007469497675277059,-442289.46187431354
1775,0.007319491444310367,0.030113742767389647,0.04606152513591844,0.0170363556615635,0.03460144038658918,0.002211570664021839,-467027.99503253197
1776,0.02188841835327548,0.017190322409692534,0.03829203427983457,0.04149893175811119,0.048091257024871326,0.030381860129099544,341803.60374697833
1777,0.03712845308778257,0.012337806963860483,0.008041318115394302,0.04782541855153607,0.02065309147158739,0.020751586532756845,-490018.38396573137
1778,0.01789050162076782,0.038780169611331565,0.034753169495748915,0.005312445470671873,0.001772346749988485,0.012225215906726695,442424.5851049015
1779,0.03329268531781026,0.0414714280081602,0.013856515617069687,0.023906432855057388,0.025384119543144453,0.010878769087071666,-8717.891386586243
1780,0.016984186273475504,0.0021169725304587997,0.04343728879017667,0.03064028373307138,0.009060293741919396,0.016310557013455008,-354202.36788681144
1781,0.029121486746108906,0.014906114594184667,0.0034708265724682774,0.009785475759466374,0.03483317999950688,0.025828625411115594,-700482.475286541
1782,0.03617047515812299,0.03743687597745306,0.03330893260575113,0.036805054953630775,0.0028624084795824847,0.021268104011757074,751906.1450885311
1783,0.010189048547336477,0.04566080292543025,0.03765790095104382,0.04834792894907103,0.002680975735318181,0.020918934484798108,214809.62921920244
1784,0.03288781617919852,0.03254719617108938,0.04521788500458206,0.002019910942781028,0.007332666048539999,0.023126322578652575,650114.1689669309
1785,0.04641535665485619,0.029781870900512,0.02083347054812742,0.00787566988420263,0.025937771248192156,0.04613658413850348,6017.09500076473
1786,0.018186698977970813,0.04095394205403613,0.03223026699171668,0.010020377909871337,0.00535932548560989,0.0412638280991476,155008.8220618486
1787,0.0038633015126826823,0.007109300650751361,0.04500929475524232,0.02301349237068776,0.04413055494220689,0.015306164733269362,-987476.9247394085
1788,0.04422490740522505,0.04759162243487344,0.021392548366416186,0.03137660025935448,0.04616567771508322,0.008584789972395297,276665.5085183167
1789,0.03920304538203536,0.04141125136571608,0.015784845291909655,0.04003642796527017,0.03157583749225636,0.04064733723135267,-99176.34844570614
1790,0.007266885561357112,0.04985131808195865,0.001510960187567495,0.00853466724765541,0.021704323516850615,0.006441861423847634,-1036013.2624817205
1791,0.02986679593557215,0.032510613709085444,0.03408946709848242,0.048004105399268235,0.003134586148006724,0.003274169899719415,434828.89064536506
1792,0.012781387198454487,0.03607896221494254,0.010819978164063278,0.044907809609085116,0.01503810740688375,0.029851001642357506,-355629.14650995244
1793,0.04145191278758412,0.010955833704231727,0.034835301453803875,0.01437377644536534,0.03243791878137658,0.009623468463501362,-211330.1482126694
1794,0.03917067429169879,0.009447287523109438,0.01189932438163014,0.022943472902573467,0.026674608739019723,0.0166821445143565,-522965.9973853492
1795,0.038955186936718345,0.004299948581747643,0.009538047623333207,0.012585030563447603,0.007010333383560841,0.035307216815395996,-558280.4626499766
1796,0.02277654530949576,0.04650909643723853,0.028093891744650525,0.008414135799721162,0.014606319559407234,0.016845438230825873,410839.4916221704
1797,0.019383892410411274,0.04891851111112383,0.02318556531106443,0.022718339848983506,0.03512843497750335,0.021397256732685273,59192.35171750125
1798,0.021686748684374105,0.020582215844386176,0.015609003630339813,0.043554681071774175,0.03398928233100922,0.041924335806509005,-166531.16755039836
1799,0.01628474048687922,0.0343918529964749,0.002041779867094057,0.035817698066547034,0.0074315899918549816,0.04889636509320451,-748686.5489872887
1800,0.03409083628231595,0.010060224906293642,0.019210400160224645,0.03932931328841828,0.028636088431700624,0.008261547036906309,-417218.1243835425
1801,0.0073269486280166,0.02763755220362349,0.036467522247606986,0.008634032428948724,0.030716558743007084,0.02080985665010057,-481421.52298632637
1802,0.017732778802818233,0.008170828877013148,0.011325279096558777,0.03379297502575729,0.018621386244985133,0.025642258572829747,-582748.3490458229
1803,0.04090564592627863,0.013382436752992622,0.03873512965056136,0.009397901898198103,0.00776005721469133,0.0037822381849245304,-15319.378873467598
1804,0.016559970340310554,0.009436627717148129,0.03636542798137155,0.040981965244927615,0.027769312578983064,0.04735705199533312,-178316.82712146995
1805,0.023427251473760336,0.0015638625637403203,0.04799712096721993,0.037474314067966405,0.0384381580124747,0.025452921709850775,-277177.552671937
1806,0.007387672253605371,0.01767034882265457,0.01923973174978537,0.04077269682628254,0.04710317226569084,0.036087012616771885,-678588.7076742398
1807,0.024471494962920667,0.03927220111670854,0.00030451398375633823,0.005279447044350067,0.032550992962675315,0.006021660612054597,-732859.3968981386
1808,0.046623602566803736,0.03229947301015056,0.04753244395744678,0.003861121120933392,0.0346450202557969,0.04173927159620193,816179.4912487168
1809,0.04086947687082429,0.046391910904160845,0.030050027546783903,0.00794207453646833,0.003707430398302236,0.044326144709602194,954665.9783300312
1810,0.017865449143858743,0.022145703155680187,0.032901615519205646,0.006610466849543445,0.0017543046871868586,0.03605271843832445,-267194.34617733286
1811,0.021346592988316815,0.036583639173389464,0.004592400804001479,0.04238577770476715,0.025723667073211318,0.026996262204689394,-281744.7589289831
1812,0.04149933244924444,0.01020943198210021,0.04719738047623613,0.01684302563636893,0.01192315994331163,0.03776160350877931,-452902.71856322297
1813,0.007777289996863396,0.006458209805119891,0.04059380552936964,0.04246422040605213,0.016062237908259835,0.01369095924378257,-872655.4005898783
1814,0.040935091385150724,0.03693797099406237,0.04802652319523523,0.013389585977252505,0.002529770901117806,0.014053751242019054,1151641.4267665308
1815,0.013526981434270802,0.041332436949514384,0.017602026502171044,0.0012825458484502505,0.03942038112341864,0.012796341451548,-122452.94451372535
1816,0.026869931278467037,0.02228000148506644,0.0002925011336803618,0.034507759467568185,0.027159419277027808,0.041873181498859935,-575501.0863737072
1817,0.02872310967695789,0.03737529438819765,0.008727619178763564,0.04801893637785109,0.01836458070645825,0.004417040994481858,-284073.0026763301
1818,0.046582793094651874,0.02651997697092519,0.008912300157554676,0.03748228821929614,0.0010651163099591689,0.011148166724312314,-465851.87980401085
1819,0.03229737854584427,0.0095961354257672,0.003176667414766821,0.0026625334236569267,0.044907418580990774,0.0002648540850786141,-643719.6704489469
1820,0.034265762120962114,0.005534744165274725,0.005310872418821767,0.024637108250761593,0.02119995635794901,0.03263723322740698,-583983.2471808813
1821,0.03699717815909067,0.002760111660403558,0.040488458952397735,0.014487204428462491,0.04368477002347292,0.03671728707906967,-261788.63553062078
1822,0.03980743793239139,0.007069671403888301,0.025919032363848446,0.021614721299611644,0.017901312475627068,0.04079441237487923,-206853.6967559995
1823,0.004831274548447118,0.03162856098929936,0.0031465006485273286,0.03785301492678854,0.019950002901202375,0.01706859313050636,-1019794.6135973182
1824,0.04722404281613737,0.010386536768479082,0.034144732797432256,0.0019443994831271072,0.004085362272007282,0.0026959227777117348,-207331.1381988833
1825,0.006414571218855503,0.010479822416338824,0.022547482444168532,0.0012207743174013409,0.007643619107039046,0.042857090884028747,-847267.0770462923
1826,0.02865480706707581,0.04994316201958415,0.001296311404547207,0.03990796553779326,0.042278692391409856,0.031190018071273598,-368992.0329842089
1827,1.5720982204348035e-05,0.0175183547357474,0.018307818390120995,0.0312031550620335,0.006196587327650833,0.03494826768211934,-1462736.5003368768
1828,0.044191861804931586,0.045629127384865104,0.04402624881796594,0.014001320543523649,0.025962666489310057,0.04773613019004287,1295819.6666581866
1829,0.0071589375243023895,0.020605241759053674,0.037294258114751164,0.04353076971592137,0.011659675364789608,0.036832530785014674,-148654.92018294262
1830,0.01563055338921207,0.033161901425527565,0.011857143159554601,0.005204537497960554,0.00133712428720163,0.0014087137390930095,-543962.2484766187
1831,0.016170962898040403,0.043021482467424196,0.012525451804449757,0.008512324210900618,0.03474742010468965,0.018165294672900935,-290974.6946778113
1832,0.048216204344243146,0.015312978046842347,0.0011764054911638678,0.0007971219483345893,0.0494011315688421,0.02666892016159966,-525997.6924765549
1833,0.012745045190128524,0.008560247112171288,0.02534134831087749,0.01969401075556588,0.02594249475244157,0.025998545492927495,-487975.88975391834
1834,0.005635803316393001,0.03130244386227048,0.04374495352782473,0.023511828854649686,0.03064744522324854,0.04428133099341533,-591150.5651354112
1835,0.018125944090186787,0.008424635965270223,0.02000124978922065,0.015085684603854328,0.02434843114229811,0.00018219980983843478,-260316.40889269393
1836,0.039298341072531356,0.02957438370397978,0.0050571606663801566,0.04299071406591013,0.015295194445655814,0.013564844916418446,-411403.99961404304
1837,0.02685935771635167,0.023404269072779663,0.016355612801058073,0.04987685846055173,0.029219646937259397,0.0061521623070495135,-131738.18344106886
1838,0.005508029802666165,0.04905559678101375,0.008802165994662782,0.01327624849467855,0.01766132941331557,0.0493030023935327,-821703.2085461136
1839,0.009637144539537274,0.007279134605111793,0.02850965193494691,0.0215310838957429,0.011506699414640454,0.02848654837064086,-425960.24267489853
1840,0.022183478724135022,0.0124778591013278,0.02147116915107641,0.02023798290285052,0.0027480194070935216,0.04304598062271628,-133819.8340203597
1841,0.033676092553085894,0.01408502657493151,0.04576228880151902,0.0007843763641651958,0.04492418178727384,0.03959293518009011,104651.47793277976
1842,0.015317311858885291,0.009908951541142665,0.04772839234364073,0.0037911605071205556,0.036180553890652695,0.038547084106965945,-365746.7902869763
1843,0.040528030505908974,0.017156881242173277,0.0420715925571938,0.030115353671434225,0.028883540007806165,0.002484351312398703,-11631.724307900495
1844,0.02594071245769,0.01733762491305314,0.04198057947696072,0.002974818591139128,0.036364432491784844,0.005278258945945491,56905.896927614114
1845,0.03760825334322202,0.014893742132155292,0.03033392576289869,0.012092205035323877,0.02494182969116794,0.00820818368063408,-166401.30602023186
1846,0.018469511175989863,5.259862801940685e-05,0.04809078707001397,0.03949197802750128,0.040368901188954434,0.0421071605630446,-223811.16990765533
1847,0.027481453803641837,0.029921630083289158,0.02999457128386475,0.0024784060387352484,0.021393658061681222,0.04234588363571679,378941.54558715475
1848,0.02753207304097014,0.014502392238679674,0.04857880624540281,0.018160969515334947,0.03479101891615113,0.02946229520950048,184362.62695185433
1849,0.031083420625764246,0.03354606802769807,0.022739637865852494,0.01736043083535893,0.013820241454521189,0.03263715460497034,670888.877913358
1850,0.014393070024539129,0.0032174491087464674,0.017511509828394313,0.00668120685014485,0.043006125954387936,0.028822172054035172,-832711.3583976761
1851,0.008804871463419605,0.03310441341285059,0.04395019424013597,0.005575175256291959,0.03517638225966818,0.02155562749412095,-244724.9185781089
1852,0.015137742912282615,0.016644131270702328,0.03351822519145058,0.010204070768158786,0.048053464646243306,0.03598238925072128,-51759.27429896921
1853,0.007463571712061818,0.04647187133388496,0.018192339051274153,0.029649681166399808,0.04244335905296809,0.02719348949410763,-353537.2942212713
1854,0.005059972296338733,0.008734200246032076,0.046637303800372905,0.022073530616645194,0.009472342993035416,0.007669521255908935,-1132401.7028206447
1855,0.012355964418451,0.03311344019156432,0.007808261176913256,0.021598465818592413,0.02279872895137579,0.03666562526153636,-812772.7688439229
1856,0.009705084617438887,0.04396191094499888,0.007401661005128091,0.022104250501843822,0.029657960028270893,0.04162592620381231,-708378.4974690288
1857,0.0009375293368139581,0.025061659476313815,0.043136340663146734,0.04966673477552709,0.016126265757564123,0.04509772318641844,-777771.8212502187
1858,0.016299552270781236,0.0064081135322855256,0.049111541478281895,0.04030254359267995,0.0034003345159776543,0.016707946542694564,-511113.64903162856
1859,0.033836931474470665,0.042534531597407825,0.03760691361644619,0.01095214799171917,0.0332192136211499,0.027764956810884412,976498.8751084248
1860,0.034912113699459506,0.019228203356546014,0.01621699966018197,0.024742552629477683,0.03817818819037888,0.016665434790599173,-121870.78288496641
1861,0.035847929794723704,0.03583565040886151,0.04752941920245467,0.01913761477766328,0.04328169741127247,0.04861042546300033,1043595.0771440857
1862,0.02843299089241612,0.014731055289383677,0.024476439966523874,0.038817867038391615,0.010853548738861313,0.0056325816081923665,99349.34203074698
1863,0.03068569083629596,0.021336489978845626,0.03955665616797741,0.010460257388290102,0.021138068251144823,0.011834851387381912,459841.4731042602
1864,0.029230660610791888,0.0004717863813825274,0.028491994411600427,0.04505205740360059,0.033536145088372014,0.020836462239150706,-311488.2352149425
1865,0.03168018929709305,0.045763062577203535,0.020686083683209427,0.01369058664307804,0.01903305025704822,0.023802529768336512,175628.04621262834
1866,0.02872338296356792,0.023749872535718697,0.026582821423444272,0.03569111760878643,0.004467077911443945,0.04244164698944729,301958.7238944055
1867,0.003365203533449823,0.04486418337665508,0.04552061699158128,0.006378001556509,0.013122504098621895,0.049679494788629194,-709738.6938501367
1868,0.027402980492131634,0.02782777578604728,0.002877801797197727,0.009510431702212559,0.005057109389317283,0.03192026509593992,-750189.0894876169
1869,0.02989752565598784,0.021457589493958124,0.035452181511721866,0.019656453992561246,0.004591771713425436,0.00018712141745225175,323083.1747240703
1870,0.0023562458297786194,0.03554438413647449,0.014344691191615695,0.003958078819073891,0.026136778938595336,0.011544647256547115,-1238077.9838620592
1871,0.0325852665226554,0.03135629876560615,0.011342074231611626,0.0388776067159475,0.04287543165358715,0.007241650885764717,-358593.5286532276
1872,0.022022617260813337,0.04178166295266623,0.030279582179738695,0.016850993536723508,0.0073287062734098745,0.01433463517909736,610926.2522753812
1873,0.0034369150989205736,0.022145441566041486,0.015588572938895852,0.011960220937528566,0.03934324504685933,0.01727398390070331,-1235393.597879526
1874,0.03208228394558164,0.03072819706476304,0.0005199050755070267,0.024778239937208818,0.033694755273649075,0.041112832457609334,-817525.025214073
1875,0.03038477547092315,0.03674248269924684,0.03843650162007878,0.01506045451612259,0.010461033385200958,0.04892266868779338,751914.4264895093
1876,0.002948788519498058,0.01518292085549345,0.021063678027576194,0.016007377232374848,0.03355340495904378,0.033892052033890216,-1143649.8779657409
1877,0.00898858538974559,0.021036693558250493,0.003556476791279617,0.02570147227997705,0.011422372274227849,0.007072871047708812,-838726.6102459821
1878,0.005660864150352579,0.033434738142170975,0.01312862305800775,0.024350807245721556,0.02554647683556885,0.03866833783873988,-740038.9771211896
1879,0.03557029237397862,0.0024054264008333995,0.028135152652175144,0.035491672197609674,0.045602063941793336,0.04854302809438158,-346558.03534321586
1880,0.019572433179342014,0.039848569595773264,0.039197579010278094,0.03639256630997704,0.00382556244151267,0.02025591546085513,714745.4167257857
1881,0.01877798212287541,0.03113570070438572,0.011377443440974406,0.030440118492034148,0.02950975357249788,0.00907218929152991,-364016.99149288464
1882,0.02902034180902101,0.004063234697376123,0.021730214205930506,0.02914723647254357,0.017484025394072206,0.0169463422421858,-540502.4398371801
1883,0.009136384076905457,0.044169059104576136,0.02224504089834159,0.04170035026506181,0.021096657933411003,0.026369797703222633,-219913.5288501492
1884,0.029538687431876744,0.01801909301650052,0.014437051761990144,0.02814364305172394,0.028149838992580813,0.010656075689168605,93774.70756419568
1885,0.01014598915307668,0.045593579133350985,0.039973289121347635,0.029972668157450356,0.01673118044720598,0.03275101472980848,123980.85892205467
1886,0.0066630572215515445,0.037336243814589914,0.02092653885183266,0.007284879948286355,0.049705779731683476,0.03860216457266978,-632918.6085635456
1887,0.0007698327480284928,0.026418366018811104,0.006502322004243305,0.020862571674215374,0.015067592543214148,0.019390101740892292,-1293146.6527634088
1888,0.010496715654679734,0.03480204807120465,0.012857101857059806,0.03606041363869374,0.03277038997922826,0.035104625600029374,-393219.6155701054
1889,0.044594410092090836,0.0328584879212085,0.04161417424554045,0.044449959772576965,0.022814761315520467,0.033476057422383236,684336.0561318151
1890,0.030759476916509206,0.043442479551100796,0.01808423375110751,0.022075397747993414,0.03190490390599383,0.023741181848147358,100476.30351051045
1891,0.02745702884427899,0.025794520022216678,0.04518953540389853,0.038833181366894655,0.00026300616418665216,0.010785547789489092,496934.8577326826
1892,0.008245770430430677,0.02890303815933462,0.03772155971134902,0.01482188125816223,0.04726972531255581,0.025352310648345894,-169209.67338121455
1893,0.018502488026683018,0.04337907623079882,0.018650738353886705,0.01821759399990706,0.020215605780683595,0.022591114171626816,40801.96765187003
1894,0.008665437994795805,0.02920241777025159,0.021028400501865625,0.043391519505698556,0.04811679328400689,0.042208231987011534,-483968.69510253455
1895,0.0007595052341002273,0.003491929624675161,0.009763859010329501,0.04208283817094743,0.009950755547773062,0.013433903588112767,-1213767.5537810293
1896,0.03846649797590762,0.04460197580168742,0.027282043700711123,0.029802459027904956,0.03280687067206555,0.010135268672304066,528485.9348601764
1897,0.005278273125706174,0.026720947612092302,0.04278027302984725,0.03731409363732587,0.00999817764597934,0.01315053232947071,-508468.4874628785
1898,0.03747388145612948,0.014554908184868749,0.0061945304644178915,0.015339776899080532,0.04229957082451585,0.036604194843544165,-704426.129905383
1899,0.04503408498811215,0.042704437331610556,0.00268576825726129,0.026534271786209068,0.040987464906744764,0.04064641236679618,-357913.62508388306
1900,0.041183724491228216,0.004860631889246975,0.003164181670101851,0.01949165479743617,0.039071864374371,0.010312138600082878,-587356.3108730818
1901,0.037930044857312974,0.026815531096247902,0.020727401204515945,0.025161442497775466,0.005912086519433518,0.0213397242795629,85572.1541244117
1902,0.0451931097988011,0.04196517860338769,0.0028811735773528304,0.026018288488359534,0.003995917895803514,0.023130638086587496,-346198.0109243137
1903,0.03080436209705862,0.03861337016037292,0.027524528988747604,0.03258352714800666,0.030704411737236894,0.00271769439455285,604147.0753581456
1904,0.049150274953809414,0.03430237523237741,0.005207150634851266,0.004766984295410054,0.017567812297757054,0.042134286145805284,-345000.35167027026
1905,0.009914900599997674,0.0413122810599731,0.049837833657215,0.04348780265836813,0.015480643485396302,0.03594460426207282,312103.853740358
1906,0.004916963343619485,0.00501646589225242,0.03816935270716418,0.028869529617582157,0.049171112937971634,0.004732195614484586,-916745.4578245985
1907,0.0032177140858269783,0.0034280058032423733,0.04444082415048313,0.027394037112012742,0.029626882443562694,0.015383428547555806,-1070991.4600826637
1908,0.04002249061592255,0.04407815999321912,0.032525670106637684,0.002347662374573539,0.0026052267843913015,0.02268090271003191,781723.7200903938
1909,0.016126821096942922,0.04531565951663956,0.014936176248721589,0.034623689472195955,0.03500878929015638,0.009048492486091209,-13092.164106180036
1910,0.013775541972742467,0.044320020959638565,0.034041129624660396,0.04289860705028932,0.018858121298487247,0.04821839509862089,423854.1196023964
1911,0.04478360423546214,0.00779506446269862,0.04761483988828157,0.005907981721281841,0.041822734931774096,0.04541690766227239,-34702.329286726796
1912,0.030637107835016355,0.033401752204671384,0.04570302901632258,0.04113377630718657,0.0404420570599842,0.01806550077024725,717764.4250802248
1913,0.019037648734731433,0.03597874973479311,0.0320170310562242,0.03566715533604865,0.02896732830056502,0.021223956571560922,361459.5591648675
1914,0.03938763594329801,0.044847139591665364,0.03400304277150473,0.04965558480268399,0.014522735907255996,0.020657201109389206,830999.4215482099
1915,0.0033819777251532183,0.009157017292489012,0.047698909113354206,0.04514305186690587,0.014450413954813708,0.0076340571064268895,-762063.2713376827
1916,0.04843252366886131,0.04837066568491813,0.0018399700200058989,0.015499987483474253,0.03796558385508955,0.042992700485113305,-423920.79502378916
1917,0.019122408397470914,0.037983635199399804,0.037644290182891546,0.005722249381118056,0.03108563405374133,0.02836434527973715,376904.6326797784
1918,0.004295445247497926,0.030474444354475952,0.007143480927042873,0.03343988927566826,0.0335528185563398,0.04797337351332642,-756132.4521106532
1919,0.024660466643389667,0.011984285042056076,0.002658058586736384,0.017326460421336964,0.01498834608678894,0.029061264291091262,-702235.350854858
1920,0.004000971276330478,0.045544647486495414,0.0372322982100767,0.02147092296193309,0.023687713615628915,0.00346384967522464,-378760.1028671684
1921,0.04659119908864753,0.023499496616677634,0.020664624947640216,0.007412108847679649,0.0467687468296431,0.003414572583506087,-274657.3404992476
1922,0.017920364625104778,0.0308153548026045,0.01757796934856668,0.029507279634031044,0.037728751450894514,0.0005931764220413749,-118619.51340129731
1923,0.03731366169910031,0.04006586631079311,0.043792229671469056,0.011137407396669241,0.01885360154246934,0.025340872353433425,1247852.6901863094
1924,0.012140046512263865,0.026351102464618772,0.011172230836491943,0.017079764737783023,0.0324499629074525,0.011319875862535633,-625897.2095089584
1925,0.001877791171017057,0.03539126520849189,0.027449063696756232,0.00127414682145095,7.855254091270748e-05,0.017275600597481712,-1126363.4334554847
1926,0.03619636397765418,0.0043811455703268555,0.0497763089530971,0.01808313995971236,0.0474302058693272,0.002239035626011815,-353846.3149312712
1927,0.0497174283473516,0.023249991275175637,0.04330293575919181,0.026503253006759056,0.028890665713192317,0.03496375059488598,274261.2354410507
1928,0.012178427790277842,0.03687830806116485,0.04396129284067829,0.03193673000703303,0.0004069746861971424,0.031592883670450586,304898.3373563331
1929,0.040733313304038926,0.04058870391205788,0.023151331604443257,0.016119396984986607,0.0386434480673901,0.009418269306784955,165723.5872664723
1930,0.04099949738893864,0.03453524065106502,0.006622569907210218,0.03581028259885897,0.03127476668445305,0.032614544266373745,-286642.67814641783
1931,0.005709220203226006,0.038596106796732,0.031273204438646195,0.008797384354377713,0.03345870006662312,0.03684892043209575,-698580.6045330337
1932,0.025968805859568872,0.045363089542441414,0.03297951784356093,0.024470513061890284,0.017018284149377262,0.008327742464408793,745663.2630995782
1933,0.01980733725441501,0.020696590408809192,0.03026221804087925,0.014498026255537028,0.03819141812262605,0.02047003622731279,-30420.028442068746
1934,0.038013764234317425,0.028217665347456206,0.025438044110958985,0.03513566209966288,0.03700456624992434,0.03370851120621448,265117.35957407975
1935,0.03634503513270909,0.035263227495351816,0.041517342030678056,0.033676921184147425,0.030540410216302577,0.02592109893568568,891827.9937951567
1936,0.0031275893138647207,0.03774760660409895,0.0256880225475845,0.00989083434351349,0.042140169346092514,0.04821320862437977,-852304.1644622758
1937,0.0037346560016575936,0.03395050140847599,0.03582700970009714,0.023324203280008317,0.04666193779423279,0.049899726886164175,-558807.2722227165
1938,0.026181358477234226,0.03968994888248814,0.015012405431465077,0.02430979562929103,0.0362177686874984,0.03218951691252613,76672.56301263362
1939,0.010095360926571807,0.017536697587163926,0.020502525664798876,0.011863240800037362,0.0023544721877159394,0.022667765558722842,-881102.5313030223
1940,0.03479668012010844,0.042275996893911386,0.036045909503933826,0.03936024986981362,0.016256733134484846,0.03922193605965922,962684.2776863428
1941,0.008699377953480076,0.01831085424001287,0.0079206856723889,0.03274008409814778,0.03477706759087936,0.0142870444188695,-813915.235458187
1942,0.034336209977902564,0.012408593910844708,0.02626934664259234,0.023502369142152348,0.009085190001260858,0.012329026403986322,-212644.83961179425
1943,0.03959149215973422,0.03354696374608076,0.014918699533256636,0.004492502154620759,0.006338670314810402,0.010525673964791827,-394413.0448876555
1944,0.016643337530817044,0.032668214330151595,0.027473387466997207,0.02901171056879185,0.02206055597738199,0.013346975628278102,-56630.004165151
1945,0.00481967437350222,0.04369957946367731,0.025630662402681432,0.043055622344884456,0.026257384567099307,0.04615547368178968,-566672.4465993706
1946,0.02366805065987327,0.009921966831613116,0.018849690948526867,0.031748248113878386,0.0007893798264358321,0.04567378455078476,-124980.44660593443
1947,0.016641243115754958,0.013536784141471343,0.02837032873233866,0.04287316678404132,0.03176356113904496,0.0267386777865409,-281303.0289910123
1948,0.023113768014014102,0.044459884265733364,0.04706719885235805,0.022646303665929252,0.024108742288341586,0.03846103204211749,1273815.3601134084
1949,0.010973671461404544,0.005005271438360526,0.039266877574387474,0.02565708011793429,0.008801234935122032,0.002908878358649636,-320068.3409717886
1950,0.04974307018193045,0.04318000349270771,0.0011848701059367361,0.006309313814325624,0.012572055441869307,0.018386706071985334,-638579.5904701918
1951,0.012563177535323301,0.002167113852063196,0.04103896885205833,0.04462080060876044,0.0119543616099834,0.01597992790012674,-482820.6195077796
1952,0.029070348814615815,0.025685927058352695,0.02772249409982638,0.011150726976338694,0.02728709093530667,0.030854334814724344,38739.79313590532
1953,0.012622562934829558,0.030081918456943142,0.0015333489232014998,0.026606376594858035,0.04759283256084701,0.04976890088270622,-562070.4888453257
1954,0.03230058619854198,0.03672169150894154,0.03365131318559136,0.041869799490278164,0.040264807244515116,0.01830263883748043,718710.2283899767
1955,0.016605875915611013,0.04131314575637714,0.0357771998558741,0.02898917530809992,0.017573620947444257,0.039217792308686966,248012.25849583384
1956,0.006414866146213893,0.009757211026915753,0.031855420658911934,0.0085915569545918,0.010833585714732153,0.0019347035435154426,-907353.7716640569
1957,0.014470806677801307,0.0059716470723118475,0.007748449657494611,0.03044698366689962,0.03442691293944785,0.00016811431156893986,-626220.3947173738
1958,0.008280859027020032,0.02388954534091911,0.030369272671474868,0.02553928819971253,0.0188437269244887,0.03961903909093839,-560314.7041293207
1959,0.008820113742720749,0.03562483051816106,0.014050630375076423,0.00194453729993217,0.0024282844409039273,0.031010454936293997,-728696.131666346
1960,0.015577906919698042,0.01117493105370538,0.039260306797159555,0.0295819427289882,0.041554501149900516,0.02961334445786806,-287621.74095086224
1961,0.04799069164684386,0.024624992433904636,0.00210153207159961,0.04746854142957507,0.015719232111721104,0.019896070320240013,-660221.7750323158
1962,0.013028465821273795,0.007902514555942304,0.042138114242600895,0.04888373332514583,0.005376212168588907,0.03979524265981398,-321886.295558769
1963,0.004242699371660258,0.04832381203441919,0.0294256888312313,0.0005784357330220147,0.024325662470167615,0.0076701168684337245,-862420.4392774516
1964,0.025886989353708163,0.04236753112095934,0.001377381064572808,0.02994308518640325,0.03990849848539141,0.0016521151175343642,-612296.8685119627
1965,0.03885763747035048,0.005830202278425828,0.04203890494702161,0.008188636329587263,0.017130519058095123,0.012789948292783699,-345899.75510705006
1966,0.026458810961893092,0.0030564701180045895,0.041662251940066224,0.019160994490312756,0.04759341499087259,0.005060306372012025,-439781.3837143952
1967,0.0013657058535625822,0.006918534644680174,0.03989122619133145,0.021164105433288605,0.022854568580379143,0.014017102591458136,-1214880.4464661295
1968,0.02324355619289455,0.04406943521774169,0.03177146363955418,0.013925327884378487,0.03573760808746603,0.030892192132549137,484639.7931128438
1969,0.0311764377185204,0.014611755306600744,0.006684026177586677,0.04064160098665766,0.020253661123902613,0.030335551348983653,-363239.4035599341
1970,0.04805861954483413,0.005239884457169758,0.02645053000367838,0.04467940703412923,0.042566423585819274,0.04600116962499795,-229034.81617777035
1971,0.013628429541739012,0.013207033179072736,0.029729310965140657,0.013448751126411246,0.04927105922660602,0.04081949577357083,-359254.41382366
1972,0.03989670585894345,0.03885897414156394,0.043440084459677675,0.039740390302065165,0.033378930047932964,0.049163398668603274,983899.1362586523
1973,0.014645136895618355,0.02328756908575369,0.0004667286610012478,0.02207816140232402,0.037076965238120534,0.034940564399426076,-828468.0996398139
1974,0.037342881156818275,0.015117155607114153,0.028074676663509324,0.03660444532235328,0.03757324070846284,0.00953779455606067,96482.42107082008
1975,0.008465014100972534,0.040969975356716426,0.04086361096391389,0.017452573485120117,0.01961269979129525,0.0373999906989981,98728.02888656073
1976,0.04387264573764778,0.002296849855336142,0.049622935488750686,0.03581239878596522,0.04166831026178597,0.039425957894516805,-157302.41324164756
1977,0.012388970721984728,0.015471684302367473,0.012466786459522306,0.02980169396947054,0.006997424324372126,0.03177276296161826,-704466.4379459049
1978,0.01337663491832662,0.027633067805182335,0.011990527215188979,0.044352964181873955,0.03215871816948656,0.044781321428887085,-277967.75360822177
1979,0.01968856557002024,0.03278032912216077,0.041801310178886344,0.049952650906844975,0.017960111651176648,0.03616448471739255,730289.4582943185
1980,0.034637075013343975,0.029716142239366163,0.007386428127053435,0.02699793163002527,0.02274859003540828,0.011993353934623058,-429702.0302296237
1981,0.04080578007706413,0.0018637443996519345,0.013209583161765105,0.012295729799796552,0.009248614337998552,0.03157417532494707,-411201.11763214733
1982,0.00285294584659806,0.03337144877922313,0.018418554129675725,0.007102654832155154,0.02156932349085254,0.026166661963609707,-1186165.0874947612
1983,0.03260242416024334,0.017351547965179515,0.02278703653997471,0.021911723859448493,0.04274647567369583,0.022158467989693016,55365.725087433704
1984,0.022898050508309044,0.00227903268337723,0.02151132631730018,0.00414160464821513,0.04960997705863237,0.042249179553010635,-433262.99095283786
1985,0.032053218155760135,0.027302612303771692,0.003764188313914363,0.03300217427029999,0.03781618104043038,0.0064095349877422055,-539758.8408916014
1986,0.033402799284337446,0.015443137745763048,0.0007217401389511048,0.03829573970515874,0.010387447085604757,0.02444880647869879,-412564.71031381516
1987,0.0077797778542122616,0.024877982865827975,0.015520082951503434,0.008899139466214179,0.03768924821660959,0.012296694025622347,-820797.0461387702
1988,0.034719150687677544,0.012032673778288223,0.038639808423758436,0.012660420924584637,0.005461117467014953,0.03603032284819359,-224570.96675268203
1989,0.014323859069698998,0.031043185379220784,0.03996081901255901,0.014792231539043894,0.02591400066009837,0.016612177868351962,59306.28451261887
1990,0.019277806432187447,0.002340247090773523,0.026772276052944046,0.03873506294111167,0.011324182824700064,0.04704172500231959,-578162.7531508763
1991,0.04977045307722502,0.048449593318845685,0.011051109697208412,0.016066998744485386,0.005192581064537533,0.012015261640746622,-203784.1220525955
1992,0.03778482547121262,0.017247591591003298,0.008013624009154575,0.00369704645335876,0.023436936549621243,0.012512561036173448,-689490.5550211424
1993,0.03329573503012467,0.02504343647633845,0.026961527882783866,0.04430230222224382,0.02585643101100732,0.011668422436464316,534509.2656422721
1994,0.041369633111775425,0.016827183794371155,0.03335473797778315,0.02256351649524707,0.009799713607021216,0.008936468796245923,-44668.86995085642
1995,0.018309573348131266,0.0021361948290214597,0.018900755366817446,0.0150328235066722,0.005415073238447338,0.009432376845544533,-472296.40495024587
1996,0.04750172316020673,0.024163124104420855,0.005411521841843409,0.0469023436497711,0.033340131734873095,0.046055133172863284,-280398.8169143744
1997,0.034391341468811294,0.04816896748592606,0.04539726232721286,0.012842347073389188,0.04285066679004619,0.018113640342699196,1332874.1386911292
1998,0.028598041890406933,0.01881403721742656,0.029033883425462023,0.007209749056124282,0.040235355000209846,0.002982506593137507,33813.586039608395
1999,0.040796553109962476,0.04306186710092272,0.04094219424712206,0.020242641946748314,0.04096573342558218,0.030859246272325464,827130.360667681
