,m1,m2,m3,profits
0,0.03869780242779817,0.021943921987602616,0.04292989599556912,326210.30735794816
1,0.0348684014529682,0.004708867394382477,0.0487811175818378,-398630.9243072219
2,0.03805698509951765,0.039303215263847696,0.006405681633777294,-392770.56987614796
3,0.022519296894778357,0.018539901211629062,0.04633824944243009,44508.73650663626
4,0.03219325600403323,0.0411380806635415,0.022170709941366558,256514.22796631826
5,0.011361936089238845,0.027729239350791742,0.0031908628052087665,-973587.1390757479
6,0.04138155859962911,0.03158321995610324,0.037904387004268694,526712.8445141795
7,0.01772629840649342,0.048534901219745165,0.04465605606610989,809515.1359722245
8,0.03891917485368809,0.00973193539259838,0.02333605018635171,-219438.2661571726
9,0.002190188289361439,0.007714474603377392,0.034152447662122734,-1261279.711870199
10,0.03723810779539086,0.048375486621710505,0.0162912679069076,-274942.1330658945
11,0.018522985301743445,0.023477790563790398,0.009473567954214286,-431574.9469490968
12,0.006496075266773583,0.02378524631129669,0.011345467452544207,-964641.5914681883
13,0.033490699734125516,0.02185759594361654,0.041633909802891875,288299.5851439782
14,0.03501325510011246,0.015618332069102054,0.041612990069760054,94045.62114429878
15,0.040238217874840096,0.019373918951508723,0.014416405196512206,-356580.85642186244
16,0.03412477519874878,0.006987624180465491,0.009995410123755417,-687688.0481591535
17,0.00036811348755027564,0.03934621887510692,0.03324254282960161,-1272112.0874973708
18,0.035258268931316755,0.039036451551098396,0.022945788776916998,189227.5254696876
19,0.028437059797644687,0.006989849906382873,0.005726503676798673,-720415.0189089768
20,0.03342014808952359,0.02355481030715663,0.028261805324059443,155368.24197545822
21,0.03824994287080128,0.03173591600002954,0.02767897003289979,364781.82648379693
22,0.027960358037270677,0.01519750490313061,0.0015408917283969703,-622210.6905742597
23,0.02183586946161812,0.01072923364097646,0.02042643218623181,-361781.41782350716
24,0.04267015366340831,0.011696974293267038,0.002915137084453301,-568931.2530180502
25,0.014069194601099828,0.01467968788833418,0.03309582573634475,-506784.4495331335
26,0.027851607617063918,0.039194910455320676,0.03321567701636938,449071.9803452557
27,0.02031934307200353,0.04070101923330174,0.008348645995385196,-594757.618952857
28,0.001135603656693024,0.004502393038782088,0.03611796752982251,-1208518.8814250934
29,0.02309386151256937,0.00806358895168009,0.02505223875516818,-501545.12439433235
30,0.007615605135658421,0.034816018753886804,0.022307813778701537,-683746.8266312524
31,0.019051061304824125,0.015075604457393827,0.031514129655944426,-188633.74627307407
32,0.018090630527669523,0.00438249596580505,0.005900295106025766,-492885.0482200712
33,0.04809488322747573,0.04542903453538036,0.03498535669053748,716165.4684947352
34,0.01329349807297598,0.0484588188673862,0.038937545198289736,376368.1828743244
35,0.03584450945794978,0.022468075107189435,0.013612078092257951,-403753.2671108249
36,0.004819548107674965,0.04513011982719209,0.022788814491680555,-780524.4509342691
37,0.010118168239761516,0.015297831207532626,0.0289609784470948,-652566.8336648892
38,0.008838639146961586,0.04283071420461878,0.03792597649176051,-235292.75054666988
39,0.03597314779754684,0.021604651988755188,0.03136544203512216,269893.4257860144
40,0.02920489844563678,0.032492330077741,0.004222216056994454,-777437.0615115658
41,0.020790370108530482,0.002080708693094624,0.024699540962225947,-750324.6559056832
42,0.016493060616639268,0.007226209443302345,0.0051701483861275824,-678113.0443392372
43,0.029382228608885605,0.008529648426844305,0.04625600591883986,-235398.77065643657
44,0.02905305698501975,0.017343490226741854,0.02954577457407084,13364.301943342467
45,0.001140193551484875,0.04792796066207227,0.02411517184714501,-1217864.5672077995
46,0.039136761362514316,0.004136499996121929,0.024332916541908018,-380070.02612745843
47,0.024535349717726047,0.046891322748749145,0.02858640261880377,492182.7695141794
48,0.02367447005284769,0.01334878315459468,0.01657844986712761,-359227.74513749994
49,0.026033620123576892,0.021945573015252337,0.0010806039940165213,-720090.6404008087
50,0.04131459620971789,0.04480803859198834,0.007012454449930539,-510747.23443366773
51,0.027701807176952472,0.005428787056772178,0.03361200465199059,-330540.34683407465
52,0.014061689191950416,0.03297113173459509,0.03634973071434413,-118727.00875334346
53,0.038432374595882855,0.005387047297794829,0.0458005922568804,-369089.4895100982
54,0.01151069954474404,0.001870627808808989,0.02774262346957417,-809537.5806362461
55,0.018546114193121938,0.04148948715662066,0.040412573603215096,518733.82942087797
56,0.015856944641135767,0.047644969753487254,0.014545891907005932,-371603.72722444334
57,0.02575285646158573,0.012798254528380138,0.046802178502448166,-23114.203154870673
58,0.008230390879100907,0.0022455309696164496,0.021754853000151897,-1049526.1864235306
59,0.049618778202791855,0.0445838633127457,0.037430400972847465,859394.3561249118
60,0.044539624543926244,0.04467233198489316,0.025942918019322456,426169.897769888
61,0.01579645259153965,0.038600621605549404,0.033083063158388056,235276.13693456163
62,0.018682886443685504,0.0047233334030757634,0.0373394805674513,-523314.71376840206
63,0.013123025796143235,0.046840657526688964,0.012048528750284239,-715328.8091523425
64,0.0061378966205743015,0.04155563360624531,0.007664215831224702,-954675.25286122
65,0.008963415407886954,0.029969139576042178,0.043728102041873225,-430150.64353004994
66,0.009821733285728662,0.01551618364500474,0.03887024191205888,-328809.8041994858
67,0.04859132130304837,0.025037059310117116,0.007194875127562539,-456059.1111598843
68,0.0006968143854100773,0.011482801499942763,0.006591110889326052,-1555170.012434587
69,0.03388293368064287,0.0060916252314265566,0.02531649658103165,-466532.03098412487
70,0.03471312178214433,0.02905583046104512,0.009988782583002882,-494799.839700958
71,0.040206226309113136,0.035770356480790085,0.03694920019577709,663941.757517581
72,0.006552887577865663,0.0061876901825172305,0.04637812755032539,-1116984.1925408787
73,0.019878909691247032,0.015047434589046988,0.024429202267576666,-247172.92470443845
74,0.03314321063817912,0.0477811628523485,0.01432231134410275,-141541.65832515943
75,0.04624042146560136,0.0012429745693128158,0.027759902116341235,-410520.0937254191
76,0.03169875558405426,0.005294870187537665,0.007016979853195632,-538776.1529486255
77,0.02095571596581519,0.048311595607159086,0.029802127661718643,609560.0146878377
78,0.046651161080010564,0.04021804578064854,0.023369080077764576,221672.05919158595
79,0.039238172462609376,0.0008918391988493868,0.0054571998382867476,-479360.9490267068
80,0.04147143074413682,0.03984085441625809,0.011632037098321685,-290645.80868668284
81,0.026538479529952676,0.030300791035000548,0.04338694768880056,246522.98433029032
82,0.030155357866936284,0.020628578463684016,0.018709202170359134,-29550.864551859533
83,0.021294104318675497,0.03259655127899871,0.04337453158761625,455642.27280315704
84,0.02269484410381499,0.012391978147567907,0.011833118149879057,-577936.0160712413
85,0.037300714012172324,0.040828438171195525,0.005263903992706248,-613860.2155287295
86,0.003327942847758908,0.02972168318782259,0.007308662209634914,-1081229.1553197156
87,0.04123320952281707,0.015516733696203723,0.0071935966485571325,-458915.3174149563
88,0.04604852362437251,0.008276586136763908,0.014236004116896779,-586635.3949360535
89,0.007680669759602932,0.0057745031832677485,0.0010574008168220018,-1202000.393098098
90,0.0027697704582130057,0.008732073546792635,0.0026690966313587697,-1367040.447774469
91,0.029557190805548562,0.03403572633997532,0.019681522841601413,165899.45245327594
92,0.01589955484760247,0.025226311851111505,0.04375024711173043,107557.01717961475
93,0.0425565813411103,0.0021737531006395974,0.009074920479826205,-452591.56802629057
94,0.011837243555219801,0.012469378791610593,0.028561632587138636,-421202.77074223
95,0.020813121285159615,0.0024627059963796996,0.01868070692297858,-587400.5014685454
96,0.026187647435881863,0.005083595145185799,0.041672927689427985,-703794.1765570291
97,0.002598093323255213,0.046242093450903105,0.0049556570789937755,-1348315.0830773585
98,0.04217874757988764,0.045132657196380856,0.04897853402932964,1490718.8128142995
99,0.04010129401367968,0.038973877038566446,0.03212416379977739,774376.0924173481
100,0.038949817728906454,0.006727610420657355,0.026803401797381866,-323364.1587829831
101,0.025711143509520723,0.04287860720612788,0.023139968279675793,138464.19822809126
102,0.019254474805017675,0.031978163561855504,0.013323165875042304,-340555.79704522184
103,0.006988420547697844,0.02389386370118729,0.020844468429744252,-1138662.272530681
104,0.011628497026443686,0.018375590505756403,0.01831962249131237,-743768.5316556371
105,0.016374778220627273,0.01897320398634645,0.03428716727279727,-165887.2900646642
106,0.014843823728564265,0.047442896335767024,0.045817400976908895,535856.1462303838
107,0.02404552141500393,0.01641806025023444,0.02677173949150016,-147011.34261999742
108,0.04242802443868123,0.032629367028005105,0.04021959139735387,814466.09844249
109,0.02663611380328701,0.031645881463381036,0.014407780709123087,-222264.11663903063
110,0.03674465811551454,0.010120229656285918,0.034739906440924916,-226927.97814553085
111,0.04303595341629471,0.006605141865077197,0.030718987027095992,-417373.88701220346
112,0.004754787411496731,0.03628578141357135,0.004224660941176012,-1190808.586922164
113,0.0467969911350313,0.0068703965018901084,0.047944012295454023,-366422.2010158974
114,0.040044208804254834,0.029684100223317706,0.039131205231477346,438927.64846767293
115,0.039755741949154294,0.04730135314086652,0.01266916769195936,-258124.297838715
116,0.02950379476791546,0.0047524598782200615,0.030808285001206068,-641535.6136046817
117,0.00856456520463944,0.028247530573622094,0.028621525701692487,-725271.6019689087
118,0.023299257649061367,0.02613158877565614,0.0381961695003294,115609.55337000414
119,0.039962235825603334,0.024607660778771457,0.029979672076130615,63394.13687933613
120,0.046561811784505094,0.005986679425056141,0.005855178295005526,-551765.7493378835
121,0.004385450595538421,0.032893164252026395,0.020930415039518976,-1066973.597324259
122,0.03871607080709216,0.033561570665429634,0.016681887916411908,-301470.70909027854
123,0.04491832736807679,0.03812660735353262,0.013526747045508786,-289788.3429927548
124,0.0182096008886027,0.015721999010213147,0.007880582431249982,-719982.6230330827
125,0.007389168627109583,0.046806373168787205,0.021895201859937666,-681762.12718863
126,0.019165991138870492,0.0364842854338689,0.027649653262645,24326.614102571977
127,0.04680699934192312,0.03901507469546961,0.02396847820622702,-5558.5405612304885
128,0.01881797367404131,0.049331577246216105,0.035888011800182175,511077.9846666424
129,0.04755973300019206,0.005923928860852069,0.04252668395953913,-366540.3298619598
130,0.03185369419956038,0.006096083916755629,0.029412899998461035,-611911.9856716833
131,0.03430481825527244,0.000615134294430142,0.02271589809208733,-451272.5940056709
132,0.04126997555981606,0.014767951267204494,0.022927404089927557,-355265.23397824296
133,0.02211570635339466,0.01509636957212458,0.045922094775777716,300026.37248025014
134,0.0390647017715758,0.005529420549805525,0.04985173289187866,-233385.91146417375
135,0.04396000121538726,0.01419542189320195,0.041844828983046915,-74875.28221678222
136,0.005320976593569143,0.049955236523711935,0.03328423680532685,-565420.6514457554
137,0.03250625077793985,0.004522036349206638,0.044851669944831266,-395236.96120583545
138,0.0014499751602234713,0.012041402902057352,0.0071510937583317506,-1241043.3081102332
139,0.03883839703461093,0.009910211360644895,0.04553191135654427,-381393.62534635986
140,0.03281345196637451,0.001808135524734811,0.00027149170643502306,-744628.317034285
141,0.0025828958507199463,0.030296258882386386,0.040074090542970765,-812279.9318364279
142,0.011927641031369424,0.04247044214615365,0.0028615970076630195,-921142.7334699777
143,0.040048192682083816,0.04638977150861402,0.03860541995521903,982373.1121420685
144,0.034906039198931864,0.041899010932769154,0.002007564977353321,-539516.8223933629
145,0.01008910553595277,0.006246183965282154,0.025226549509649327,-951178.0145236608
146,0.03725940641644223,0.031500592228819936,0.042556554988096754,594787.5540740988
147,0.007760649622054545,0.03673105459675808,0.009652074543445206,-938468.2479544146
148,0.013537937565890014,0.035495234864065195,0.04901023924493409,-84123.54105703907
149,0.03057718029885348,0.00272501574956478,0.030815448496376643,-550202.1489727008
150,0.002117527579008355,0.04420728556834086,0.03547891425503104,-1001260.3412607744
151,0.008656392321125162,0.004586050291209904,0.00917666144401595,-1141711.0917354845
152,0.04900135897770963,0.02292803212292449,0.0392040474170704,-196274.86067283349
153,0.03182041710538885,0.02862065749793187,0.007256512733252485,-510317.5488110077
154,0.04730122267790476,0.015067131625735898,0.02890086079037711,-324386.70824407064
155,0.034988797229453306,0.03246165776226544,0.047029720484775925,797789.174614661
156,0.0074219494960029,0.025417636922347105,0.0202017195370383,-1076635.1409843094
157,0.023708436474130908,0.005960876309887231,0.006704730493638267,-559185.9753397745
158,0.01390377728906287,0.015235230188041566,0.0213951606840675,-322218.7386158177
159,0.030549377351831414,0.03173145587091315,0.020590544829278513,-18022.439802965528
160,0.020439155471434857,0.0108814263348481,0.029415312420450413,-292810.9037509098
161,0.015852045565861894,0.0018029917138681851,0.02092000220784302,-690232.6259293015
162,0.023706633754508516,0.01127964341021055,0.028622896656105786,-37159.06994609185
163,0.028288595021596048,0.03510010905551857,0.0323974241100605,517099.05427364656
164,0.03262165282605158,0.015810707591202157,0.039371611099297696,-158167.10721507325
165,0.027457219179983974,0.021570909758994505,0.031300624047052854,262507.7721795175
166,0.018032866722512714,0.025636962230337915,0.03683528442411101,-84704.85268627839
167,0.04432014433618539,0.046052859864759585,0.025181646259154963,384539.0183943206
168,0.026013755737028455,0.03999352053819183,0.015722534587210065,-144186.4123781364
169,0.04186911811725343,0.024707082325871172,0.00579283621676342,-502553.72999273794
170,0.003602957353647185,0.04209966055197316,0.002778395845343895,-1411690.2761021417
171,0.014030571806682796,0.016706502025077292,0.00864972225957969,-661245.7690985912
172,0.015694668490099463,0.037134628336254284,0.0007341421780035385,-749648.6386545902
173,0.04135867122603432,0.04282740117872791,0.018613078659577408,-190963.50089856435
174,0.007680644953031741,0.030042020397254045,0.005983627793244717,-1223020.2353745922
175,0.018245968053912626,0.047921459045048624,0.04977322362918186,842296.8674078034
176,0.038605244567729284,0.01554807549603831,0.034383252458304626,-3513.480471214934
177,0.035270318274200636,0.01939208475818249,0.03204443172930797,197652.35148870572
178,0.0005363822487838122,0.010452882930112074,0.02625441514836306,-1296992.8845851005
179,0.008187565212914794,0.008295343393826681,0.0418152145275119,-847342.7492888505
180,0.049456650134180276,0.02779847140142242,0.04195348654408568,191158.6294134937
181,0.04951608321631363,0.007079794428438735,0.022412280662717554,-657212.6118346457
182,0.019628635792095995,0.004002464182309251,0.037766508639737226,-287403.6577727787
183,0.021688951366129652,0.023466346709520067,0.00753364869066201,-461836.5711129958
184,0.009046332611543407,0.045355181107810755,0.002232454448713944,-1047822.5193141752
185,0.011642614247185313,0.014602966515726418,0.02450987712007932,-786402.024511822
186,0.0293222586507398,0.02466449879253333,0.0042057667278441015,-759933.0479311923
187,0.012183372702785678,0.04217941923812706,0.03187943502392295,-200840.91718284407
188,0.03245745250671372,0.03351016276756775,0.03814515095197646,493158.83166293986
189,0.002905424086072367,0.01833041924663062,0.026976371763083935,-1391699.5643483186
190,0.0169228241648663,0.04222394366435933,0.024128625429364697,33636.87033379848
191,0.03843137947296896,0.042600775844058456,0.025239574145174904,355333.1540100249
192,0.045477612193567496,0.02935619702684903,0.04251371494168609,509827.08212109597
193,0.017029539779576216,0.024940847926574264,0.026570552050228888,-352511.17337948264
194,0.00524898579480353,0.019927625335077033,0.04586688362758381,-868612.4633698399
195,0.031541612018237124,0.008875329121848375,0.01694278178048025,-429756.308235684
196,0.009580150483134993,0.001241156589928627,0.04637302292520134,-885545.322085012
197,0.022410366412843576,0.015376753621039308,0.029923859577886833,-243807.14673572502
198,0.00036572281465078186,0.013901105330040693,0.03515167328494463,-1448502.3144340904
199,0.03168848865346315,0.04909029737712678,0.031017885482902203,637183.0098888184
200,0.02387529368138664,0.038071628159200385,0.04516639359820265,526502.5607082207
201,0.03603479733591758,0.04816056117746898,0.03910025853690886,901742.7557247422
202,0.04334007191309633,0.0057052035591818595,0.036620675149689384,-391921.57524885767
203,0.022004434976368434,0.027655190120563763,0.03270512047411784,-56764.31888259881
204,0.048490755835278475,0.04922890407158123,0.014411412274395264,-308355.42967913166
205,0.03668767487189581,0.03749917689676343,0.01732464306565244,67054.08583592661
206,0.006193488743211051,0.002047348014285988,0.03886715637645893,-1318836.7693771524
207,0.024484987090845296,0.04927700847474631,0.023248672809682652,347140.8516795933
208,0.04889584895369201,0.020578800109702994,0.039684107527998634,-43373.89748110902
209,0.004240963615591603,0.027773085506888198,0.04010298934928622,-757056.0437424242
210,0.04623508336099444,0.041129154530871584,0.0018485363600587114,-580569.8904948682
211,0.01863511706533671,0.0024349236156925636,0.0054641145557279,-583920.5403335327
212,0.033765281433374206,0.03566290981558491,0.038686034137581315,808033.3744574143
213,0.04327282740278315,0.036971573423825496,0.04004357960533161,766631.3567537183
214,0.0024481854911639622,0.01172675752206493,0.03109488866876229,-1288522.7890067592
215,0.042906265231241164,0.00022500624698295615,0.02573146710581749,-643017.1615303755
216,0.033864369968219864,0.0014803644564306607,0.020067777877669397,-433166.529805072
217,0.044781744069184844,0.033580640442792936,0.011882918168029867,-386025.4065455283
218,0.04263905648159563,0.017401571170475718,0.04266723355720298,-83535.2647602921
219,0.014947182555945277,0.02951601254415745,0.019847003387391704,-384639.6614725258
220,0.013741252537753351,0.04432787810859346,0.009379684096974567,-570910.3110177326
221,0.004240579561788155,0.01709634692728302,0.03588195738207838,-880351.1490463413
222,0.04037158029881409,0.04993716850333824,0.014818102850558247,-229245.49777812944
223,0.02039709755656411,0.006841063901481315,0.02874359648115168,-617995.3417860215
224,0.049879001863145866,0.035044050506032924,0.02976064202066859,143105.80563361855
225,0.019618454646089703,0.045764938014277744,0.024845829806517474,216386.63435082245
226,0.006718345665653075,0.018268923159956676,0.003358333442388345,-1092422.8610349116
227,0.01009895188443908,0.0008834390499956103,0.022663995825008172,-823092.3966074783
228,0.03172701324758986,0.01716462311894539,0.021019088575263856,-93154.36381858432
229,0.0479604636422288,0.03759815607874578,0.027042831847247564,14286.632017933085
230,0.014227043755591263,0.044849839938649765,0.011754855844032975,-646644.544938146
231,0.016267136525833854,0.045453240721147425,0.02647710276425362,2160.395177642803
232,0.037115897470898836,0.029537239708188306,0.03267196045047476,513623.48746969126
233,0.01496916457574128,0.012068603081333146,0.016124617358433263,-768239.6091961336
234,0.0077720782041711236,0.043715718264540376,0.014162346662505704,-584820.7647550377
235,0.028074469720719232,0.0395987212570687,0.039191205468785684,607645.6823820145
236,0.021919312929209647,0.023812865429336284,0.049735087446751244,374065.6255750682
237,0.0337298738489512,0.040731922155894135,0.045127698460961596,898700.7290212323
238,0.039379491811466966,0.00925896724767838,0.028108536686878613,-290901.9924525046
239,0.005094707865727244,0.03264610632819992,0.047767471409390555,-615836.0119468734
240,0.025636603215005566,0.02164862464338836,0.001792137570908159,-643957.392340544
241,0.04798872611646102,0.00515013420650794,0.002053954665242347,-545877.259528046
242,0.012303330575246924,0.0032765216959191215,0.02275589212058812,-750855.7752923087
243,0.02580439006285562,0.015628497451429198,0.002548024128744303,-662346.0291990297
244,0.005580018412461335,0.019225218899496407,0.0030264225413268067,-1159423.4502512068
245,0.03490948628049567,0.0103510270762406,0.015103578439181926,-417836.5163420477
246,0.019706288858904877,0.020830481653457397,8.303538374002662e-05,-615525.7742813745
247,0.005603518549934877,0.04313822818704391,6.16531255954067e-05,-1260742.718058397
248,0.025408367790643756,0.024475100325360405,0.016654708050531892,-325519.61279629474
249,0.021566351007322484,0.03902905687632922,0.04206018531074782,620447.5370469004
250,0.013017427170762503,0.01612452204838649,0.012124142651416637,-655861.6675874512
251,0.02399317002755326,0.034162917882940645,0.011412643773171027,-150583.0907906293
252,0.016536787102743335,0.04651923087945753,0.0024284644923479037,-549967.8555077007
253,0.023038480261978314,0.035577902079838894,0.007522700577873704,-462567.99649383256
254,0.0023687010002740928,0.006910268581926538,0.04594115967653414,-1188753.7074989192
255,0.0004629890910561707,0.009416098740567591,0.0015641756450822275,-1235450.8600606415
256,0.005531473378110163,0.031007464331414814,0.012081945436954289,-919335.0781832677
257,0.028460602521533842,0.02950976913830631,0.04247176665448896,527462.0856730851
258,0.00023706964559369603,0.04266847296711834,0.030955954321348702,-1092049.7551734336
259,0.00813717430524788,0.038646869406764206,0.04277457708952929,-372516.9265624861
260,0.012713174187707866,0.045939684045134044,0.022722871514932894,-254907.77834313267
261,0.030171222716666075,0.04923247668088218,0.018076803931959966,101550.1131000119
262,0.040657967291005646,0.015919955891422984,0.03996067611207455,-143836.16214168732
263,0.030036695943132127,0.010817784761270072,0.02070130468946182,-361707.25863533415
264,0.015881781718178084,0.003905419654018194,0.0014917385049848743,-800654.3977701879
265,0.017323932770359048,0.000951707390874329,0.008274387879088753,-757115.4293050735
266,0.03625916604254344,0.035404561784179396,0.036929019322869135,556100.8152534153
267,0.015857658556498937,0.04450097285588478,0.02969152740142238,225548.9769043448
268,0.006301317087331327,0.007185933072776707,0.03465477134648508,-1237190.3564675695
269,0.008647196822103903,0.025364635079102166,0.04958872379643554,-452454.65120486956
270,0.00020038023666697492,0.0008289900948778462,0.04965422909652533,-1459039.9232573793
271,0.029231941706708276,0.006345498775925657,0.04486510998770468,-355498.69145418017
272,0.04401901500638461,0.026810020655568763,0.031089601493037827,239563.85826644115
273,0.013659359575043818,0.0025259848186002577,0.02972838044454322,-764689.172626605
274,0.01473775966013815,0.033181052333017595,0.041812258842130065,228857.45699664793
275,0.000908027195718203,0.029785688734286372,0.011564026984342612,-1317724.301518501
276,0.04369442489519007,0.012683225328091425,0.030538506661770916,-406487.24778327683
277,0.027677042004480575,0.019808325002962448,0.033881038179989706,90101.37303074608
278,0.0362884817357717,0.028346889765969344,0.03792111185923771,639067.7607829338
279,0.049170853799646884,0.020963619395040257,0.025729152594276546,-215963.3384173265
280,0.0006234938970606619,0.039801427815518924,0.026011503352299695,-1412114.041454234
281,0.020398071518028263,0.004703598154469791,0.044482821083769865,-256131.30510154256
282,0.019750362002027823,0.03412907991046102,0.0074687078184075386,-553401.7023699086
283,0.048077481477051626,0.008922088091091546,0.00997709964497452,-487070.8083561804
284,0.04294914302788569,0.04562913720709656,0.010607370376165071,-261055.75473863815
285,0.023490044408741396,0.03667474522814149,0.043918286690540084,661438.272807789
286,0.01895263475186526,0.025850974342471463,0.037085820525986746,-67275.97521036208
287,0.03655679883263977,0.03914800650130425,0.02849669093207632,268568.49335435015
288,0.005230754840238761,0.045198664543902006,0.04327862696605141,-462948.24028668774
289,0.03990487179091665,0.004993123858036475,0.01021986835407146,-409468.7073324249
290,0.0371800182553826,0.001157004729097322,0.04896123168536398,-456276.61001027195
291,0.01885723401778404,0.03596562668454118,0.04437855442440217,413606.0228287288
292,0.019731494407504116,0.0159566244299833,0.030437056444912337,-475976.7291577141
293,0.029049468687402536,0.02045699888123986,0.030088737793385424,6284.546186611627
294,0.04676906847832474,0.023382012831329825,0.009837109037531567,-480000.01167401084
295,0.018860299144150196,0.019705349129655932,0.006555434651310994,-555615.6573174234
296,0.008143575027727746,0.03422810366968387,0.016973887710445137,-792362.3605664974
297,0.04774491959279038,0.012179837267930371,0.004946225255241116,-580900.4116664357
298,0.037675228150012896,0.0440518025958935,0.013905667843574394,-218891.73421460297
299,0.0101044050822739,0.009288306743554358,0.026100615068325617,-529866.1886156372
300,0.02342083206233855,0.012971991992726712,0.0022586558494713193,-888644.8420803129
301,0.02407456701631404,0.04796661738178042,0.03262596003763316,824869.2546808504
302,0.024775327831430924,0.0055346037014808065,0.012621814527479364,-646832.6863169409
303,0.014738697478727136,0.03824017763036172,0.043835539863230966,300393.54386313976
304,0.045082092678321924,0.04922843041253771,0.04911833415522662,1460503.874871017
305,0.04764995663839908,0.0035911070251442192,0.00688967679639026,-503558.8043764653
306,0.015223326323801646,0.027644912703223074,0.004848894435273966,-694029.0790625765
307,0.042289847890107125,0.030837808953865453,0.02711822011511025,344602.528736978
308,0.008265566168364559,0.012662773720009868,0.008015601249112903,-1012758.3625914193
309,0.04259665788973993,0.02921139300306091,0.03675647137598167,521747.8781390916
310,0.014801643145501288,0.01856263185441386,0.02024274822132669,-574058.3094566563
311,0.038000748587201746,0.03861764938372841,0.010340676375701586,-340032.400673684
312,0.04707694283690495,0.00603276687218432,0.04480610412118152,-431193.7346875325
313,0.0050197822824904655,0.013226990557565555,0.04232392680339785,-982356.5020301492
314,0.008974603617304372,0.020678396565498493,0.02249296499720631,-685601.2344886464
315,0.012262948651160482,0.03551226006679933,0.0425667324701102,279371.36245875387
316,0.04372875699277859,0.01696610728682805,0.026542519714390724,-372212.381593291
317,0.012420320193282576,0.012239825077507272,0.008062703142596207,-833648.678055097
318,0.04700095054037574,0.044399441430279,0.03886793566638461,864126.7160893772
319,0.025883076064386452,0.024530395775593596,0.0264872833091249,-12873.295483029586
320,0.026828400678854464,0.021728154234884518,0.0065877416446033735,-266761.3775923843
321,0.0062831926434268,0.047612485792284165,0.02410153797931753,-770546.4983295485
322,0.04766027624525945,0.008178843885505499,0.027720827601996678,-482797.96364986536
323,0.010385862667576962,0.012659230306330078,0.0015027289380589394,-1015651.0053673299
324,0.005947665537010566,0.04584242038145979,0.016076649574116586,-1033343.3142990933
325,0.03040646059572958,0.023250706599463652,0.020022562262263916,-53928.031105529684
326,0.02659430456730341,0.009361947230767076,0.04943019492597883,-100538.40617140311
327,0.040915393435193154,0.03708073163657576,0.023437964850697626,55718.03718502059
328,0.007643856106316799,0.04603329291367839,0.017069353369086382,-883043.9315801695
329,0.0025053344848466885,0.017120183840531433,0.03972285152479422,-1082475.1889665497
330,0.03113543724941041,0.037541929237242984,0.039681769193118874,676835.9614278756
331,0.01059773055402713,0.04618916580465901,0.02189948014601863,-445374.7558533815
332,0.03195068246320823,0.00011543862933710015,0.0496684249205589,-386231.535657716
333,0.014044819298207757,0.003103155327007762,0.0229131020768257,-822735.6790679732
334,0.006451502859102088,0.007616335507878786,0.03161414065151051,-781837.7778119581
335,0.019646369578511666,0.04609262250774976,0.015957824730403504,-12106.621364481953
336,0.03630900641919506,0.02305497150774538,0.032997565056463944,409044.8135937518
337,0.029984767835799522,0.023639198637949912,0.04750305473122186,374266.7568398734
338,0.017135682137747795,0.008861775062463629,0.033904703043991416,-573230.3532295144
339,0.04230037806539544,0.002012686996996188,0.02248163442113403,-476557.28742731444
340,0.044624384484366314,0.037480930946143375,0.049590385824881414,1185190.5232404666
341,0.02657069057986219,0.03299978594005756,0.015124014056896408,-297261.73084774846
342,0.047376779983299616,0.018316774427826817,0.03692553563433143,-102045.93306668944
343,0.020157010205954097,0.028090946503149968,0.035989126751077315,-130378.33498823458
344,0.025446707587567716,0.04535431634547543,0.020965049396390514,329924.165876437
345,0.03235358990716626,0.017118121665002706,0.020407833411550655,-66161.46575795767
346,0.02200250541167762,0.0062903509156142625,0.004586183952950335,-668979.349854977
347,0.033374496157337896,0.032775886917152615,0.03314548571050476,220781.12558101868
348,0.0009883222671345838,0.016327342133588996,0.009890492362959847,-1543581.4202955635
349,0.03890757112720062,0.04303152006980651,0.012334018861307368,-457873.19255004515
350,0.03339245794239932,0.006468140172913722,0.013757626280085667,-645686.2962481315
351,0.0069327248116709764,0.014176038329961461,0.0337368273674639,-939129.8985913355
352,0.045516345509262625,0.010126120396209299,0.02710395174753596,-360454.30404155457
353,0.03506955506217162,0.04764612342427829,0.030503024144358695,478888.55739364267
354,0.012755346551369035,0.031273907845696815,0.016024558083900808,-503994.817702494
355,0.048806419534585394,0.019983806758181843,0.03427138603805071,-95070.9461763354
356,0.001161379117337924,0.02000307230673777,0.04375538066612558,-1211262.103654826
357,0.030511372221662295,0.022197144319798818,0.0467968749717863,448910.5537596311
358,0.04269921880736146,0.016110783691146914,0.027227420102066982,-245405.65019620524
359,0.024491212804623137,0.03161012500574312,0.01670556334793778,-40284.4217779735
360,0.012210250038294413,0.04563359176277681,0.04619372497492532,406661.69421505334
361,0.04216614428809895,0.04891022153822807,0.037249576288984426,1216064.5240591571
362,0.038233361428099986,0.03812950459813204,0.02403038154711533,355143.2381294475
363,0.022822609725713584,0.012011313807450158,0.03224095971796453,-413507.9519520199
364,0.014466006805116727,0.012890420485117722,0.02929806870480274,-625563.572032387
365,0.02049911941125216,0.010942830439731611,0.04080280083764156,-216398.91651158856
366,0.043028495964718805,0.008384975983889048,0.00037535163999999344,-518525.5858960531
367,0.016806498426468686,0.03987554178403763,0.04195869331171623,479165.9327448286
368,0.006916453505802462,0.03871679505915256,0.0057852083654714725,-969021.0700385006
369,0.019503129507826462,0.049930475750595796,0.00962954116154549,-131949.8735797391
370,0.007698179128881322,0.021140016627339678,0.030983426298493072,-853875.9184061104
371,0.04664503912066267,0.049041057276651714,0.003482031829569732,-291219.48000995244
372,0.0068998758673952665,0.0395368986947997,0.013531607613543023,-877401.694715018
373,0.044242452975318036,0.03317266286145434,0.005592240119033859,-474480.54654615786
374,0.04162646424620036,0.008817819000403793,0.02117476973398269,-362074.37220945203
375,0.0276092464279665,0.025038307454013916,0.03430814578075752,204764.87422765084
376,0.032634336743462763,0.049602100276402744,0.0499710954612094,1356220.2907253276
377,0.025822970131782048,0.0047599543480431996,0.03639216494843592,-565349.0915783668
378,0.04883320391082946,0.01591631938145102,0.02306044429187869,-283175.27311842825
379,0.021238846240772796,0.002570957727846468,0.03361322156117224,-554922.9867546535
380,0.01766688475342339,0.039373193731575114,0.04160600376409931,542016.7676442517
381,0.041061539329892274,0.020833299901994007,0.016077284112044978,-368513.550709976
382,0.03744103898335274,0.04006947169213615,0.02456287231956831,266655.46615826903
383,0.044651550976815155,0.007195434803927914,0.04395343898294801,-503406.8378082636
384,0.004804761648594064,0.007676276102730695,0.02669200066369802,-1025527.7445248438
385,0.0033759240093707513,0.002640355070005518,2.5937208285276016e-05,-1316055.3650644065
386,0.02181583298471316,0.03873119406461149,0.0017419175139957834,-814163.3589535423
387,0.03261288032329277,0.04115636587080933,0.008400042428893556,-412799.1047601801
388,0.007343186741070213,0.04304004868102681,0.04115623049750474,-601783.4152733117
389,0.026947088313209345,0.040959993964699015,0.004637803871224738,-442013.38910271676
390,0.019724075896937723,0.03688987780531865,0.01287259796619817,-325877.64156428433
391,0.03761644572167764,0.025208930219540696,0.03751329939741166,430967.357804594
392,0.02323398189286648,0.01839521701109088,0.010959460823931616,-374957.6668024406
393,0.010418967071750752,0.0375745405285698,0.0059455174016980255,-709793.2648409939
394,0.004299117505547257,0.008814568251106509,0.008767325572696095,-1396983.6073402208
395,0.04115538114034499,0.01992533117371062,0.049519422868024125,243109.0727868327
396,0.00686056288953062,0.03267699128468217,0.022436475360062533,-943845.7445312709
397,0.0196459088348537,0.04375420995270412,0.048779782291419986,854475.9928572436
398,0.04364294793870894,0.009615033951756653,0.011039896060446704,-398426.4695410668
399,0.03280369395475317,0.014454179081909586,0.036736256539029,31593.19731092546
400,0.028321032540482235,0.027545438424520147,0.04142734624193929,325269.3183300573
401,0.03552663858713389,0.001328888249864585,0.0024729568573007843,-753690.477625119
402,0.030077922622800787,0.024309603781113777,0.01300923276714957,-281527.18994771934
403,0.020932804365740083,0.03789551593664303,0.0413305742328965,881362.9882414031
404,0.02806115339450221,0.01926847404285515,0.013534838074755352,-524659.8818809093
405,0.026095923538462674,0.015737480928219052,0.028204756852361148,-32322.107179749208
406,0.03383261912548188,0.003303960545969742,5.3373251137361915e-05,-669698.084542652
407,0.010613856942037148,0.044725574885939055,0.03231453816142796,-327443.4475191361
408,0.008598017596851143,0.04451319809118094,0.023497797014367,-576102.820438387
409,0.023804587833933036,0.04677709719213276,0.002974334609167001,-521963.6953383926
410,0.010758913731435928,0.029288566257736123,0.009774325479100204,-654139.4933933284
411,0.03397635046044789,0.01070461446683601,0.004957848529940717,-629999.3921357965
412,0.010349257982041988,0.021136701713603115,0.008806914958653994,-933995.1507901398
413,0.006734601246167366,0.04301409431094705,0.016019860179865394,-878232.6824972735
414,0.01803793432591268,0.002763520475061382,0.01786848117510271,-741884.530291669
415,0.013240358866078984,0.03052425336708943,0.010269514883620335,-545044.8045844662
416,0.04441827265314203,0.04648333104597776,0.00499155285883951,-391507.2245755237
417,0.005370147814428861,0.005766321905549399,0.0309784628155156,-809500.4190966724
418,0.006098448210481145,0.04261911589651332,0.03771357574689463,-517706.3397203361
419,0.04099044291190121,0.026303026344301046,0.04983386057595768,709167.5310458691
420,0.0022087551472080636,0.02006324820930567,0.01619683344688181,-1219470.8055350475
421,0.047432274935632054,0.028843047924879645,0.04030954827223626,471293.84232652315
422,0.008517059682925944,0.04893170719502195,0.02493197734381576,-719542.9890505725
423,0.024683603813532292,0.04854423642728689,0.019036618060857255,389523.26285433915
424,0.01987625122774965,0.029237635140246833,0.006402630527389347,-651413.2360361703
425,0.016054281320592747,0.009660416122256528,0.0051641739553524805,-670164.1778524856
426,0.04330723031655101,0.029466558306373805,0.01793363957639556,-391939.68332214304
427,0.020433468868335643,0.021575950184367733,0.03165745910723547,-66508.30554327926
428,0.04633846957444967,0.04663898098284913,0.019574598976533172,-97438.23879389366
429,0.01646312297988848,0.022552325009262755,0.02839671152142463,-181779.90471675605
430,0.023090895572487415,0.03293767049083505,0.027719951168988184,67838.8161969731
431,0.016035777334703804,0.01728654028813163,0.018929639377986546,-467622.65955687605
432,0.004731988412469435,0.008303131620698656,0.03615569010726931,-1010687.8831273706
433,0.019454835576104,0.010726948628007183,0.028133620528742867,-191083.2008939363
434,0.03777697712367137,0.01287111811726857,0.04133949409618723,-380411.6944589419
435,0.04637524298125248,0.029869726453692038,0.03344738294957898,460038.84536901634
436,0.002628799516152769,0.047275994551095324,0.01962423671324719,-1266525.3968485156
437,0.046195020027271494,0.02894887623751213,0.0002309399421663805,-368088.4744811936
438,0.0019270999661717858,0.0340209402834961,0.028133400691596658,-1155053.228612137
439,0.0013266218603037172,0.03717299806111927,0.042607266853459086,-1041013.8132387806
440,0.024820874121965417,0.02328787201786275,0.0002736554417313741,-668821.7271026073
441,0.03933248562467997,0.016535803337305272,0.04393818098912698,-85676.44395319695
442,0.01865302937790265,0.02825389553153528,0.013517089409966376,-281176.4786537039
443,0.008029415629245935,0.0387453951690664,0.02482952394231408,-721099.0789552872
444,0.026824396187612537,0.04827079767408678,0.04817899561110769,1526583.0380587222
445,0.042782106085120175,0.009380464638251679,0.029713634715079,-408419.4208890815
446,0.043907371232776875,0.018723196822446886,0.005055308296779248,-497467.7464546664
447,0.040548145111996094,0.024088177568108583,0.02821963401795893,181583.19871495647
448,0.049107214815892225,0.030360571524703606,0.02124896928330507,-374604.98262104526
449,0.01849921839235989,0.02088096463270228,0.005919954158933438,-619976.0368030062
450,0.03973752792087859,0.04188584290935206,0.014219856728670445,-170383.21981318685
451,0.015189830920497206,0.043716712816740666,0.001198517776397773,-595395.9391439259
452,0.026022872188361384,0.023183785734075053,0.03450633847892299,-7148.457030328285
453,0.008169585007472724,0.033416537039757686,0.018836700393743824,-788995.2574968782
454,0.030935738908482103,0.002004750493638796,0.02308635985922547,-731466.0473591487
455,0.026112544699118608,0.010716320142749331,0.006981182708956035,-466655.6735302269
456,0.00942371515061507,0.017207053903167402,0.004840507465248573,-999479.0346514897
457,0.047365989786480225,0.020249703074790865,0.04044848012533745,-25036.14095680697
458,0.04872085615544233,0.0040367640001369555,0.032583473396749704,-433500.87067323085
459,0.0435704543370607,0.031711721698336415,0.021451306067870636,-73947.64302973302
460,0.021553817881896916,0.0017949443003679455,0.026730037564463766,-601809.4315398395
461,0.04967714983934238,0.047935376298596705,0.0020199614421081593,-540901.8549342975
462,0.03528985018147441,0.01508824333484654,0.04514945767030684,-46893.006867553515
463,0.002255737285463927,0.04679370510055403,0.04187378718938885,-758317.627072175
464,0.005875219112630076,0.0029912168658649597,0.041735383216346796,-659356.6184613078
465,0.007787883548728969,0.026744907648793528,0.04578724289393548,-414419.331079384
466,0.02837240567746617,0.019861665073641205,0.02225080274269961,-280860.6180064357
467,0.003155858535193551,0.04843761606807995,0.01553270925405414,-949944.0826964354
468,0.009468174583642693,0.014302365092019764,0.04821865974457395,-673474.0966967192
469,0.004714302674400351,0.04336515202505907,0.03539219472007239,-708860.4123763898
470,0.04150095895795141,0.04879487701839482,0.04210773277584359,1156764.3201818296
471,0.047169117563892644,0.006346762839545989,0.039789428258348504,-291206.10838866053
472,0.02728378470405239,0.027174779753993034,0.044946078816025685,306175.48888436833
473,0.04859019093233557,0.03524191615215905,0.0241469194735892,-158527.56955444778
474,0.022820192895092267,0.019317072861159093,0.018079951478633133,-152132.99680138068
475,0.01957534208422157,0.004487661762559764,0.003871804263021911,-784964.2312146763
476,0.038993492193615586,0.022303644646011308,0.04653422442723103,480734.96678533754
477,0.030611050429697625,0.0017587991092209876,0.007876167065873975,-450238.5132322724
478,0.01029098965065038,0.048786801219483034,0.010935211307581745,-978247.5041939362
479,0.025787783814402568,0.04680884658200981,0.04885963649571787,1406246.7437744082
480,0.011818021769177229,0.0024558821875020065,0.007680091626887925,-1064306.6573100756
481,0.0031664239351279046,0.00975621205461682,0.028428485735186772,-1126429.8317824847
482,0.04562243981478209,0.026860944184717003,0.031299477834954036,201408.42946126516
483,0.010093362580477057,0.04002918103369251,0.03088944542527916,-187290.9415113377
484,0.04320684145963624,0.04744215535028921,0.017395038787829616,-217639.66815454286
485,0.0045289529267719675,0.011296447895839124,0.02189207828379186,-1049629.9736737646
486,0.04728468259122367,0.018915491118670764,0.0385386606832685,162940.12550077852
487,0.02702383460853775,0.009140438521548827,0.01603670594767258,-173725.3367638531
488,0.032659594251140935,0.03364266973424467,0.02173798734045231,145287.7945408368
489,0.011432280133105733,0.03609533897563382,0.008443652080635739,-735389.3124267178
490,0.046833484593256335,0.009395178951823836,0.0053656181416260225,-554712.595653665
491,0.024882385118268943,0.025977479905484702,0.025409645738912242,-24229.432500718824
492,0.021833374466941974,0.04974074464148042,0.024314030633529094,370303.75854407274
493,0.02389732903699155,0.021088303135728067,0.0033412877350731452,-692754.1200214654
494,0.029647831557480804,0.011398388611159122,0.0318804490114525,-334663.85299490695
495,0.002541673097423858,0.04906935506265009,0.02345025395063361,-1315865.4946956427
496,0.04483776857953492,0.023778058661646742,0.003016540928711087,-279247.55837437924
497,0.04111067730469035,0.032409186483356715,0.03908785237869726,751816.2916486199
498,0.021408493175443667,0.031896837212332246,0.042811450189830375,457961.6912034438
499,0.03155327214359437,0.017383681741795165,0.033126479718309995,-69651.95725829
500,0.03359270943070337,0.04802934812533125,0.018545616077083462,73257.2784043646
501,0.02125408837570656,0.04060614805935296,0.025288115737137063,186808.32274290538
502,0.036828654655786656,0.022985473222679603,0.010774757090635023,-408466.9765102934
503,0.03726019213905054,0.006557758459235497,0.009929183176565404,-489306.62000564154
504,0.03134124913921043,0.03736349000960349,0.04473439434339075,783699.1648091602
505,0.013629324870794586,0.005536212930027718,0.047802332976131456,-566514.0544901295
506,0.007721154401107122,0.009883349112731976,0.014566472677923287,-783262.6144665253
507,0.026469567701314374,0.044141278301703904,0.03802730113649335,689382.8902613829
508,0.03540787769213176,0.008759028392800183,0.01788413157629871,-409435.1977962956
509,0.023920246304333898,0.007371297674279293,0.013671485106333627,-559962.2519144984
510,0.015416660197642214,0.006363809916451963,0.027511984595412882,-663247.1936574425
511,0.03525140982620965,0.0034965815738430607,0.02405615508815749,-484272.150124223
512,0.03911055976338976,0.03739950644762235,0.040753654810937706,795069.7394952694
513,0.022412031658530354,0.04102785413199304,0.012037653560713475,-444988.23311594775
514,0.018040528070875767,0.008817778820890066,0.023374226971428592,-776341.7194359594
515,0.019603001120772165,0.01204635582071561,0.03758903546153908,-138050.8081979031
516,0.01569233860558233,0.013640216507291787,0.006544516542524754,-820193.6819486733
517,0.021941085090097436,0.015148231441865102,0.01846364206704843,-388262.34327453113
518,0.011799863131027634,0.03815777449099503,0.04650016736773587,276794.1781759115
519,0.02489659263944438,0.03214992116704163,0.043358613830335305,374461.4710766091
520,0.04994148186668293,0.03067582423649161,0.04448897332699344,570243.47290246
521,0.0454304123277821,0.039572574390381116,0.023046569553655513,123459.58247100168
522,0.004057700021194966,0.0007902777720066923,0.02386003166414623,-1392180.3101554841
523,0.024715726676730887,0.020368119393148615,0.02840836756456823,-99886.21827927027
524,0.027608135165221356,0.04183065205163465,0.0054328551631131206,-422843.21851602814
525,0.011258883305277273,0.039650248947981526,0.042391843361182735,117152.18989272795
526,0.049741210681043396,0.04364560081935421,0.04449495035361656,1305016.0345781809
527,0.015717397131495243,0.02008308170046882,0.013404255241027552,-464341.0493854374
528,0.03031496990963578,0.046940267710351924,0.017232044325580887,-57180.48381838357
529,0.02785008909407251,0.014814981522674254,0.008489998688635375,-332477.8085071889
530,0.009759276490932785,0.0028972672269064973,0.047464676150462876,-834332.2298414632
531,0.020143980425381482,0.04170604460010541,0.034066473634484555,467078.8672659293
532,0.00959605807055427,0.008773112328954391,0.04059941007552725,-709844.3014281308
533,0.013235585530976868,0.04566425918509879,0.007002770234474532,-546732.0888966027
534,0.03388543072272348,0.040723693801546695,0.01176281942078225,-363864.74276018346
535,0.013810368172828304,0.04822594430696009,0.013229880267307915,-431472.08609682095
536,0.02149785249500239,0.021625779662118306,0.012651737496484178,-478288.1771439681
537,0.038789554321854526,0.03859246716145776,0.018915900711189284,61223.0479605797
538,0.04175628955403669,0.010653746719950119,0.00021528878338393232,-426021.09323734755
539,0.028558368102787054,0.04970388862261893,0.0019322154913442302,-264951.09085246467
540,0.01039990368542303,0.02594573212435421,0.04049703682224354,-229771.4201139587
541,0.004452100253752661,0.01976173268794472,0.03735379003149432,-830542.2624419857
542,0.018577160420318078,0.00944182102378195,0.009774791369829366,-550590.6530486064
543,0.020502439345749714,0.02397085374029456,0.0430907208908007,266658.0486020031
544,0.03211262092839968,0.03452009772577507,0.04914935857679535,950853.5839323818
545,0.02059217201504869,0.020167720162456416,0.046167348386290614,169256.274912335
546,0.012293779350252932,0.03649076231514333,0.03772865691090674,64127.00437103004
547,0.004889399872272155,0.023411570284679203,0.010028123566077702,-1119824.6993234218
548,0.009268763640124284,0.02319140552314381,0.01447148537540325,-578819.3633448371
549,0.039803022381293546,0.04538024456952412,0.04013603026441828,1066777.572671874
550,0.013301543631083263,0.01370671968443042,0.01273641750587337,-778048.0169354937
551,0.0067519048028118036,0.04718991840518556,0.02010238990785347,-795017.5002626347
552,0.011234473727293687,0.04233355252541218,0.019959765132889523,-289823.2305347473
553,0.001755840555483329,0.00809707851248156,0.0319625170178085,-1298246.381847669
554,0.0391452637085862,0.010546719424435648,0.045869779463307114,3194.3729922807292
555,0.04254985600260822,0.04241903770305405,0.011383057339960707,-533008.2782755244
556,0.0025267994325028856,0.043371176974129184,0.01529001143692837,-1383208.0237022168
557,0.030945819058676296,0.0379983441850365,0.006414662925556008,-575761.6119496857
558,0.0390419177259524,0.046925572948053294,0.03641874828732045,1058310.4639660064
559,0.022061137424027905,0.04383390693758515,0.02637288150362795,258440.23014493624
560,0.03723854639083771,0.04102529719293021,0.0374676430849503,719415.4863462506
561,0.014392743802407699,0.005892195045291555,0.011916926468103007,-878750.1304907303
562,0.025143746849017663,0.025263846114654792,0.02913221746572688,-36375.545769868346
563,0.019755091877394545,0.03934456907250139,0.04565768751736039,774970.222163699
564,0.012336252673973563,0.036826160885094404,0.033898592627252234,-418361.17607914255
565,0.02615452496396575,0.009426511693708013,0.03976161292913548,-131102.13420450446
566,0.04803131428144164,0.03609181661168067,0.0458929998312867,959045.921721564
567,0.04920926324739999,0.01760253371196191,0.031911177646316846,-233474.96630503892
568,0.0236966368819039,0.049331437343161505,0.004690391200386246,-257883.99340533992
569,0.020618745714861234,0.04377695222636181,0.014202565526325773,-158806.09777817666
570,0.03938964253194364,0.019139158139012787,0.04899892699450792,193196.84091105708
571,0.04417649182118538,0.015066017883130767,0.03850965567689276,-168248.4259450672
572,0.016842827191663436,0.030318142010776757,0.0329240384196646,-74541.24475525945
573,0.04147977045428525,0.001222542044100744,0.011007894557614984,-509519.17799083353
574,0.035595890529428936,0.028176161848476867,0.024780253910057157,238312.49935548115
575,0.002760497835399023,0.017413794173072813,0.04325501159553242,-1221478.2902147416
576,0.0015446418518016093,0.019821811768240605,0.047257414383538636,-1230728.7587821868
577,0.0025440367272507314,0.03748528755223184,0.012880630809101824,-1091394.1955826855
578,0.04333044160768362,0.037303398947968254,0.04428525854291815,1020428.5405475093
579,0.0107962395215633,0.02656463774093025,0.038963497178740036,-375228.60948540113
580,0.01228498714974905,0.011537315263360848,0.0013591066748792513,-962126.4356778188
581,0.04792576469877262,0.03550084400273117,0.031778017700509247,496332.65413644095
582,0.03719973613474955,0.026580645934771968,0.023806691054520518,624361.479234962
583,0.022476612056176043,0.032021960605182066,0.01007674876961916,-334997.97682577674
584,0.044402934750743486,0.04058761856096326,0.017478180572601695,-130499.14678071336
585,0.02893046484062622,0.007051364997500731,0.04861731239667991,-262944.3271256994
586,0.04514463438151418,0.046094875324960025,0.016608152385172582,-58081.013823207984
587,0.008456735369142787,0.010588608173315518,0.004500069552254494,-1228278.5419227849
588,0.006005531505069217,0.00356522670924227,0.04949115346024368,-1084500.5089063349
589,0.00370288416845368,0.006627104047570682,0.041362729779536825,-1040874.498016624
590,0.02901201083714716,0.03872086022846662,0.03154560038863275,343672.50207775686
591,0.044108753516447406,0.03192337638823703,0.026106254645157548,222714.06449231185
592,0.035637484688064984,0.022369637589605473,0.017303191145236735,-45952.2856810163
593,0.023382622622510625,0.008485705254928033,0.03982858649013457,-198783.34120978354
594,0.013035189066797232,0.007676577316852374,0.01231761208916134,-834578.09259903
595,0.04210350758861199,0.01651006477988657,0.03430249347529501,-74777.04219117864
596,0.04282048153278697,0.003887233346252106,0.03825122025890215,-456304.8058437758
597,0.015383273318951502,0.010831118209202135,0.03444507262264861,-673004.3686998211
598,0.04548983113666169,0.01475096043561977,0.028441690269215954,-321446.628182275
599,0.014491705692474578,0.0277142792863214,0.031093101532717028,-354289.9649849932
600,0.03051676943950899,0.031177318482137298,0.006753989610876205,-614805.2723056187
601,0.03467702347933598,0.033737517819011166,0.03412940611084416,558625.9478169659
602,0.003703527636935317,0.02234194212070763,0.020451756602286486,-1055726.0005746044
603,0.004335574182159957,0.011118396394840536,0.022048131589901838,-1401681.5799575495
604,0.03714531549290411,0.01185310384923316,0.04148749550624558,-269356.97207383486
605,0.027289914286973173,0.038021084259230876,0.023627799166842857,477552.2965516067
606,0.02495971127111117,0.03098596946898201,0.046398530408291214,609713.3066667626
607,0.0245906290706455,0.02643287690541455,0.030099848176376478,-13313.045724613334
608,0.03687575686488629,0.003592516774311716,0.025784371926098604,-504355.37098054733
609,0.024079579460302175,0.04608424921187852,0.024675329021817058,617488.6575217493
610,0.02341602673471655,0.048109999426735106,0.02252882318004408,219739.23884041244
611,0.009044221516104517,0.010845806140289417,0.004759376916848707,-925220.2274769048
612,2.840646294722249e-05,0.021597283050024098,0.038462129064911074,-1241043.1402665088
613,0.0366733221399918,0.0016074543901425098,0.028499145179701646,-285766.68540602864
614,0.0077141562706738,0.04705381423823487,0.008368249982208965,-838877.7787568829
615,0.031331960884874076,0.01631191810820284,0.03207806629821761,-76603.40644256792
616,0.020612929823203757,0.03798215261531974,0.011533956266392892,-505880.1440004049
617,0.04528959264571301,0.025010482465667606,0.03780465738564265,174203.05391175367
618,0.04248650957006136,0.04994143054774025,0.011197283279697913,-297562.46891519084
619,0.014344620678172743,0.012521654336594412,0.013143566607989134,-640257.5408942009
620,0.02912223707696887,0.04967612615729215,0.049513904354637726,1529374.7527797832
621,0.026338661568115387,0.03195136051323369,0.0429985271850803,730600.3494648542
622,0.04664667292267526,0.010193031366477196,0.026427086447122647,-520229.69046299276
623,0.041641852733075614,0.015160103831729582,0.021990452124023337,-198627.42532379137
624,0.049281055075600405,0.04925233483604355,0.04530534053825908,1461775.1077056117
625,0.039922417241402886,0.013456525036140289,0.016042503703359374,-362132.239602356
626,0.027364142060243735,0.02803886872810061,0.02527514096785335,37130.931458567284
627,0.031833513995815306,0.020416151131649442,0.037458707865776646,169626.52020084404
628,0.016677496323917768,0.01653384984731763,0.0063612980945914,-823887.5495024435
629,0.009435610501445963,0.04252604394606788,0.022314116929022076,-687888.8800722464
630,0.01139338932764169,0.037967055001119375,0.027699056290842974,-402727.41986542556
631,0.0010578005711646744,0.01581807286683576,0.008850070556067053,-1448812.745772933
632,0.03279364304914203,0.013751552031512643,0.0032473389604971816,-635187.1091341402
633,0.002746749459883463,0.029086364897935747,0.0010861727852044811,-1357856.6660184786
634,0.042439605656804436,0.007769855962863781,0.03032831675977149,-404282.1695015063
635,0.022234401400537285,0.02214257606159513,0.0035898571180022934,-456285.0016737509
636,0.040137612510610786,0.044652624237662634,0.0005508333692114232,-625405.1418561011
637,0.008930208784855887,0.045195209439773947,0.02747468064000291,-478144.71814620774
638,0.007501978912410507,0.010139522630457943,0.03299931221185571,-846401.4995674967
639,0.03624084111234365,0.029971340428996764,0.04765741899562629,753453.8465362694
640,0.024703180183088855,0.015013595607126335,0.023861645498789826,-453055.3023906162
641,0.01798331468333055,0.011220794633734316,0.0022981624670070032,-687467.6996248906
642,0.01761062467825621,0.035570467385487116,0.0009218901437596905,-541488.3865273687
643,0.021958925660296738,0.03220047007249342,0.030520205458715362,-18855.297647824893
644,0.0388324217944358,0.04052598578298988,0.03558529104596939,943036.8843897436
645,0.005139884807237472,0.023751122200218036,0.03017029787438043,-827096.3513208452
646,0.01227830194047258,0.0021275908823388257,0.011179516043802346,-679949.0105499936
647,0.022744720086631944,0.020696515952730046,0.008833349066358081,-483446.15669347515
648,0.041220777134174644,0.04628433343683623,0.010067415952635762,-269715.6451620582
649,0.04647864577836108,0.0008930479587590412,0.04624812363534728,-515572.65324158483
650,0.0475964395040454,0.0006025931507962601,0.038150964838837405,-350609.5610825747
651,0.04851007862849217,0.04529511094088892,0.048535508059810654,1260029.6407687818
652,0.02751617528488197,0.003907806994269414,0.04248945989025181,-472364.5884521213
653,0.03069141279045058,0.030736837209414454,0.020862680492934313,-87932.12981874734
654,0.028592098826055456,0.007678988954305727,0.03698850132830752,-346633.2014872627
655,0.0037508653675771167,0.036489038352189605,0.042448921131242705,-912021.5157202916
656,0.02362343387822441,0.02549151830285247,0.015610713646103913,-24146.696165323607
657,0.04847292918627938,0.03665622372797727,0.01844942766501725,-373865.1243622569
658,0.008740369311650254,0.010978979610104567,0.023196114305502502,-875368.3316045023
659,0.0471284200157169,0.0367073172880459,0.010762187408957492,-305322.3153257092
660,0.042978056670944904,0.018910026150484056,0.042586109137625935,13730.955053098049
661,0.012084979899056547,0.03093303059681588,0.0463335244040641,-100265.65465671563
662,0.012894700457389708,0.034646329529292745,0.04936563099785719,334348.7866314687
663,0.007529914362150176,0.004420114535033721,0.03370975962224081,-1086286.6003463033
664,0.01698679738745152,0.003562223868329556,0.02376528089418021,-740484.9757705111
665,0.03768853398219779,0.01425612002075944,0.016752343875256738,-447203.62852555764
666,0.04228497003234861,0.026003595613074405,0.04213659844032361,554747.3496408149
667,0.022319474607185474,0.04764875807800517,0.03253972948588684,714717.7102797132
668,0.005794943265962471,0.04425464941134004,0.02446325954153989,-788391.4203700054
669,0.00708194839864525,0.007634506692071036,0.03437669675549359,-868090.393098579
670,0.0023686253364744894,0.014329688245690664,0.006989379523493405,-1417190.2878465385
671,0.022053871480864212,0.020717688599718065,0.026093821734442798,-42229.37939893708
672,0.013981816455126512,0.0016021794689088599,0.03071930532675929,-721983.9000233588
673,0.018685900144117567,0.03256674993700232,0.005433348540213424,-545704.2552882349
674,0.0006888677647025166,0.012414712394264638,0.022827366149702613,-1628177.5993599861
675,0.019703598708423364,0.040515127763673324,0.0188918822096412,-138643.8779318153
676,0.026522058980153945,0.029675779622109613,0.0010915695822905803,-633918.9660087638
677,0.02575666884230945,0.017241562969941893,0.021064006384162733,54226.96585384827
678,0.005014369924762513,0.039141028282432266,0.04712021254042613,-546933.7490026582
679,0.0011134410314800004,0.030068638140567396,0.038192203364417907,-1215421.65286384
680,0.014240379432494472,0.03937777924316084,0.031617752538315065,39890.36130874561
681,0.0464581316135535,0.04905024056768864,0.0021173056999352403,-382697.732055575
682,0.022246888051350312,0.02734938937891091,0.0073371616603826245,-247248.25727527242
683,0.016814291521368086,0.04938237238782309,0.0008115228171235722,-604229.2064337733
684,0.022625396576219203,0.042132731085909814,0.016195063135964423,60181.91850420767
685,0.02398992513775767,0.048902287289399,0.023743841823785194,254201.34082309934
686,0.006546065607324953,0.002586074583319553,0.04727082862199743,-1080471.0437005362
687,0.013290470663753285,0.025203195328227547,0.00453508830449843,-884721.2955556875
688,0.021182756027530253,0.046505275962506205,0.02512064968154692,388683.17066103517
689,0.0485567575901164,0.012941781861869985,0.02522726198519686,-418516.2317985043
690,0.04297653959046627,0.02241261772768719,0.01397436867850948,-706908.0847605239
691,0.04277376817089409,0.01949447344363045,0.026536164553011707,-139251.92554359528
692,0.048826353320757285,0.009324164737793196,0.015070031836009285,-422528.3393307095
693,0.0015534800034919972,0.01959188549550264,0.010009171529242978,-1543361.4666098119
694,0.034001746770394574,0.009066072938292619,0.03374063762029349,-620333.7264540409
695,0.013173771409465886,0.01776089170605999,0.017443032602319875,-491951.25324884156
696,0.03583758750818047,0.023325463156917154,0.018064944942634154,-8073.928248296623
697,0.042631135951972494,0.028597531282060135,0.010691541063899891,-633833.5716133963
698,0.04500456390718413,0.01713251480168203,0.0019489688768660196,-445192.2914500705
699,0.024730011198722646,0.006196902722043891,0.011923322185787129,-439634.433967985
700,0.037355543634370554,0.006537590668815929,0.04034721121770179,-508331.859752303
701,0.046845364406547685,0.030326605020397236,0.035517959601141465,363850.5028067302
702,0.03567933049537087,0.04964039786352225,0.017076913110081145,-115506.01037888757
703,0.008142827562135125,0.025958361745716075,0.026662490491585412,-627675.9961535302
704,0.008895624414807225,0.030655470949706977,0.0007062366738411985,-870083.859091892
705,0.04638342012271108,0.013228713891063082,0.0019780104195095904,-631468.830070868
706,0.005412472073742853,0.012012447413982087,0.013695308430302262,-1223738.1747115883
707,0.0016404999748864336,0.013967740609686459,0.009647086824674106,-1686854.6059788265
708,0.01893104637172593,0.01925838686779846,0.016950387030143954,-344602.4474459564
709,0.016396194176535202,0.004486563887062561,0.0012602473563081086,-730398.7220564048
710,0.01010571500782333,0.03783247137083077,0.04954048827755611,131683.40568252344
711,0.046426308752866456,0.025210967776888433,0.02659119278889671,-269501.385893964
712,0.01572907845179213,0.03869697193188282,0.038237834396632434,64480.390588331364
713,0.04221361787912223,0.044775228859844224,0.02171746241126479,-41163.38165426818
714,0.03834377840535988,0.04031993643979393,0.015422981124887509,-182407.4053877054
715,0.0464621122003075,0.004717075131982773,0.04971345895816415,-368556.1546176571
716,0.03850453590794348,0.004663545266216362,0.03281148240525003,-404681.61545133597
717,0.001708970546413008,0.038509347472209146,0.039961146082952766,-907191.782103348
718,0.030120512654572384,0.04284301959582853,0.004894164010742986,-482798.12386791816
719,0.013796192102040661,0.020708876079633527,0.002122897641404914,-891473.8654638458
720,0.02241080437855831,0.0132606728056283,0.01963675060508765,-487722.9889482093
721,0.021255131599615326,0.043970586674384256,0.013517048526381954,33919.383644925874
722,0.044687156435813606,0.021298548240642465,0.016390386034699302,-335409.72031917423
723,0.025125602466757303,0.020887164318141985,0.012868615652757305,-297596.78218425816
724,0.025133966239803348,0.0075900866539415635,0.017596497151148305,-342090.4223540845
725,0.02828951096870453,0.02067041221949293,0.04119561805253982,149821.5429646871
726,0.012836088076758312,0.04848857894155051,0.03923610104256757,120039.97243662778
727,0.048379651299873615,0.04190682774151521,0.007105196292582133,-391814.58684499597
728,0.02632300453175069,0.008498926059789287,0.04091136763136287,-366883.2067626636
729,0.029208107459164797,0.01317246571784529,0.04647994860035857,-70133.37519712684
730,0.005759302665713034,0.028193120173565702,0.036052027733336274,-817874.202136265
731,0.0029424268666215893,0.02989280166031018,0.04079506077315471,-1082923.628531046
732,0.003376365720902669,0.025612148555331355,0.012927858907437001,-1085315.1591263448
733,0.03314622257684604,0.005933868353942245,0.046852571533525345,-245232.21957493425
734,0.04473642908573659,0.009298720993785458,0.01616329421825523,-505954.4408524376
735,0.029381748732652153,0.035903116831712524,0.02213280075801291,209363.7842832787
736,0.007814566098048753,0.00520757469014358,0.049988266845717194,-937959.0281580816
737,0.022767606072174363,0.04362658745742491,0.024118800231455725,-289.6684261368889
738,0.04611788192730017,0.00438796913857753,0.005700959566727549,-646749.5868133657
739,0.046481609386211216,0.04737465225223925,0.015735872373268168,-333293.62900087686
740,0.017758244349693593,0.0226225117417379,0.020808084003364542,-589548.3784588537
741,0.009502260797979833,0.04491876919696873,0.012665380035282187,-629258.6565248239
742,0.03526362047388258,0.0033577838867486446,0.0019375665764214734,-689114.5419417496
743,0.03268652362884603,0.01695079287866302,0.032772969636000064,-89770.70513539821
744,0.004701060108441519,0.04749256899579317,0.03742572334465477,-579176.5128463622
745,0.04381336165128996,0.006823527702225546,0.01600804844464347,-670768.0123807663
746,0.018417208210317206,0.026858632416340927,0.014843424275370715,-383368.3200306389
747,0.003031537109470256,0.018443919036873535,0.012727465731364108,-1168857.817275759
748,0.019296064573160743,0.009847977131001313,0.013094818728236774,-472782.4169627922
749,0.03134761702161344,0.019407691728903255,0.017269169658474606,64182.45104084212
750,0.026695281636118645,0.03859302704219629,0.018943397817397862,237601.2646047239
751,0.02937597462779203,0.048310131268408815,0.026099005705902536,575954.6093783823
752,0.045489878825877225,0.03968363121282135,0.0029359340825074855,-605736.0075632543
753,0.021454943573462844,0.03491592039342941,0.049335595622409995,647771.9872962194
754,0.02291881455807563,0.004639272706336972,0.02810045873564339,-346331.5918864214
755,0.006328189606198015,0.03757597801396967,0.025383849873088893,-834389.0987505855
756,0.036171568418864326,0.043468091343926187,0.03144740085813886,594698.1009971033
757,0.030621966462659078,0.03772851477198157,0.04212275007263337,761787.2691447339
758,0.043452689313850136,0.0018215097841441652,0.027809514839889467,-569944.3207381654
759,0.010813465489877572,0.043017294539089174,0.03241988426016806,-204935.60852578262
760,0.02101112395162191,0.009405211406067565,0.016951181295991324,-236404.1309273734
761,0.035188884727011226,0.010217977260581941,0.004679147266918637,-750552.2638906053
762,0.04440143791137755,0.03821051747900584,0.00998974653290663,-278551.04235601507
763,0.014615577171499583,0.04860350885654429,0.03540922433795587,362235.0513111553
764,0.03052610021069124,0.015381424271206518,0.014956257208326114,-47365.5528706227
765,0.0019761809345115234,0.036424093345096574,0.002158761252844227,-1503208.7805743662
766,0.00024286688886395182,0.03647475439304896,0.04744368785745627,-1244288.3865346827
767,0.037825152386365524,0.023582009531218934,0.02430226247804365,107444.4877516287
768,0.02180682113245527,0.016232183355516683,0.026085710709292012,-351188.4887791549
769,0.021557547857055756,0.029908394002038735,0.04490600402505473,602613.3434532756
770,0.04975047086619052,0.003937164494145856,0.01923417363306707,-481426.1844197789
771,0.009035309788340473,0.017606023696276684,0.01437365092742115,-943497.7980193069
772,0.008726856581339416,0.038203802671064525,0.024814437141461795,-560625.3325757177
773,0.04596227911086129,0.0016296221623507247,0.0033489006565994963,-421957.732018975
774,0.020163679146517205,0.004013866020201856,0.013136479820741676,-516726.44852932415
775,0.04930148715383118,0.010447980374230705,0.009905887070604536,-579841.1643885014
776,0.028682033439785454,0.024899914539657838,0.02902191486014224,160366.9119334293
777,0.018836763910427337,0.041338117994747355,0.006929027572123142,-463657.6981837848
778,0.021419632292073283,0.03448809242220435,0.043411822014144986,344658.2945562557
779,0.018478580317837886,0.02838727995468764,0.0034569972503630756,-586805.258783303
780,0.008515954405591447,0.0034569081233057244,0.036394044599926095,-668632.3645120177
781,0.014402998436107034,0.036187264509591886,0.003319913952163728,-738402.2947546457
782,0.043127390020416274,0.041776509905554586,0.0044464371525141325,-511476.02862971666
783,0.001187825322859326,0.002814440649099559,0.0426815086573367,-1408022.437833081
784,0.011735174452594789,0.027413665892909434,0.021312210159002837,-825777.2296729425
785,0.0397762763114301,0.02444491507353353,0.025033042033063488,139532.23486473435
786,0.04945459697499512,0.007506477837462855,0.04153519693729657,-343210.03392095637
787,0.0025874872801942396,0.02388243847864854,0.04431674119665118,-1001990.9019537235
788,0.033260698280206065,0.034260730968306646,0.013165864112824277,-297358.7810400246
789,0.020928739568072716,0.018329053174952526,0.026072160507899712,-163477.15049742814
790,0.02311139650718341,0.016344917593849467,0.015274030618558504,-599931.2584995605
791,0.012542644582756108,0.01825236234423792,0.007497073896703033,-913474.9322583845
792,0.043605215100178694,0.030105969591671368,0.006689321279692773,-536881.1273023824
793,0.03469296671045007,0.04238332339989866,0.011876783602612946,-238144.50836160308
794,0.007530029716863196,0.00043086285668760276,0.0023625169428242556,-1063493.3440709603
795,0.03811256741517558,0.049359316602084695,0.00224401612381383,-523015.42884201446
796,0.037403547953994636,0.003593108292048003,0.029606641245183342,-336233.6892354651
797,0.0378037641214119,0.017960219863386886,0.0005467360555331868,-576289.3525960373
798,0.029759467606271295,0.04956223140700139,0.012880871141924788,-18560.297863495147
799,0.009474563859360791,0.006196294637675748,0.027762780995002807,-878185.0368283734
800,0.02982225496801367,0.03961354185852012,0.03765366368102549,582049.3380219213
801,0.04462707473975436,0.04028863491711507,0.012363354153972224,-450772.0755404454
802,0.027793870243788057,0.014870597954679,0.016489268977575123,-203759.2833904505
803,0.04659721846149982,0.034094795253353676,0.048729520662555294,909147.687305505
804,0.020845626835937228,0.02687187866769883,0.024355770995821088,-166447.587363283
805,0.005364352876186346,0.011835099726330168,0.02638181803022411,-947463.093017885
806,0.003368715256650312,0.04657309646544447,0.0061921840971685405,-1342995.5090977289
807,0.009899037320845357,0.03826606119693183,0.004846727089465686,-905197.5049197789
808,0.04501390498077047,0.03628504853612678,0.0034310428554429452,-315543.31472736417
809,0.03459235306428265,0.031581427108565895,0.037867471636995935,339707.4115133012
810,0.041409892624466794,0.03591752815865775,0.0293088147635486,474385.83147827425
811,0.016123165929088884,0.034863683091496456,0.04784857923153898,509981.0133242093
812,0.029376089026443716,0.03321724342171269,0.02185640210999004,228343.31075359852
813,0.03780604048715372,0.049883369616931794,0.008019466203386805,-349032.1130722785
814,0.010120263975188115,0.026971887933219474,0.024068769863082914,-701954.3597075639
815,0.028578489225335943,0.002453702386213652,0.02021382281652245,-619160.845825526
816,0.02914891310327804,0.029259567565248137,0.03286669808841868,204059.15342287108
817,0.03601080145013319,0.03207736016704283,0.039512157769471756,548498.2854435118
818,0.031238031734229583,0.026875383126860226,0.030309821444390546,330875.81363160815
819,0.0050596683376666176,0.013657827036276,0.026369989032906563,-1163880.9615578258
820,0.043649360770085355,0.033952577814399656,0.0045204039235948795,-491737.0137098006
821,0.02961374752222022,0.011086899381854948,0.03670082798943615,-180936.5109727637
822,0.041372042625437366,0.029672813629498668,0.029568130487585487,449869.44782886974
823,0.016929572160540703,0.02231250105806547,0.04320541769076727,103321.4667587155
824,0.03616601654835783,0.025987682984792156,0.01841161931241855,-283519.74110698263
825,0.002518986914427718,0.007150370066319256,0.009651259476968533,-1516634.6951945839
826,0.018669177162933738,0.047207182353813736,0.025257669742937434,336107.62897579477
827,0.011742008162961554,0.005287506873075704,0.016915276230148203,-841266.2978167669
828,0.04078653177755284,0.0191671396705254,0.03862529030112068,121065.21476640721
829,0.04013524880634395,0.005541038484935207,0.030432987631339187,-426712.32061575935
830,0.04795480316855554,0.020106903745177696,0.002547204450151114,-603980.58214949
831,0.04616513451289393,0.04418331407862415,0.026107072360450092,264804.2162950597
832,0.027612656017200483,0.010587055138806246,0.040972537777231866,-50107.441325794614
833,0.024930001919606322,0.0016938897571278256,0.03415074782244989,-598953.9486193031
834,0.047524813490135306,0.041457524517287514,0.01385990701052699,-419799.68042724405
835,0.0026662542466670326,0.04701757062690903,0.04685313624398507,-772070.3163794561
836,0.02662076598564347,0.032115870583576754,0.023130003035540414,-65561.31690628675
837,0.020988268354937934,0.005972421796435018,0.004837644918054801,-674354.4861846315
838,0.011636607333809374,0.04183203732032722,0.007291615036784,-869217.316134661
839,0.011334932595735536,0.027430702966110377,0.01075656090391372,-856550.0897091458
840,0.008160334235889355,0.028165812084898115,0.018404663549830776,-717595.5813080978
841,0.03130796429202346,0.04561026702043382,0.0075496565717533826,-455700.3519913996
842,0.0456716829906532,0.04512449837114593,0.04145437916679515,1168345.246512431
843,0.03156429586530426,0.031007332873277373,0.03196063299682508,296619.02104435244
844,0.03452477756089066,0.0008241100298078508,0.04790462895803249,-405900.2847659391
845,0.029280188073278993,0.039073291970121084,0.01886409195306816,241681.22913284294
846,0.0006198606957897979,0.0254867329938222,0.025359505965796447,-1469218.6162437708
847,0.02184946441557259,0.01698585270810384,0.012491304390486103,-555247.4376002908
848,0.02637724372485914,0.018763906984674707,0.04849659415249044,294589.2222458963
849,0.008646365388346572,0.01598327838135435,0.014698023546228551,-946798.842039452
850,0.02716545881179785,0.024964012848707397,0.03218702327121366,80694.68395605941
851,0.0475000885287104,0.01426105427469337,0.03463857846274983,-356502.29072096554
852,0.0012520101502591808,0.013119423636681227,0.02318598639982964,-1405530.7091187583
853,0.0015497394240567232,0.03088347302768195,0.03391553042008541,-1249456.4762034358
854,0.03733658574190234,0.025828725242150616,0.030197233248931334,249376.2777536837
855,0.019803262563924364,0.002062651625328127,0.004997592788725653,-758011.2367611271
856,0.032749796210073207,0.04977776497928882,0.0007901619581648089,-704520.6343534745
857,0.02787917484131914,0.037550437644127896,0.041338741400693935,791618.5310085423
858,0.027260245061132005,0.030995799009205256,0.03483624726372767,239778.12767129185
859,0.042948312484671534,0.006114476860140933,0.04630910981374317,-180217.89566974383
860,0.0013008701775785005,0.04180998754788877,0.003837021327984863,-1567038.773250307
861,0.009731410580246114,0.00019470731905663063,0.022262835276802034,-1046147.7350240975
862,0.016717961335869613,0.008299645574351366,0.022554508040195317,-580778.4762559192
863,0.020118544158609194,0.038383051634937077,0.04465651530350162,717324.6507054104
864,0.032628362588354096,0.006220519436326195,0.014769539735492533,-380531.78430609
865,0.045665914841613996,0.004436724650394458,0.020342791969541325,-609469.8133917561
866,0.047125230961674064,0.047533242073474286,0.020560158852444624,-187254.0404829344
867,0.03336984440493987,0.02283727991769995,0.03767302697181709,378378.09508322924
868,0.0015790665346499255,0.007207857446067923,0.030709940177179963,-1364503.415354267
869,0.01162761312215318,0.033302614963457426,0.01756114637306492,-394997.93131298997
870,0.04433227790639108,0.04096296927799933,0.02464189000343911,303638.66637781344
871,0.03864475435474289,0.01355689431175452,0.02471298884059313,-443534.4257214166
872,0.00987410259316391,0.0430443084260497,0.041153380828420745,-218535.32411405531
873,0.04510748342045007,0.04387384906121297,0.04797981310297474,1399246.2150975077
874,0.011416811581596298,0.04659121453976578,0.028560659567599886,-331438.0573811673
875,0.02112475419590761,0.028018694798393654,0.01713011783251389,-177362.49183277178
876,0.014427650348047605,0.01206571689887644,0.004121399472856341,-814861.8585688766
877,0.024828244857359374,0.04438808378569437,0.031507598463719234,439821.3629799132
878,0.026048781637788676,0.021429645912545828,0.0232200813158596,-414122.1389780834
879,0.010463867378597547,0.04114679385965486,0.009919148164076403,-895733.5973640264
880,0.03583113783636565,0.03799925057480763,0.028743452101386714,476915.90154162317
881,0.04314631874774143,0.014552517622532502,0.044080861062143165,-141527.78697096897
882,0.03647052297996521,0.03993749138808804,0.033228985476365706,366075.4510750207
883,0.04231715084949847,0.0496549431358818,0.021008142726231933,-136550.05005609588
884,0.04069578418547852,0.03722898797590168,0.0226435082856009,158455.64175956245
885,0.0463474499866256,0.019721296478629736,0.02827329581381188,-216024.7607720722
886,0.005297117849548078,0.011288759703313313,0.04203480852668803,-799974.883203821
887,0.019827636141442367,0.01970420447076291,0.012299050909531012,-367269.4537264703
888,0.02458051671487272,0.040290848067531124,0.04475820588868698,854708.5960669119
889,0.0035057216022091942,0.028741036562005773,0.02336366839461673,-915081.4891938132
890,0.030714092523578918,0.02236378434541346,0.01993224104267076,-66586.70442122084
891,0.02359403562147447,0.029099956437820707,0.02504916055158884,-254877.16725200447
892,0.02360722255103231,0.04089176549790404,0.03728239956189289,715519.7841733354
893,0.01706892470905964,0.040028855875766024,0.04268253345022501,480324.55015193694
894,0.007674610268709525,0.02913412308653794,0.014265599679960689,-845900.0187608658
895,0.036958616096336126,0.011939266467934162,0.033570176208651596,-162720.9422021769
896,0.012756232802881696,0.02555718817149716,0.047432323395809606,-376010.4272203379
897,0.019065376922821727,0.04378692429816039,0.04934722906019473,1032470.7210101166
898,0.043742542440258166,0.008293301486167142,0.04098291097675816,-281478.27129690343
899,0.0016074697550280627,0.019665094184965395,0.043536668665893195,-1265296.9124162083
900,0.03443761063799599,0.026637021366893904,0.019393201254131028,-49745.72228416247
901,0.04061484732351431,0.03547792019741105,0.02342026598078367,97149.44419396779
902,0.04462421686048299,0.01149740089093162,0.008519575457931245,-488159.9260736518
903,0.03214018821667908,0.04859971713508852,0.012362828665338516,17431.570570920874
904,0.012483518946691325,0.006974942398109496,0.04302817776368161,-716025.1839202251
905,0.011319877020566705,0.02515892633624439,0.04954362390011023,-272649.2500528232
906,0.0006070450461021781,0.027824304525539707,0.025614452135247292,-1313770.3250874558
907,0.04037236882050774,0.01776407697763885,0.02051706794495208,-480712.3332051229
908,0.008396899029943184,0.03704076158178934,0.039235445459407416,-124988.39007675227
909,0.006833166038941513,0.019672853699416088,0.04464524976813415,-948616.230483446
910,0.00013536368378935792,0.014937953531131615,0.027752114252627386,-1380360.8919578677
911,0.016704692982997666,0.013602259458883471,0.023001874245160633,-865995.4417025304
912,0.009076155405484688,0.026481262047974193,0.0353347960656613,-554508.7836785939
913,0.02876474763142511,0.004655466542926545,0.04222043070827866,-298493.10326882603
914,0.00874889187437441,0.03824060003055643,0.01802825553879252,-600703.492773726
915,0.03913806740280512,0.01031364517026729,0.00933310518477149,-637691.7695263785
916,0.024851292310874115,0.0016468007349180248,0.01126486693911667,-656498.4563765401
917,0.03620061260921741,0.04186917391527128,0.0040392681968905225,-506410.801349441
918,0.04410388547190522,0.03987586020265896,0.04348421478534827,859209.1002045985
919,0.034921427728941995,0.03370765336469824,0.02625466166724319,243230.17551059698
920,0.032639361224565754,0.04595548322833026,0.005026100070835421,-525042.5949972634
921,0.01578822389230456,0.0036227486797935915,0.04724025859720193,-399085.40000115754
922,0.0222632732999694,0.03376722353380942,0.042056003225216076,642575.3039091156
923,0.04955001240382443,0.008089122889613288,0.03997563028591144,-231508.28631682388
924,0.04437114490683682,0.002443768842543781,0.037704528009278676,-565328.8547300398
925,0.017736266059827515,0.0324298395735216,0.02570240980194324,-124480.79027099525
926,0.012987112604331847,0.006761068100199302,0.005847361654460415,-672863.6299861416
927,0.0051661428854245855,0.03188950200672889,0.017570542569976904,-1260526.9819333183
928,0.010831671910293623,0.034594254635295155,0.03434247828832334,-259314.1451927094
929,0.026958414617849886,0.04674789084329255,0.019270711572071067,158177.60425995642
930,0.04179314856346465,0.003756970396609816,0.03699155470192522,-302468.7454812724
931,0.0494223706915965,0.042329910814390845,0.02898323596550297,361486.85331548477
932,0.031338303216358034,0.01766447747184734,0.033974260912905195,107933.40485224617
933,0.03851976915906635,0.049911424055892696,0.02462314585002165,446861.2670345895
934,0.003065203288672114,0.029792897536549262,0.00595120749910843,-1284724.7907239287
935,0.012238252177805505,0.016438995565286864,0.03655149365742053,-566357.2298844884
936,0.009190406193925027,0.008287647342117626,0.0022482121249413735,-1110357.3378156163
937,0.043661996817694046,0.03467527121780303,0.0019973232808813248,-523345.75412224955
938,0.001414615281905729,0.027933714823752804,0.014126720064335553,-1335932.2770605565
939,0.02983631752159644,0.021730208784048268,0.04616562811551273,475682.1189349779
940,0.014390450748068396,0.03395726842194468,0.00270271558092996,-889277.8546228608
941,0.04779302670944627,0.04903787339541761,0.03695373145082062,1126129.7786005689
942,0.02326062357817866,0.010999671966363068,0.04062581701239824,-369927.44578232645
943,0.03681770485735111,0.011097701978047454,0.022560764707863286,-289333.238434144
944,0.023139946890839255,0.04132052749863546,0.03419223421670383,430026.8884051025
945,0.032158377177002755,0.03249137112816392,0.013523503969123947,-155867.99192333376
946,0.018585562991476703,0.002283114271835307,0.03934705679060619,-663730.9333370931
947,0.021649910758490695,0.02191191785437868,0.012267813246681337,-330984.4228993296
948,0.010471364072971445,0.029391096478451464,0.011627650760183789,-539188.064004918
949,0.0032104425782732205,0.03837537079904492,0.0188234717203183,-1397296.8212505614
950,0.019011779194965224,0.021565914075789568,0.04075224117040469,121162.35036721961
951,0.01604184479699086,0.037901810562891804,0.046977242038977164,584221.9523344795
952,0.03304340979623997,0.021584054058851235,0.037389486157333236,367156.84163143573
953,0.022894868487569275,0.020721363555407043,0.026264158178634162,-22027.56171424676
954,0.015886116740464692,0.00521251081400006,0.02074260027630826,-605437.71445424
955,0.006192844056465097,0.020522073677772337,0.027846686060672518,-1153159.6534940107
956,0.04653555906028234,0.0018111165522651795,0.03107292032509721,-438616.9611166328
957,0.022886759332503864,0.0010130564102069585,0.01247740879693602,-719378.3287944467
958,0.005924262617740078,0.010839707286572237,0.01372851217304591,-1104935.5457817013
959,0.020065316769109817,0.026451969674444516,4.949969631930507e-05,-693461.5369937982
960,0.00809346803143704,0.004678319280440035,0.027483669963137187,-931894.1992991131
961,0.016453743520063492,0.027419886801735904,0.011091165108733892,-435147.5011032141
962,0.0012114677043792432,0.047068345063512346,0.0054154060594497015,-1297043.4136100719
963,0.006342937398085841,0.007327341325507025,0.04906382619966364,-1009274.6008497297
964,0.030883012008499806,0.03051449758519253,0.04933491007592648,582848.7034233055
965,0.004421938463732739,0.04872504462711446,0.010200657327702046,-1254612.9045045879
966,0.031153575178101772,0.021004178265139586,0.019197590673858914,-29712.757588656325
967,0.04656216642397313,0.007461386422012823,0.049853450553812184,-219663.827608009
968,0.01895625305457743,0.03243874519442772,0.04839533657416801,742006.5479733187
969,0.002880052518948739,0.04614321814625953,0.028390569267717165,-1025456.4455282787
970,0.03521984394887261,0.007459209194317418,0.026669371541551613,-611584.8584091233
971,0.03367568573626219,0.022812365369384094,0.007749258905302836,-690185.7029407015
972,0.012205953754278832,0.04271963954967493,0.001723549641638139,-975367.5764830743
973,0.03544310392204062,0.04996950182572635,0.0003741498053383308,-607273.9544023427
974,0.008052284140996997,0.03370721504465673,0.0029995417292674135,-932493.3594891122
975,0.029489499192792947,0.03420000517805281,0.02940731740570351,129585.60599461621
976,0.01825923515105336,0.03486411479933195,0.029714721400691025,1630.6122535016957
977,0.010381858604695988,0.02815677717925549,0.044095360856946375,-344201.63076779165
978,0.0333416642845225,0.023589575369692358,0.01607920514347256,14384.179351005627
979,0.004294310471878643,0.012231356637951435,0.0005593376543438444,-1159609.4024222007
980,0.049331295876248224,0.011124112606436998,0.040743797134268636,-293386.8152923541
981,0.00843224409024893,0.014180057480278696,0.020913865961418338,-733757.888634329
982,0.016220283207080254,0.039917540637993056,0.04788467040077116,640941.4384350256
983,0.04376472418254243,0.007678893347387828,0.038834433817464514,-396764.7015482533
984,0.007397345665235572,0.04566905532810507,0.025893928783428923,-801550.2961960353
985,0.016819054402835338,0.00785127486670964,0.0005904544089502307,-654941.575991111
986,0.012397349583044238,0.0457010031640656,0.03986310961361138,-4134.450057380861
987,0.04848968538753598,0.005038076056068652,0.029608937175283474,-251460.3138473336
988,0.012857523701538831,0.027147085288620372,0.016022744278172758,-573646.7818276724
989,0.014173277512167876,0.028692265101229877,0.009165908093477016,-539956.7213348948
990,0.023456671848605844,0.03254061325220174,0.0064091036591402036,-539769.005869975
991,0.046529713543845205,0.02528623497270624,0.04097639859421712,74964.28172493215
992,0.032695271531053165,0.03550004706112728,0.0358065470496419,578884.0758510423
993,0.04375499485307363,0.030680271752346208,0.013910857586069482,-308590.2793124116
994,0.004975482143272859,0.030312530972507076,0.0033176401885290532,-1241891.6890143552
995,0.01206467258447651,0.003035359230095586,0.027444379450328356,-775975.6388804974
996,0.008016906247143402,0.030520365971673666,0.03954325654316338,-541614.4724794521
997,0.04109403603859312,0.015477175406881372,0.027447726634724803,-368834.69386963965
998,0.02815053800431795,0.023644359107708332,0.032755694571238246,162800.91017046786
999,0.010504356191176678,0.04896216197933972,0.004903991354546622,-766953.415989506
1000,0.04146105706015596,0.02970479934755939,0.012242737359685797,-354014.2765171002
1001,0.03728375003301499,0.004224044783853598,0.03872089172243916,-603441.8739523914
1002,0.029499261112150676,0.00553751591982008,0.003975278154618511,-724019.6833784812
1003,0.03754181667182313,0.014646795325191858,0.04446509253836067,143920.78174811395
1004,0.038103651051508806,0.03490951223588581,0.013930302631672548,-296875.44946443633
1005,0.0354472259510809,0.0474073842257417,0.004577991718528446,-549439.2136916452
1006,0.016308132100178303,0.011733613273079709,0.019662506720033335,-501568.04779008654
1007,0.037116632742697324,0.02371212907126933,0.028536530306012317,208862.84841597505
1008,0.015707744403917118,0.007064463354355028,0.013346682446886428,-676558.8690030092
1009,0.042984015062099354,0.030120848107670524,0.018899433659861686,-366524.604861934
1010,0.03949529908677938,0.003222871622745438,0.012694554396119285,-516386.08083023585
1011,0.011505157702866965,0.04926822810841111,0.035304929119638014,65489.812192713114
1012,0.03088929681942771,0.00024924826472364495,0.009215500104492869,-512719.31900180265
1013,0.031777064648653916,0.018985966324083288,0.04621401918395304,273483.4937862157
1014,0.0382362109570879,0.022369203640206,0.037475748876913524,155549.33424565636
1015,0.04877021619131108,0.023049041235073533,0.03212629439442667,-7212.779581488679
1016,0.04593323075306476,0.012433733101808665,0.04432789568331392,-206770.87371651916
1017,0.004877235338649134,0.03242240852938232,0.03914190775278922,-680097.159356993
1018,0.030730310962621306,0.024776740207627154,0.030867354996284305,365304.2231131192
1019,0.007583185438972229,0.010778535516510918,0.0134949671978171,-827884.4647802215
1020,0.029888967031501908,0.022095053687253525,0.012223792124291977,-224987.8600979819
1021,0.044140466607229006,0.01869609201466117,0.02230158596149456,-211739.2088438522
1022,0.02048505382744973,0.009097147763837632,0.036581350771511666,-461010.0190359911
1023,0.0224229131134429,0.0008128554946359224,0.048200685117989854,-457672.7979177294
1024,0.04078818057977068,0.03617796770459016,0.043454593525926455,876122.9880658095
1025,0.04534036268027752,0.01687448531922193,0.030547933920834932,-141804.99198264952
1026,0.03044039046027971,0.013364983440529849,0.01109761257235336,-487608.54130772746
1027,0.005695362740951105,0.03296570979582264,0.039045949551539,-575548.3908558527
1028,0.038047648975850196,0.015813768859248716,0.010262992523260113,-389803.9561180137
1029,0.022680708922731097,0.02734067301202553,0.04595435639842779,546792.514624511
1030,0.04374115771370271,0.04580291656509139,0.04251311925679899,968741.8763487058
1031,0.04822906022181556,0.023274999858452872,0.0023736748716547186,-599077.9578844885
1032,0.004178101607423912,0.01951380708861716,0.012884354563649864,-1365661.4677369946
1033,0.008497029568053366,0.04766018872543243,0.009770979420531123,-828282.7968975861
1034,0.047968963615761556,0.03804194201606036,0.032047283606261176,566896.851149472
1035,0.033800948004468916,0.0165737161829562,0.03232135190291411,-120602.82517243177
1036,0.009334605914063265,0.04688527162679898,0.015089666998029678,-933355.2746517834
1037,0.01275932561467711,0.035558139909707874,0.0328224359033091,-94023.90790687334
1038,0.022564945917165263,0.03162231173453932,0.007974653588042807,-284967.39391123125
1039,0.033666415370097756,0.013530534759759695,0.013641798833822867,-322791.22374235827
1040,0.00810899674718923,0.01661885675180823,0.016562553015566406,-869033.0067573871
1041,0.022708950585113463,0.009520975233317476,0.009650376807938316,-539432.2621774198
1042,0.027086928583161418,0.006443870233523758,0.034444850399441757,-385378.1439567988
1043,0.04719735629312983,0.021339781083218913,0.045055265657533844,-110412.95035537017
1044,0.0049158295562932225,0.0021478813687822286,0.036068443875692,-1201560.6019020332
1045,0.03805107864907483,0.04215291204828757,0.002840883919999071,-318054.1873821827
1046,0.038845352747841524,0.01882693663982909,0.015166881634109931,-302513.0476468289
1047,0.008651196067164846,0.049800787755126356,0.003183179465943181,-895007.9978955674
1048,0.04135040073039997,0.03197472177452638,0.03675402221309336,761301.083338545
1049,0.03558585599608982,0.04292172425365913,0.009189603492805416,-330390.58819433657
1050,4.123084173426883e-05,0.02992642445216331,0.017692931966166697,-1534602.3555047328
1051,0.006189366555856885,0.009306937705211944,0.016587465622961147,-1176302.8541853973
1052,0.0035116685443351615,0.002845660106422543,0.04580131274162221,-1431800.1094264146
1053,0.01560513746768481,0.04911153487367925,0.04821835041652,359187.3739515643
1054,0.00712856411635569,0.035746215144809544,0.030040244456353463,-521600.12349799887
1055,0.03453235365525768,0.00480955000072374,0.009428003931727902,-466076.980447092
1056,0.003831933072544075,0.03020671026085356,0.04932955379245456,-668008.1918377664
1057,0.03359922688289707,0.035538076751096485,0.049229252077164054,843063.3616194818
1058,0.033900577708589806,0.0020090786314235164,0.04335028004282988,-501288.17999884
1059,0.018233914518939815,0.0002181810757357683,0.02536170887804103,-710796.3081592796
1060,0.046850750043813186,0.01286653435974916,0.024575658652641996,-512349.2105021254
1061,0.008688844389119538,0.002884633583322005,0.00402724733565566,-870422.3803190645
1062,0.03635054529806777,0.043203723537107455,0.007164941962624555,-345558.05431715824
1063,0.014415928390523436,0.009751473382241367,0.0013427888463213968,-720937.9221254602
1064,0.02767156849434918,0.03499610850688238,0.03239387404425353,366824.60670226795
1065,0.01940267736511238,0.027750512296995267,0.004704965331811234,-664890.4855518617
1066,0.0077151859361342225,0.04658973097764917,0.03807538739099484,-490715.1307107256
1067,0.04613695479125837,0.04583401422496836,0.03246963085538703,555736.7802226057
1068,0.04641193240560826,0.02083520515412316,0.00018081223924704682,-581863.5169245896
1069,0.003128555792307969,0.005474366285040761,0.004767672659143013,-1436543.9396709204
1070,0.017585119542513173,0.03506354035546788,0.03953244033002475,140658.28690553716
1071,0.029510663717231236,0.007321808727848978,0.03739508010740877,-286059.7430076144
1072,0.017740095956879948,0.0006496674335898123,0.014029431026637468,-763152.347968799
1073,0.016530027707048894,0.013712276760905147,0.04059350765937928,-176752.7547274463
1074,0.03799631987970452,0.03477760152063208,0.006950253925613265,-523604.29737337405
1075,0.0403916954853141,0.033858798083166185,0.009741884324069595,-309415.4308742164
1076,0.03240469651407582,0.024175582050184052,0.021967503092811255,-13698.967587391273
1077,0.005606158173619442,0.02591521379225827,0.004996590448618183,-1284838.5429662787
1078,0.008212669362713332,0.006627315713738136,0.047705413953500385,-864644.3246226908
1079,0.014243234522194503,0.01776021617980039,0.016104030314801804,-630529.0154032535
1080,0.04491252225890719,0.028148295566744426,0.04595799494666559,485718.9163087862
1081,0.014996245291394778,0.005741733721597447,0.02781092263620873,-681876.1547334561
1082,0.017276849589500876,0.04009534167453742,0.043971170445582936,421679.37270154007
1083,0.02362867554535359,0.04856795120427542,0.027650650317220294,609281.7783371402
1084,0.013546019669315623,0.02444877576721373,0.0018655146201463802,-929845.0987990479
1085,0.04020005801315338,0.0050717525427210475,0.015437424425150248,-552828.8211284083
1086,0.028265827350247172,0.002148756282344944,0.003965844959072412,-845750.4776571294
1087,0.034805817880650645,0.003588854653038437,0.023854143312368827,-386660.54013162706
1088,0.01693478167103752,0.011403970397820824,0.009438944893183272,-938228.3186346939
1089,0.03817056468662897,0.04757710965751413,0.007008987110166587,-570989.911466281
1090,0.04798406095870635,0.029738125173755188,0.03208302026816286,353971.7296704272
1091,0.03549631890712909,0.03520594451772905,0.04099055540928442,943471.7910007861
1092,0.024173432567384873,0.026667929375735058,0.016191350123170797,-265146.3108812796
1093,0.005262879689155853,0.033232009546310955,0.0016804984593125462,-1310597.9999906882
1094,0.013781752554168414,0.0047114932223050136,0.009536357866135903,-669168.8225514201
1095,0.031936545644869044,0.03142383151024591,0.021052745649785605,159184.76143573446
1096,0.004508598824474558,0.02166869582297042,0.01763724359291467,-1033781.1987797171
1097,0.03602295764279749,0.028951330409952587,0.02457828836684995,261174.57480098217
1098,0.02434910411524976,0.04831484436302094,0.03781471108517253,866217.3173166702
1099,0.024848978023006393,0.02396113064444888,0.0013239550652481725,-638749.8014758554
1100,0.04712546316599034,0.015958698588366484,0.012796954094037189,-492242.9859831616
1101,0.04997044626938357,0.035934483575226224,0.0023681886649643993,-497076.23717673175
1102,0.003094273851278823,0.0012750781980098937,0.029980944975643454,-1126278.6717925817
1103,0.0035782250030975907,0.046669417842246534,0.0468453270011339,-642172.5685263975
1104,0.02730270333740399,0.03083194656979754,0.014594720076262491,79696.39174291663
1105,0.0031986271204136663,0.03687302225959078,0.005089299437450873,-1335099.7275466872
1106,0.004277882050919657,0.01556115546021119,0.000623282991894103,-993928.9692799425
1107,0.021701780787815803,0.035384045504003835,0.040067446571096954,396741.6737414793
1108,0.030215365189946067,0.04234371015569563,0.02032511018835552,94646.77041808148
1109,0.042438604253023836,0.025323665524918965,0.011151806399914766,-560525.3629527087
1110,0.0472072823330233,0.013748543691855825,0.0013100742093896556,-545437.5415946236
1111,0.012133702147751347,0.018334378062871387,0.017567484164463205,-551960.999099931
1112,0.026233375472178584,0.044156344101796176,0.014616911355484957,50889.02816539727
1113,0.026038530397958445,0.017006947684423967,0.041088652968660024,140013.71701907605
1114,0.007880075664423919,0.005175513415502925,0.025149762661880088,-1266468.2414675076
1115,0.0335943792882746,0.039776260054538326,0.02948124264526582,160098.62061367146
1116,0.038692488065950034,0.01963550292804619,0.0016433835133234488,-620474.4375696989
1117,0.005804965395077827,0.001936130061449809,0.016447182523824634,-1310800.658315918
1118,0.024774567063434116,0.01781587418284697,0.02802997375331961,26436.20410725123
1119,0.024030457424639384,0.03389714009319702,0.03334810817817031,227866.7295480942
1120,0.015903207355433973,0.017310722768054575,0.029257391082065168,-103563.19578275597
1121,0.029821623394542092,0.015734995681856656,0.01651589428877126,-286405.806253207
1122,0.034702250659307356,0.03237054114380348,0.006752540233988736,-446743.26269393356
1123,0.02205209398376967,0.044635303935529516,0.001815283805223761,-522638.7063102592
1124,0.042758197324210684,0.008158907853207182,0.025362431623085796,-412054.05292065075
1125,0.021216821446150575,0.0005064668670729411,0.0457698468544816,-467457.4484942022
1126,0.022746261366715283,0.04771341383803075,0.014337195048960895,-181314.39845990605
1127,0.043313788670798624,0.04611947869978153,0.027841620818539033,673944.2847427088
1128,0.010133889393385876,0.034262371605286,0.02744890332647301,-433327.68336173234
1129,0.047226483292631294,0.021963603090524593,0.0134256823819911,-437845.7255807848
1130,0.006914350074705356,0.03493167843433397,0.048705480949029115,-339964.5979364963
1131,0.0014171885285699237,0.03702226773890634,0.046346518127983335,-1146150.9625004742
1132,0.0037390767113674676,0.005508502255306658,0.03459785492248543,-1005164.7105012343
1133,0.03239816879478942,0.003441370765812285,0.04172113760755783,-569179.363585129
1134,0.02617119239224462,0.04535986866683063,0.043899544049635225,800927.7157621634
1135,0.04062538845250829,0.02579494481222107,0.012585532087471613,-458129.315796971
1136,0.02529877519555663,0.005040568890089004,0.03294230742367131,-492610.7944326604
1137,0.006698860961450382,0.025558648125036155,0.002719098708340889,-1166529.1881289235
1138,0.014975624513732294,0.011604023033489392,0.031001577135583526,-709525.7554629194
1139,0.03933933560112544,0.0028651477270263074,0.04251418425776921,-377942.6981980081
1140,0.043038384747730224,0.01711345371440114,0.032950203298516105,-266005.69610367157
1141,0.02013065158517248,0.007709544109481575,0.02643312092815552,-464640.67858108063
1142,0.004317983725079833,0.043923607769799394,0.04621448797048043,-633100.6840736257
1143,0.041080656850570184,0.02812640603779893,0.027879929556272748,316289.190337985
1144,0.04923036883004649,0.012395084491559145,0.003797418295260374,-481382.18162379577
1145,0.02809704618005889,0.016439279890505167,0.01611693864040221,-179987.23737536627
1146,0.0003542677084974022,0.02981197047739665,0.013201685113780705,-1391443.245272837
1147,0.009392927409634051,0.002021596569650186,0.018218078823780567,-903643.965895591
1148,0.043948443619322874,0.016833540379868617,0.03395371050597969,-290962.1930838716
1149,0.037827348170095365,0.016405040459509978,0.04108203675060207,-132638.36088733296
1150,0.034593982983347454,0.02796211143504758,4.962320253144581e-05,-583266.2119306604
1151,0.0017545382961404066,0.04954329220530317,0.03911419617517797,-912741.3402380297
1152,0.04687826293864736,0.04511516024590138,0.0010221491571375419,-650399.7847849115
1153,0.039592364489553694,0.022557287200557732,0.03947791020003279,336199.53510368086
1154,0.0003357892081692571,0.014409965060028214,0.03756618878956511,-1245374.7400377463
1155,0.03965103943007949,0.0309857300607312,0.015062809472313188,-388743.33446155884
1156,0.015518129564393147,0.04833819818210164,0.02196060896171023,-175412.77336998592
1157,0.022356277512191852,0.027616637512034976,0.02047511684321944,-94370.0113625562
1158,0.02763357822987071,0.021616771138377896,0.041335745980109334,24912.100157520967
1159,0.0454525509899142,0.04660551299076809,0.028214810291469328,607727.0985100254
1160,0.02210742787322477,0.0352620029395919,0.04191617956479533,389375.21942159673
1161,0.028149112103318857,0.034999051091113065,0.037486467536062405,480675.68651800905
1162,0.03381968883586434,0.03730667778646548,0.010432266627799919,-520621.24309158645
1163,0.024918727351089878,0.029413427730254363,0.00012389654285115405,-970791.4031835829
1164,0.0427981254406841,0.030501225422245606,0.0064568165849101635,-479669.6034795793
1165,0.04081785362879136,0.03585284832202723,0.03791497717318185,716729.5254464876
1166,0.01960212309309281,0.042710125334749605,0.020701379106618113,294501.2856878882
1167,0.028525457647279567,3.211518499368626e-05,0.032243655733893116,-534761.3518441331
1168,0.03590878960639684,0.02835546827443962,0.024827940852180805,267111.53477539076
1169,0.040496823685585416,0.03406863585826209,0.01390370198600115,-525017.1068786044
1170,0.0479536669039993,0.03536335970976704,0.04939694644562123,1162309.8541431425
1171,0.04856306581344342,0.0459454861405045,0.03776857706126538,811949.6020111457
1172,0.03047146842484837,0.008608533184146212,0.027167570871187888,-290070.3062089816
1173,0.03826882611971637,0.026042857935278392,0.04341195642028289,767725.7622987981
1174,0.005482794959584914,0.019047017402431705,0.025298220929682865,-1132312.7987125833
1175,0.021616264793455405,0.005429327391077654,0.007676414702231527,-623458.9371552452
1176,0.04188086464277436,0.024219212960072553,0.0024361213376363823,-402866.1956524022
1177,0.0008245629488824957,0.02367377009971633,0.008218936296222185,-1465005.0991551583
1178,0.0352562972999611,0.03976617312638757,0.01141483542285528,-326186.0548460479
1179,0.029608847244089038,0.0077222321742693,0.015179132579719352,-436766.1941463219
1180,0.04443977470907167,0.027204904574115542,0.04429443475721001,542550.5836629444
1181,0.011262390208975348,0.0165012171624333,0.023547606922840855,-725050.8708886395
1182,0.024004003759727145,0.04988239835918502,0.005722265948556505,-400370.5520307512
1183,0.04259825178007954,0.043184101971093514,0.02765993157688937,600311.2214600772
1184,0.01720185841295769,0.02596130521441481,0.01462338524032819,-410011.83384175604
1185,0.03995537242199698,0.02491395793551651,0.046292108943872534,455384.6048695457
1186,0.03113456721780219,0.025715966655734168,0.03555346769888262,174273.3550775019
1187,0.025196648221511714,0.04522531752097236,0.009222298044342065,-242137.15897043436
1188,0.048667434187295286,0.040609527592559605,0.04303666809324348,973483.0942423693
1189,0.024145391618553558,0.04186007746687987,0.015338704178860258,-200672.17295437513
1190,0.03809740892820876,0.007022507919451132,0.015352595798125436,-517013.57769330026
1191,0.022286633167986642,0.016115985907171095,0.01935085578120918,-401545.6447542482
1192,0.0410052372391849,0.01283379460710838,0.03726405860772861,-248081.45894251697
1193,0.0036856034555825925,0.038286955375753044,0.03960116214148865,-1047294.1673821051
1194,0.0200849387751241,0.03612389115837352,0.04575692018725496,663574.0595704404
1195,0.04003564867772635,0.019522325519847995,0.024210675714003222,-320102.0155211
1196,0.03896787723929027,0.01462972949245618,0.04019413701544368,-152100.53104542146
1197,0.016403557128047058,0.04029952911927691,0.004340022167536167,-564499.9682852523
1198,0.002219864845529507,0.04988377236849112,0.043472856161734456,-910268.8438092227
1199,0.0441423751733102,0.047563997380330875,0.021915815470724395,286434.7197718742
1200,0.014341777734007612,0.00650124975089515,0.025060456676923228,-728211.8956391906
1201,0.011002416023830392,0.04677754283696599,0.0002001581221389548,-1093617.7352075968
1202,0.00715983688715608,0.01232379265417134,0.009947835579659753,-1191167.689584225
1203,0.011288921828985516,0.03280238025305892,0.016375603915657462,-466717.86987747345
1204,0.030751219095168664,0.04451289668231456,0.030127838276285103,577925.156954368
1205,0.034726639564319074,0.018275164911067867,0.007986923381135458,-778870.6795432866
1206,0.016029203122495308,0.048214132435205406,0.031090569222656857,11612.885335689502
1207,0.01387555597170076,0.022545763358105195,0.04177565187154972,-87648.6379138922
1208,0.03342217853528868,0.028032642036458413,0.044258143831692055,593235.8671339302
1209,0.033621978610839515,0.032136486539554775,0.009488406860538407,-476058.2208971849
1210,0.005319434150620389,0.04825710585286996,0.029942918505017638,-520483.0452431475
1211,0.020784170457321456,0.02945104104551088,0.0030905980535857695,-743645.735308817
1212,0.041106363695205345,0.010832276778216798,0.04022730031589736,-353313.4467880608
1213,0.02671892216318053,0.013828600682845138,0.0015104974121035231,-739093.3366082256
1214,0.04079166776633029,0.008823007073465334,0.0025902557819936726,-645896.7083186579
1215,0.03779388654129404,0.01750216111864894,0.0194667002795825,-225932.82137289076
1216,0.01235337936403595,0.04295892393484486,0.014866476305326604,-422011.6146731412
1217,0.010509628487551194,0.015462486316807807,0.010157478758369849,-861364.6975963302
1218,0.015882761040260374,0.004146811143408652,0.007926501455972918,-626308.9818376927
1219,0.020852644169807394,0.04397334277949382,0.0028645373361142925,-416062.9910740169
1220,0.010633735338001533,0.04541728377707982,0.044500733707996086,-11970.467489814997
1221,0.03397254166479707,0.012023677704761898,0.020990528052789288,-403886.936171229
1222,0.010561049721898252,0.006429425456260163,0.018999919725694578,-729588.3305825121
1223,0.02879108025351751,0.01799663377324026,0.03054122752329849,8000.658399403018
1224,0.014812736768965273,0.017292526388039516,0.03953367958223048,-195296.27521278808
1225,0.043915736544692906,0.016101704076552602,0.028575790067263813,-152994.27294164352
1226,0.013908114194613403,0.0026667320853713764,0.0368928590680204,-776181.7443332191
1227,0.008550174161807518,0.02128562618734586,0.02435227466895784,-731896.2404288959
1228,0.009223579208955297,0.004727767533169814,0.01740065073355353,-977264.6402347232
1229,0.04761429537751592,0.030756779499421072,0.019070511420145125,-308295.96900411224
1230,0.0019455410387107465,0.030013664069554094,0.004612882046768629,-1513670.2943907273
1231,0.027127203552376317,0.03759752541358715,0.021179267414739317,66056.02346413906
1232,0.01497057474082622,0.00236921169087993,0.0012388937580798398,-783656.6900442116
1233,0.021501328482276063,0.044167263535148396,0.012203138939659519,-92438.05747843612
1234,0.028702775289091067,0.03421529098398809,0.003041493375068072,-655875.2996994251
1235,0.007655018790168855,0.016563839670978353,0.033504658707428525,-906671.2029648245
1236,0.021951755611404847,0.03670975341091227,0.043379893278659626,502697.45827906125
1237,0.037918613829927145,0.04961236036566246,0.03771805343658249,932995.5167779762
1238,0.04260895975037253,0.04161831792325005,0.03651328811400233,895727.4292921057
1239,0.04009009083279453,0.04673416139337051,0.02376036892631463,418753.6626253742
1240,0.03191435119562718,0.025746986078638637,0.042551849359603655,446011.5335907125
1241,0.021567980143575367,0.04098633855723665,0.039967728752856944,457481.93058731686
1242,0.04809430506842953,0.01244603496287094,0.035480975494295616,-281784.0401934697
1243,0.03784597488237432,0.04681392464023329,0.04534512090277656,1310813.104034205
1244,0.028676293085422418,0.02895765929319899,0.00836456142021147,-423101.18402468436
1245,0.04874813512118856,0.012750873135171342,0.03623681092256461,-242370.49978464222
1246,0.039789750240265626,0.022060775230569055,0.0105596860014529,-504303.7342712683
1247,0.009448019210984338,0.04282480004507959,0.02553782433742574,-711499.4242993485
1248,0.004506849101913335,0.035850973638144434,0.012508552640251481,-1158531.6477519681
1249,0.043819737537543965,0.015478589301498764,0.010013541504507157,-526325.6165148963
1250,0.004242922177746716,0.025576556831882376,0.022536879390914366,-1170502.288658956
1251,0.037565607230157144,0.02323012935965182,0.017190798446218552,-181909.515074523
1252,0.013082745781647205,0.013907337273498556,0.046392395091390703,-276172.15597475995
1253,0.008253930104390617,0.04940882122785751,0.01634597275961124,-710996.3790978731
1254,0.004419511770874874,0.01243451903939325,0.0029207189777309354,-1034849.806649075
1255,0.039501488458195795,0.025627645627055273,0.016849330943340048,-120093.68682107127
1256,0.03310248023157813,0.03153232629751601,0.04699360446137951,524835.8765379142
1257,0.048063025837418984,0.03403418878327027,0.04089079636220843,702607.5860692122
1258,0.03962125501675893,0.02456517663499499,0.03522291440167085,289367.86396089784
1259,0.003912950384178509,0.03790105415751535,0.04809165035961838,-591975.4066859504
1260,0.004248737656286922,0.04180578922959273,0.046649001332463566,-513927.5955484919
1261,0.011309444490103106,0.026240559380460188,0.04639291127314943,-165958.25915573468
1262,0.0480113002261484,0.006394119217615818,0.01745021127777253,-559221.9690570707
1263,0.034907232057542835,0.011077924969296516,0.016238531431724042,-402933.1326503591
1264,0.0011645530002346639,0.007676084046559945,0.028116474720887193,-1508352.454345418
1265,0.03265450331520914,0.03244559155479185,0.038918023538910836,474245.1942599801
1266,0.020764070686939574,0.013674535812057777,0.0007790350021262493,-682507.6295841597
1267,0.010331491302619344,0.015619390610101863,0.008910342824023277,-791259.8281577922
1268,0.0010072235748301128,0.00787238043325958,0.03330497767837862,-1152311.8435216376
1269,0.03147927082362979,0.046784181969902125,0.039908414569865464,943469.8319947232
1270,0.028387805842059563,0.006877817374660567,0.028203590946257847,-671594.2909567341
1271,0.0030797530457090383,0.021544244870542642,0.01951293144735977,-1503997.3549164122
1272,0.021390690468147084,0.013991295919739362,0.03429152238119119,-271237.75011544104
1273,0.042047223364938976,0.03842584962994888,0.03138760478954402,387343.78678537294
1274,0.026917239966650665,0.0015542090004015186,0.036146699934596065,-603513.9230062858
1275,0.027249146978924874,0.013537052533194344,0.016392101942672082,-375348.12835528865
1276,0.046780339323487075,0.031218112255861352,0.023795621732876415,-229121.20020309192
1277,0.031046086985420385,0.02068711624928285,0.02350911366015081,-10990.589010381242
1278,0.014515462835383519,0.021992665029582227,0.03427961162189552,-190697.89857711075
1279,0.0019970962543234606,0.03975137036480775,0.014148977043065641,-1273770.4216581362
1280,0.03412798967162499,0.032136265734003,0.03263140245706527,360649.890579794
1281,0.030406445812790145,0.04795509190347674,0.025417208134769543,431544.0777799635
1282,0.036615955775767574,0.03527246656172888,0.01181337886391652,-223295.35183698186
1283,0.014165291959341282,0.021200854907848395,0.013884896523160462,-498824.91484507377
1284,0.018337154946497985,0.019548030696415298,0.0301932280469172,-489835.6988135894
1285,0.010994502136753083,0.040214593293834366,0.02187681783857523,-367688.4425315635
1286,0.03531220558416234,0.004072124062040894,0.023498269706218346,-607899.6938266641
1287,0.0014109766088664156,0.03379549959077824,0.01718550384985348,-1474037.8112258061
1288,0.04746264070529144,0.01620621073007097,0.028190294900886342,-270291.01125317905
1289,0.012869378784730734,0.031005631447367017,0.023352117506661732,-435348.73282888735
1290,0.018531413075281646,0.010184467454008994,0.0055760671985727655,-924804.4287196886
1291,0.005993956697833664,0.04995200087527766,0.020615536342861736,-1101920.2535847093
1292,9.648539366697296e-05,0.04764643953130072,0.0009989962114906326,-1583389.4786978026
1293,0.020929306277726684,0.0358738792985328,0.045729962218588084,710133.5767196504
1294,0.03564431457160505,0.02318128774500059,0.04872210194920518,596728.6446383358
1295,0.0019659691516635213,0.049344610126900404,0.04246957758542195,-942823.542686566
1296,0.04644650085631796,0.012738621204876833,0.007122903614213489,-618117.7453220465
1297,0.033165763968635006,0.025792971899306003,0.026158398037218974,-129526.78707962233
1298,0.04623095892416088,0.031004045332663113,0.015553191755229496,-192902.82392682385
1299,0.020003327820893802,0.006674791754592563,0.009615702013784467,-497514.8520714117
1300,0.007167503510476925,0.040514567060567726,0.03524367339860594,-408480.1922269356
1301,0.026517250880542593,0.018718391681378538,0.03342471451621753,36184.46211437651
1302,0.04064526738478805,0.04406166078358545,0.02735081141031668,431370.9494174541
1303,0.040994256090985046,0.025565297670634753,0.023726504459394546,185838.29341384128
1304,0.04327159278110501,0.0193186968132332,0.019795633952035114,-411310.3802868039
1305,0.015245567264245807,0.025935086414730836,0.027242501684473036,-161163.67062069062
1306,0.03302305726552285,0.021525115505478528,0.010891864594179968,-413136.57911039295
1307,0.043342103120693795,0.01730004336190072,0.04614717099200874,-37911.35932381636
1308,0.010367666651322788,0.028002873811811525,0.026830754676472612,-609229.2636665088
1309,0.04143239239634977,0.006942569337541488,0.04549685864587307,-399282.7850603151
1310,0.02657140860860351,0.02930546919571832,0.025508314664888357,51851.21915867758
1311,0.0018012453418133235,0.02485453309032991,0.013177483133849527,-1533592.945072651
1312,0.017134409018891572,0.032455079959357,0.024884856473705298,-413074.1165376092
1313,0.004660910633373022,0.0036520637380879463,0.009282884780868517,-1213001.4655686875
1314,0.009544257328611184,0.030415037848568246,0.008890723202277141,-563275.2574759937
1315,0.04408597116373853,0.010488033030670658,0.004556572271319131,-476803.54969219
1316,0.04378730081798235,0.01476637880383665,0.02127113149168679,-282024.4729690395
1317,0.04795131920062212,0.047218460957888696,0.03574584446324589,665351.5545768667
1318,0.0034469475866277357,0.029667006270569875,0.0494538967521129,-857553.0195018763
1319,0.04734581142119903,0.005300124625997144,0.019798365154518435,-398328.0460163748
1320,0.015776837295141965,0.0064864053452452775,0.034739915562438044,-605930.1477102818
1321,0.013692418218011837,0.01724329015626489,0.004517943835070898,-860017.7875736024
1322,0.02489837793893328,0.007908393182602825,0.02160452117897446,-461093.1365188265
1323,0.007167111105165075,0.04769249449750729,0.007249126659857131,-950890.5362677592
1324,0.026094357692531663,0.009848991265949375,0.003818090173630462,-576766.769757618
1325,0.01011543094210491,0.0027387053695218048,0.006969869156049441,-740944.5593310969
1326,0.02467420788816085,0.03259077605287871,0.004366990753589173,-479275.6387027371
1327,0.022050931195213425,0.0290623511426676,0.011711283810553075,-383242.6356152423
1328,0.01860392057580127,0.003591743486680432,0.011006554011654747,-742527.9937655213
1329,0.023337646295947003,0.049522108946266116,0.04981325314695667,1393708.5106817286
1330,0.0489810840562144,0.02115431931501638,0.004034018920733251,-471561.20716270304
1331,0.016178671862466677,0.011885718768548865,0.0007063287454927292,-856312.5868271095
1332,0.0047616805144187705,0.022659596752453305,0.01698312319021485,-936285.5803550298
1333,0.009017686081724152,0.03580499853293736,0.01785577979483093,-648727.9837251978
1334,0.04259339278732722,0.012048858013155868,0.026919674504331238,-197057.80276078696
1335,0.009206960857459123,0.0247650308192921,0.007623325448919311,-859530.909882518
1336,0.008078931218576097,0.030611168852100787,0.013189302108788338,-834179.6739227746
1337,0.008618361328212365,0.04648841250675366,0.0021501625370025537,-1131125.382255659
1338,0.02825740563479436,0.027413192091663263,0.01253044372015299,-75520.82019853883
1339,0.022638587255640892,0.004386889154131774,0.03606350729619428,-489227.9834053651
1340,0.01108485741884116,0.009669267991327796,0.015743923913875153,-904543.835369668
1341,0.0451184960131571,0.03982333241417713,0.04734461455668788,960189.2771246027
1342,0.032598117301654274,0.033146075551604384,0.024001549971310848,-9116.187618421425
1343,0.04525931616834877,0.02554385746351645,0.017753003539751233,-276533.9776194396
1344,0.03201875049588326,0.027306974670048174,0.006200990765494774,-625213.8655809021
1345,0.019636270695621478,0.015666270554724,0.04234168875055659,-173464.69773157476
1346,0.01894212784865544,0.04107776163194463,0.02211947969504728,101500.21122791934
1347,0.0376750281722805,0.006764096425559496,0.04623251098292312,-306153.24016466824
1348,0.024027994539945915,0.01298991228131532,0.012074480318240344,-357336.9766804712
1349,0.013253864428748596,0.018336208645898383,0.03587597663378084,-320091.64529709617
1350,0.04748015214503968,0.03345187150618161,0.02735831354720504,251708.5857329667
1351,0.022429890400856734,0.041409723351880826,0.0424828601223035,763883.7327494402
1352,0.01465188372164093,0.04767101243267151,0.019755768160319105,-281117.9220233278
1353,0.04000390345957639,0.04834099390411167,0.035182905042780564,778978.1212667119
1354,0.008077536322559687,0.029306847758696544,0.005938856154778922,-885838.7372804307
1355,0.03945710199344632,0.014065758693694148,0.03476074115300093,-269836.7711412666
1356,0.045504483706509946,0.00905049253350862,0.01964289193005834,-354453.50794923445
1357,0.03235593940367831,0.02098292964047506,0.008740947081235762,-367395.177504711
1358,0.00145358070843985,0.020329907185098146,0.03246045132909602,-1198263.8441807416
1359,0.028699210407624434,0.007812061988032121,0.022534672193369333,-400825.9070596181
1360,0.01847355230906264,0.013710120114669995,0.03646356219301946,-304865.2188398656
1361,0.015482601501359217,0.02700709761665146,0.04616117676348083,133128.8107189032
1362,0.026963799112679123,0.03085114550802804,0.0036622993083775704,-591300.4072748411
1363,0.008906707187086816,0.005047559964905674,0.03824064741779201,-877638.1700380394
1364,0.04179605404584212,0.009322764659728883,0.010963587546154552,-486629.28557172813
1365,0.016160364474639144,0.029553880847691772,0.031089809690000976,-430472.220769878
1366,0.034337697927072884,0.04525963781067313,0.014752007024826909,-183014.34094097093
1367,0.03293794946033878,0.02798614228888461,0.015291862020628356,-154829.6317266297
1368,0.04537075932968367,0.004774170597960876,0.03560005134160257,-308914.59459577117
1369,0.036393685651130096,0.04576632638449808,0.02592902961756768,605714.9836374578
1370,0.016081116910962295,0.041387033493001026,0.03854051409161963,351517.6304910539
1371,0.02501578072097352,0.038392868781690556,0.01339378010386304,-162985.7853512366
1372,0.029475316520173395,0.04325917273939378,0.015899225230825625,44565.19987564493
1373,0.02417749912153716,0.04755224270864447,0.039910592098586835,910286.5421977678
1374,0.04435195101652764,0.01926235304452232,0.049825262981727944,-2335.148997557082
1375,0.007628280234190649,0.02593852916081545,0.023963669114812472,-875894.3432620021
1376,0.03992160954000673,0.0454308886257506,0.036556968845402986,820013.3070367018
1377,0.03134081180651514,0.021371459542425187,0.02551629585378671,97969.84650319003
1378,0.025465015661241094,0.0010184236842188832,0.025152290241383886,-667597.1438718988
1379,0.04279854000870625,0.03546370055711241,0.03978543110625024,823231.5539184462
1380,0.01952424948842605,0.026448661845647904,0.001674178449855024,-580703.7197612459
1381,0.01914989710846718,0.023720802244632203,0.012760444979954084,-518360.2595829039
1382,0.0015620489495324907,0.034520405438947604,0.02175438754244216,-1277629.8357325029
1383,0.02078390965561171,0.012499337701425445,0.026891519949900855,-367959.53014668595
1384,0.021901339063536574,0.02369922365145455,0.0290435674218191,42915.19398508752
1385,0.000316232361986768,0.04538479517692113,0.0035543698472540633,-1270168.9910967208
1386,0.022546237365799728,0.010368643761969071,0.02618911846849377,-315023.26215594733
1387,0.014011505439856893,0.043000324903130195,0.019817991698121012,-296491.7705512681
1388,0.03193777778842187,0.012443986407393949,0.0009703075247008753,-459626.36832325545
1389,0.020207726780663807,0.02682432447791451,0.022977357563087514,-276317.86522250733
1390,0.048100718190943,0.03534195869230142,0.049783490031269764,849483.1459428157
1391,0.014753004515698599,0.03945266398035733,0.027777923377330694,-88290.95281565268
1392,0.030588017722424973,0.04929266002211639,0.03269935998755585,821074.6891643602
1393,0.044940844616845894,0.036287511735962355,0.006369306086237503,-467248.5437877011
1394,0.03497118551611563,0.0242157794342741,0.04593989964911713,351068.2698384226
1395,0.04034172235952276,0.005206734380361261,0.006695782182677923,-593100.6658782845
1396,0.003480550089930279,0.024662243737230874,0.0040385879603676515,-1331770.3254671942
1397,0.0361839168287347,0.027617929072521637,0.04179425087765712,732260.706622343
1398,0.013989789433565814,0.025957039208057038,0.005873984295527219,-730457.151361295
1399,0.044230500132514027,0.008750248114491916,0.005118112567520251,-509597.7066616965
1400,0.010252529926159167,0.04031157443614908,0.00529072638423414,-845520.7321409591
1401,0.030721374741908298,0.03730906503075628,0.037554058024143556,860657.6848219483
1402,0.009503044330406558,0.0030811999188806007,0.02244031918861088,-1058204.951746328
1403,0.010124267262227305,0.034963540450696905,0.01783463998277105,-547498.6425429366
1404,0.022467697051656604,0.005674246655085591,0.02837751432740959,-567037.7481485103
1405,0.009276209481595367,0.033949283045746854,0.003558441127394685,-815118.1046992916
1406,0.04879472961406617,0.034226348929290586,0.009086478390596309,-480019.54474481475
1407,0.0007047322730927897,0.016723144610260938,0.007640663202610371,-1377412.6968887076
1408,0.0109205666559773,0.043637512921894474,0.030160233002542475,-260663.0810705409
1409,0.008822882651444975,0.02783297003437244,0.012789032671249662,-881109.5022769764
1410,0.04881004321790446,0.001637861513184763,0.03661592110839076,-533345.0194211338
1411,0.03864985130957137,0.0033581381978850136,0.00859346821156758,-743674.9171601991
1412,0.01921533295519788,0.04340774132645339,0.02684999692092497,413769.5746893621
1413,0.032765342500364524,0.03915064177284214,0.041406139416876,928676.9905402524
1414,0.023814227154184055,0.025439656938674067,0.03590029285438897,-95413.04974694212
1415,0.01316711793678132,0.042724486818276224,0.0010393412237920785,-967986.1517397006
1416,0.009788580110486235,0.04000999715182516,0.017012910594633612,-856582.2077998198
1417,0.007491641634615298,0.009337737785570167,0.02653782009680348,-1060658.3870530596
1418,0.04230907646724939,0.0035325357885555297,0.0015240454562324701,-604082.7200097534
1419,0.023258406791842157,0.04780937075268174,0.01395049017070632,60022.47572431518
1420,0.04795852695335242,0.04438405882950007,0.014156753819375556,-362429.2210423204
1421,0.04084740321280734,0.03429336512844094,0.02559111944523786,199013.00610270715
1422,0.021145807152143738,0.04077513779627284,0.03965397163475107,620723.210167921
1423,0.03784681679712796,0.0499127975607648,0.023925623047069196,451248.92152594327
1424,0.040346148890995796,0.04312391834917392,0.010580129072684198,-334529.7107027848
1425,0.002103322102653049,0.020237420109428986,0.0428368342218388,-1281482.870207522
1426,0.014455164059725512,0.0350005077033712,0.0003674069532131341,-850392.9430358523
1427,0.017768221616011888,0.03077583473790756,0.006487859503616845,-444305.5551391467
1428,0.0448303456073717,0.007813698855853963,0.045489677250199735,-418977.30153316795
1429,0.010819465434148735,0.049713933695792044,0.030237435664779544,-57431.994347975815
1430,0.004217244721915564,0.003263861723932993,0.0037460848129734384,-1534594.8201026733
1431,0.029494637364547594,0.04047896011636926,0.020148137088525288,165969.98824231996
1432,0.022241787964093093,0.0294643851832314,0.026652030239317788,9080.821281627406
1433,0.03440308665506351,0.023589286008151328,0.03569303425320338,285350.6915735296
1434,0.04986553712733171,0.017514892112438247,0.0006107731457675403,-590263.6962462196
1435,0.006281252277582739,0.02767570924934769,0.017212889357232603,-787358.9692000006
1436,0.04699912968524963,0.031372304505369146,0.026017759298273397,-76575.95464777054
1437,0.039901975063600936,0.012929493552454758,0.04098692701411799,-175469.23710137708
1438,0.00015305524320464726,0.030983868106785883,0.04673785755228895,-1396923.7070529822
1439,0.03939299760169351,0.042681709607367974,0.019847734758575028,22641.36012954385
1440,0.04121194730500632,0.027541583251513332,0.030927011825159945,447502.70530824584
1441,0.0029457669667901755,0.010077584858719608,0.02754822077567763,-1196467.755205721
1442,0.0029400528911748824,0.03707234032938566,0.042002850426095084,-851222.7883088441
1443,0.046018118064740245,0.0050884229589902965,0.046986012401140004,-229829.44746972393
1444,0.0033810003814647494,0.023702810796390767,0.042012551031390594,-957812.2765040614
1445,0.0035155569282227686,0.0009115536494491817,0.0012473859353325347,-1557048.6874132561
1446,0.025563511971801678,0.04057983722983315,0.006371333553629982,-366119.6244885128
1447,0.006230512703977032,0.028427342752489582,0.011714780040596185,-989668.4609462731
1448,0.03651068675724369,0.0474817694088375,0.03830167033002066,1015437.5357822945
1449,0.04385876831894583,0.025979302878583518,0.04161596521087667,195481.54827004205
1450,0.009145159199334119,0.0034173945197813697,0.0327976555062343,-685041.6606974669
1451,0.0025976251879027967,0.04462407095698403,0.03457770735537093,-833933.0323420016
1452,0.047610036270445605,0.015694332815661783,0.024307915460081042,-253187.69462163036
1453,0.03708451825225595,0.012138949273041029,0.027092441005583348,-325403.83404150547
1454,0.032973363750273904,0.048940432722352066,0.03723516471211924,1010171.909191121
1455,0.0059065425139537,0.023766672569165516,0.029438539149478606,-931120.9437129134
1456,0.007331157143217637,0.02159830284905392,0.014200290816791151,-919699.1041840384
1457,0.005941377113101299,0.025602096673172727,0.008281654050617272,-942116.4423603211
1458,0.02952687042928617,0.008484846612093273,0.036179746180141054,-407088.9267709951
1459,0.00976208115148352,0.04481425503880748,0.0013104678274404426,-1137605.5873143156
1460,0.026099869352286798,0.016005238294327345,0.011253826288729542,-284689.4545312218
1461,0.023580138958257404,0.04210097681621304,0.04576386027633244,904848.1198364042
1462,0.015162430907392289,0.007712181104753563,0.036007022378315365,-416764.02438023966
1463,0.029099936272799415,0.010050807433877996,0.038014789404371835,-347036.20971463504
1464,0.025946521762107058,0.03266975997537038,0.017966951698169437,25976.0791384402
1465,0.0219548780651188,0.00901710491874711,0.03782579338226705,-477803.7513152183
1466,0.007850566207589593,0.03891512973755307,0.0399003927442293,-505465.0702118025
1467,0.03733004820275609,0.0009711394029370213,0.013656660630333679,-425804.3102587599
1468,0.023416887139590687,0.02977721893583979,0.045961104968452515,653791.5458055991
1469,0.018780298606435115,0.04375116593869771,0.008171464406841827,-615382.8324578255
1470,0.018564024375431348,0.00261410054106615,0.037124464552781115,-510314.9394108888
1471,0.007532637871645648,0.01285100078242289,0.03876166260966074,-750215.3059669858
1472,0.0267358358711355,0.0006986359709231283,0.00011176023736985675,-875411.7195382365
1473,0.025533031586994853,0.015247775687459742,0.009015572299758856,-385507.2027885604
1474,0.030679696885805546,0.011421823585871356,0.029610357484247396,-486004.79614097066
1475,0.018963297529313645,0.009337310883489486,0.006905236893437434,-739043.9769797075
1476,0.011843030156364405,0.0014916054006492542,0.015406348101813423,-690927.3258261991
1477,0.045097734509089715,0.04156810629415142,0.018600187835982947,-71960.16156269626
1478,0.028791680929090194,0.028368027950702923,0.04143687695968562,426512.02756544534
1479,0.011814505075848282,0.014819374439650618,0.015089271687280576,-743526.4148497117
1480,0.0020434994885837167,0.01573439316445961,0.04389568882940035,-1128358.724126944
1481,0.045599382378574055,0.00548176728842752,0.02290292708092157,-326953.0181198843
1482,0.019067445079381958,0.024467959831169395,0.02773597620293386,-96339.9625167076
1483,0.0010129380008873036,0.04211211239605804,0.04868320365866693,-902621.2491260767
1484,0.032670240600182116,0.03302261192466846,0.026398992891535425,412227.91637330916
1485,0.016713670585719088,0.007448891208976055,0.029203167134802532,-617434.4250056365
1486,0.0022470701754603527,0.0412251283845937,0.021045584973530776,-1380350.996413538
1487,0.020737711208098742,0.01635854292379529,0.04846769443492932,13145.823991576342
1488,0.008745847638535942,0.007565391073760558,0.008276575077251509,-1021662.2279118043
1489,0.032926374142538205,0.04959476593647992,0.011773758520087736,-300387.164377758
1490,0.04528086985337439,0.01393082796040862,0.03239499600626501,-316321.58867325255
1491,0.002024947596668386,0.02478269872880945,0.03272849831394909,-972600.9509149931
1492,0.02681598886113143,0.011891769244089558,0.04142484741339578,31544.452606445284
1493,0.04850682556191202,0.022959804784603268,0.031795963259462684,49741.741412825126
1494,0.03952066341727863,0.0120744530310897,0.043222519096439274,-236825.21203000462
1495,0.014010045265499878,0.038791540175761946,0.005604961621321103,-677351.2219224919
1496,0.014419335170708487,0.02668099669699339,0.02624610478521576,-652961.8905821342
1497,0.042521559224318314,0.04980636288193036,0.005360542293007031,-367527.6173959534
1498,0.013569406641251853,0.017879910511153792,0.023945920390500253,-580672.6119798475
1499,0.024695487157719954,0.04280975315742083,0.038527965139254994,529525.2176182729
1500,0.0009425789518976657,0.022751088029159396,0.03090369191220444,-1494519.5830958663
1501,0.023019779354651174,0.006532262801285116,0.01987370418453241,-423554.3181985736
1502,0.020582784756486807,0.009385796122487938,0.037815355723547675,-233411.7147076354
1503,0.01607003400712384,0.02944936452843081,0.025786509047938378,-389597.1007111889
1504,0.04387135396081944,0.0061007465931419095,0.005713150412673007,-598567.9367081509
1505,0.015015983456150789,0.021560748406291755,0.014927112437606978,-494967.18052958685
1506,0.03815935411976219,0.012263292155464983,0.0042387371386122365,-441741.76837851695
1507,0.020689990494207378,0.0386689644069242,0.04252809717933707,471984.2938815953
1508,0.03666724241816754,0.027894333924987205,0.036209585087458834,452746.6081574195
1509,0.03406947676519307,0.011718331624753043,0.02753794461015969,-290838.13995905034
1510,0.038530466631921605,0.01585603309375691,0.03269865733584657,82978.8379384508
1511,0.024074021375939926,0.025157942547251,0.004502751889107987,-698875.754525985
1512,0.03331085826526899,0.043284351767726006,0.00707156440129314,-493229.13334586564
1513,0.018305283110822468,0.0024333727420417506,0.0014815942988195552,-778318.40133242
1514,0.04948292483358719,0.024673575415319234,0.01777595093176232,-358289.12957988953
1515,0.013743853831250947,0.04900063224724796,0.012612539276084184,-574460.1845223164
1516,0.036285419786887166,0.01418790479029669,0.003524475267845956,-641510.3077648738
1517,0.034163830725897064,8.154238149324367e-05,0.033787425578028475,-479281.19654647406
1518,0.012518829949491156,0.03730521160357506,0.03848750836753247,82283.82311690177
1519,0.036205361940876896,0.0012241720733805195,0.03518683098218842,-678282.8960718954
1520,0.04950728070278816,0.012131268426281145,0.013711928611266928,-551676.5502504648
1521,0.040676327479026976,0.008019840252804028,0.03302918377522758,-283970.0837866431
1522,0.03775131887502892,0.001858033090967859,0.02768810471326131,-529070.7105816047
1523,0.028793862926794145,0.015172144869589711,0.043817233469875864,222531.43027421844
1524,0.00813748596499282,0.01820973547529303,0.04243343435736647,-589420.8372036915
1525,0.009532137830299625,0.04106870681638375,0.003953458868397786,-963603.3769831302
1526,0.024461453359499504,0.0037665331222851706,0.03389517925307572,-256590.34146891275
1527,0.03953007445278001,0.04249292741234015,0.049063112537199444,1143893.1729343545
1528,0.033600786114979346,0.03845309569200102,0.025287913916066468,401421.4878440599
1529,0.04563684505905631,0.03218791910997313,0.04417757031256717,626826.8978573249
1530,0.011772600850694044,0.024836889035903215,0.0364909460531902,-564533.2499729475
1531,0.010136087728134164,0.010566989663098915,0.04890213702028187,-747046.1125575156
1532,0.021730518036860304,0.009090772646188584,0.0165731940990753,-370419.52414643404
1533,0.01986880741329628,0.031154262873511057,0.04615073295238763,695003.9422352429
1534,0.049329503796104554,0.03258493794555563,0.03499611803988624,709315.8713199747
1535,0.016091458484829454,0.04285792977243746,0.010889916761015745,-519379.81282824016
1536,0.005319032465548379,0.048662799504882545,0.04320693384102661,-690765.2420725225
1537,0.015182256726906668,0.033758535819052464,0.023350917870659977,-297308.1008711775
1538,0.016156410307273546,0.014338710538014743,0.006801372261045324,-545558.3835916006
1539,0.02746590411379196,0.02232983450587539,0.025609321014997216,-112263.56433769614
1540,0.010767858373970225,0.04693053353866239,0.03192955981652708,-479819.6363669773
1541,0.044980032869166846,0.005463558301637772,0.03114254829280874,-264479.1935433691
1542,0.04247309093220806,0.016546038990723332,0.00975715845679932,-502220.6168213115
1543,0.013251065290280984,0.01364668633748995,0.02235994824617676,-573930.6768233438
1544,0.01629818013896658,0.013563703635399566,0.0324256149202569,-561066.4553264446
1545,0.002651618583594223,0.0170181889069865,0.03448759829702374,-1124910.3996705946
1546,0.008792487464050298,0.01104639311064562,0.010033331270645873,-908213.6492098131
1547,4.630533657024594e-05,0.02368838759157864,0.0019479394708061593,-1502320.2201878715
1548,0.013646990588745007,0.04974017122959858,0.045919810569514996,511688.0696039939
1549,0.01075379040781671,0.015500121595696637,0.023185229113427575,-969315.715284565
1550,0.04222067733296218,0.04013229706965456,0.006312071828314109,-613554.9324320856
1551,0.0062224424174176065,0.020836612694702234,0.043504769480688606,-946513.3842191234
1552,0.04410424995477512,0.00536829248432651,0.02871486439827758,-512711.0325297059
1553,0.007783759856255646,0.03430646550013914,0.04582166239644533,-332095.2016928488
1554,0.02273846462377968,0.004154138734602575,0.028962709794727277,-486948.4662767573
1555,0.020425833506792737,0.040544937616698015,0.017017223196319386,-106105.75419324859
1556,0.04374486002362946,0.013685020381739244,0.007875881794434297,-510856.9788475564
1557,0.015324018865928997,0.0017457895911373257,0.014062298343712067,-841286.8450929032
1558,0.033005881694101534,0.007114148927829617,0.005568248639329399,-471413.0679897716
1559,0.00661926456271752,0.0038775837130733183,0.04373177059214698,-923227.9317841136
1560,0.04720575577482641,0.002328057586439314,0.03800358907717702,-559337.4780934411
1561,0.036857587335859886,0.04984547123050202,0.01739353308605341,-36246.785919074435
1562,0.014275449584520811,0.022654106040491364,0.04282875885745953,-216103.57285008812
1563,0.036429682126894944,0.023581190698375137,0.01222814216429366,-478394.3967095344
1564,0.03635078706341856,0.04272634340210981,0.019997561553374545,155907.5213326902
1565,0.033429272291049215,0.02001060105882991,0.023924671907074244,66121.83475372789
1566,0.026245518997745684,0.0387862907011139,0.04887529920644656,929360.600953144
1567,0.02221830813191162,0.017115750312380298,0.018679550323619565,-197240.44662319333
1568,0.006694453468759082,0.014846936890886137,0.004322370663440311,-950060.4699992392
1569,0.02139471315896236,0.008367863465552445,0.017320337298720435,-513598.39931041276
1570,0.039678887469580315,0.012296382529456801,0.030594731067103448,-396734.70387553645
1571,0.04505907096243064,0.028346459351477345,0.009689630638620633,-381431.5485879062
1572,0.017238309698297715,0.029518460359203302,0.025330556987992678,-178854.5824384717
1573,0.00743099181384519,0.02233981723452845,0.02715333474551242,-841616.9923038395
1574,0.013366635722878623,0.0306222757669926,0.0035080049742604925,-569321.9461157487
1575,0.016830351678275842,0.04021384163887873,0.012964240045407771,-334771.7856596382
1576,0.030258842500153912,0.0205014856855156,0.01582300712076234,-39645.65281362966
1577,0.045806584395501344,0.017163085904019177,0.011833795074350917,-538342.3992490515
1578,0.04546506578201353,0.037297217796790745,0.03408998568490987,692512.5041969989
1579,0.0024767471033437906,0.006560248035788791,0.031916998190483145,-1364046.4436200154
1580,0.010471641826313011,0.011281899281517955,0.03895692576718054,-510409.3629617913
1581,0.014296247441847133,0.0035793651075958,0.0018215973654930552,-569811.5194070819
1582,0.02215889936226439,0.030856428884232304,0.043444261669590145,473303.0682174201
1583,0.005540219751631964,0.009833641314414816,0.026490030545373557,-1283239.0906225601
1584,0.018205418112098755,0.024126872562274734,0.04620623244921077,50875.09009186286
1585,0.027244582693234362,0.0207560305306038,0.049471995334987244,283131.5261421668
1586,0.0032607834949768158,0.0466056724185586,0.025083092103274154,-995542.2287662461
1587,0.025187816888356907,0.04609821671016046,0.025366198979653476,440705.1892268241
1588,0.02192035452650744,0.013624429605859951,0.03294083834087105,-418393.4977230099
1589,0.02848225454898808,0.010717271847389154,0.035470645753066236,-400517.142852906
1590,0.03220434286683203,0.01986669421032704,0.0002200460951775285,-628706.6078800923
1591,0.022329057508809386,0.0003029058565125864,0.0037499244649519927,-877305.7709466916
1592,0.021530495124041704,0.004095994209266385,0.013783271689358313,-696148.052919123
1593,0.032774568427948424,0.015430767130470951,0.04988242970607552,152416.14016704954
1594,0.04581510169574906,0.029265495229276184,0.04834735693174652,661947.9125713531
1595,0.0434008647216261,0.015944925942024353,0.03747981229926547,-222301.37103507033
1596,0.006841589200197368,0.034227571218937054,0.02455409132472902,-584135.3353457568
1597,0.0008412969626412359,0.013711491119518538,0.04776911087021243,-1633025.2485796402
1598,0.015791574254424037,0.009072722765072034,0.009376572328610416,-613916.4691652778
1599,0.023960663232097452,0.042132462033526746,0.037900088256667325,808210.1627601744
1600,0.02184260037688872,0.010436344171848029,0.0023032450051095553,-670048.4286914004
1601,0.023131515974136554,0.04073876742590959,0.036484099679715686,719309.9698450118
1602,0.020430038381362516,0.029735133595880016,0.021812326047310884,-153847.3721345509
1603,0.02895080548950889,0.02587526221967746,0.03404833000625795,266761.34173874126
1604,0.025385442176656198,0.04703054990837793,0.02140140907908431,100898.37264662841
1605,0.0007958151519855462,0.011818676770449227,0.0250303429053328,-1538515.1997279194
1606,0.0270285925944331,0.027619239465602675,0.03572760491350411,192420.93733469097
1607,0.013732407130876395,0.03324518395207386,0.03520161365596064,-55626.50658241404
1608,0.020564037631041317,0.020108454957316103,0.008946239282822488,-410094.2516066518
1609,0.02069936881276869,0.039340814585350624,0.0454486502774942,911080.8452631084
1610,0.02968065956589827,0.01496851716771494,0.03411448593298657,-138234.98069149491
1611,0.0370073104348002,0.01661063893903312,0.04132739307447734,-107029.51073012651
1612,0.0036847916069170043,0.0005376858800012763,0.00614853863160263,-1379212.3042505868
1613,0.007800417391375486,0.043946451647386066,0.021249085111064044,-625125.8632574743
1614,0.013746584598519086,0.02145375579934097,0.019742044635031614,-632539.5336164547
1615,0.01507308339940085,0.0068949791205982665,0.03279577309869403,-497645.07410856074
1616,0.006830220138982768,0.03877122263363372,0.010084400664022681,-984234.8649622664
1617,0.03656856535666558,0.04027930528477335,0.006266300488722537,-474169.07306985656
1618,0.004337288414400203,0.047478638532683,0.023152340337629036,-933234.3051356291
1619,0.03151177474864942,0.001163022006088388,0.013935509027816996,-499986.0217162912
1620,0.025269882727969314,0.0443109156694702,0.013571970878218815,-268410.6237336411
1621,0.03875956599293598,0.03311064641293509,0.005763538390287249,-523099.3076803775
1622,0.014668758639599828,0.011893201821930988,0.022126379378664275,-569403.673530737
1623,0.031766712152379216,0.021670987775425334,0.0122268287875903,-92127.17663538292
1624,0.034793938411413775,0.029223554735574492,0.025965695370784598,353122.75726538216
1625,0.02772097987229892,0.011095032314691179,0.03402155305462281,-139745.3096682211
1626,0.019375026776938416,0.018173390986500983,0.007486710413338527,-652784.0442687845
1627,0.029841866727522322,0.030133220527325328,0.01701503218332642,-79374.05730603704
1628,0.04299250284327671,0.04227289493577142,0.005452715324121566,-448220.73408296844
1629,0.03475191939049591,0.019691737809251115,0.04998574255314464,312580.5845090838
1630,0.01125118148423262,0.014026210270724471,0.022105314727786374,-584983.8194586326
1631,0.013435757434033158,0.03459966831932571,0.02404540560907403,-249491.40179827917
1632,0.01104394174247701,0.02531870347432813,0.04443938831825192,-446575.4645005982
1633,0.039619782342502644,0.024941446221341052,0.014424630157097384,-368990.6703815422
1634,0.008994323235126389,0.04391914385934478,0.03550834702493482,-505359.47572264425
1635,0.028608165157372925,0.04397173229768342,0.006084514368704475,-758120.7282492698
1636,0.034124464300103415,0.010835615620661598,0.00602887205079935,-557549.660793652
1637,0.02328042550034666,0.019369646488217686,0.04705868046625927,249059.0149648219
1638,0.01619897733759082,0.040745112952600124,0.03744135002341724,331249.7027494226
1639,0.033396193502926816,0.04602002364800298,0.020396229719067106,-71957.38913470093
1640,0.019483559299143284,0.008047371179075469,0.013788103774753459,-672079.446330849
1641,0.04398882280304354,0.0237191066455684,0.017067666109535525,-588800.353955021
1642,0.010805602754108558,0.024248012512180752,0.03583326852322644,-67779.69033714275
1643,0.01433460127285377,0.03788582604063271,0.031489388736245925,-83826.41286955272
1644,0.03937812812698521,0.012545481443745616,0.03155140723665227,-255496.76471269564
1645,0.007686763974442096,0.018189849108231838,0.03621800474214006,-811542.0224323885
1646,0.03158341927899679,0.009393036266876098,0.042917133604626456,-350240.46772838733
1647,0.002667549117259094,0.02976078442583248,0.04919102501158032,-1149646.8062838488
1648,0.02657523659213743,0.04003359099797104,0.02975904865945511,406427.7743844075
1649,0.03915441574614963,0.032779706767764365,0.034556600726876434,664342.201789444
1650,0.011390557554319204,0.037091045678645886,0.011895494333216539,-437491.0800267269
1651,0.04903201375712941,0.011389359548060236,0.011834200179882815,-529272.6439290852
1652,0.04293365602419321,0.012149293098140957,0.01804513967456415,-342953.76901782077
1653,0.035732008058951346,0.007937429009738163,0.007953587741375112,-371026.6417435642
1654,0.02431792116333095,0.012184837711636344,0.011782897778451679,-355803.0693434131
1655,0.00046194607092563404,0.018522479559897397,0.015912527730920164,-1782458.5661366936
1656,0.0015577905413335204,0.031061658910683177,0.0313327591001677,-1137307.4520988923
1657,0.0035400235886829446,0.015852078145472653,0.04364027659976989,-782232.6596778776
1658,0.02910835341222892,0.020598736200599394,0.023255096423204797,48859.252355102435
1659,0.010413999721790258,0.0405940750353964,0.04570023527254838,59814.02973440102
1660,0.04553320211250218,0.011196719584614984,0.015537013388822846,-397209.2706921442
1661,0.00803113874047684,0.015360056681615658,0.016640268606130017,-828503.7600223564
1662,0.031655286853231775,0.009482319077406232,0.04596984621838718,-172866.9402701338
1663,0.005154973504265498,0.0003439005517166527,0.04274725643152666,-1119099.9275072506
1664,0.03518849038830248,0.017767993517799924,0.0297749852955059,232633.5707946886
1665,0.01117720504196167,0.0084194824322688,0.023557456756936143,-922115.0640372724
1666,0.017659391486048042,0.030761502526764607,0.010907459228051575,-361335.8317562146
1667,0.03314638502803093,0.03834307601514066,0.008331807151423721,-528335.2077004556
1668,0.002192914170895799,0.02197936876506694,0.03870120429962186,-1218818.5337630976
1669,0.03253899177870714,0.03509408602072957,0.02014196699966842,284952.1185908609
1670,0.011747277262653495,0.026588942164230474,0.010218284687459845,-854506.0613582069
1671,0.03631143484925329,0.009848322797973853,0.014563163335717073,-415496.64567478263
1672,0.02532723891615027,0.024335496707174747,0.03004246882035147,-174757.09735943552
1673,0.02187223002499585,0.04597366542550457,0.04199670470985942,1054042.6778080764
1674,0.04395567256183192,0.03147582857017188,0.03175039579304032,460566.4460505883
1675,0.030459934185797434,0.021744207721072814,0.016105300053363133,42233.85863302047
1676,0.029600144372443515,0.0012765918569225155,0.0003728215711901517,-718618.1708438059
1677,0.04258209131483743,0.0023212022388811094,0.026239757516670903,-583238.37406298
1678,0.030749388147482255,0.009908561481121781,0.04478654191325742,-232139.9201456428
1679,0.009504788587418751,0.04422574936833373,0.03814951346665176,-226110.32130066399
1680,0.012037147676209697,0.007537208313804678,0.015811635509311757,-708736.9559370417
1681,0.019897528313513737,0.012289233824946172,0.04994457743772116,4812.675868353132
1682,0.011482616811979053,0.04153174134914285,0.00795588735452364,-406356.23792248836
1683,0.049012231263797376,0.011276172914154243,0.021084427739179613,-564240.8325367685
1684,0.027928203338395324,0.0060142857578046665,0.04084100337395507,-464592.80080562923
1685,0.013734276634041493,0.02746349508008319,0.027481690534662345,-555535.2471099981
1686,0.030132032616289252,0.0027742993262157346,0.008430938091578395,-630157.6282301063
1687,0.00805961214616821,0.015102562970792594,0.007245707842916994,-1108163.3267501895
1688,0.04609606603871449,0.025647722525565037,0.03117875738513422,79071.69578273172
1689,0.017874408769906043,0.013812307051695578,0.02515885851161065,-443140.9406701295
1690,0.01471614874174168,0.017182296286488215,0.02263754371354286,-496713.32689543045
1691,0.025286684359217777,0.04921570058909194,0.011166129408097025,13777.085851896098
1692,0.02439880824413236,0.0074755869744669474,0.01749996163539863,-250365.41952294688
1693,0.035865535935320214,0.008723107188028729,0.029067565377502158,-241268.27049168776
1694,0.02083505117840036,0.0025789772202236497,0.04665376207392223,-406710.56900409795
1695,0.020680157014644318,0.039196326787558314,0.020815674436590017,-324294.8215419398
1696,0.04686801607893923,0.014523516721444875,0.020611532484384843,-487338.43271876295
1697,0.03794321201296432,0.017183365764042845,0.01821785356675897,-366790.39382095844
1698,0.049741158670711175,0.0277807262845176,0.034469022683507405,75761.8415740963
1699,0.032173111707680495,0.04139620735782862,0.043091254972087156,753420.446315687
1700,0.02816280662351548,0.014727803748319968,0.0011400123787484728,-853148.3057887992
1701,0.03072016255321601,0.04127344166328098,0.022526990275582977,326300.668977961
1702,0.008235307024543215,0.014404103646782046,0.02549944647559323,-945477.3772291214
1703,0.04183406094888333,0.008587657303421032,0.030607493785475712,-290542.39160217304
1704,0.037668430697527275,0.046802376016741164,0.005835184583942971,-377665.99136319855
1705,0.04631958170822787,0.030073376758723975,0.0383350793716143,563546.7193549292
1706,0.002688735478427773,0.025307407782029757,0.03113148370403969,-1159130.3719586204
1707,0.01534169199364201,0.021582510405062635,0.027714906763979905,-546442.2600489862
1708,0.027627396988648995,0.002093076270341904,0.02197408832894462,-386932.71431493585
1709,0.010690907739611545,0.04583475390426749,0.048828999506166704,2353.1994033240403
1710,0.014982344817603455,0.008759269862552937,0.010975207547417154,-796816.2365120884
1711,0.023887612767647688,0.04372527995565892,0.025001810746881983,223159.2338350537
1712,0.0027696030857648824,0.0019942801356572005,0.01136954728114243,-1802896.375212427
1713,0.04213856388047144,0.0310740278767572,0.028147892689314575,117346.9848806829
1714,0.015948479629132106,0.04647127025230937,0.016558912248106624,-337789.32325213315
1715,0.04174722063264734,0.044795175898794205,0.024166750660806837,335622.6868188546
1716,0.04471446347403713,0.013840164369552356,0.03292167130916379,-169721.63548379918
1717,0.004398187426219314,0.023696710704619695,0.010866590107917396,-1299134.3234843595
1718,0.003138163896530144,0.0001862754038810366,0.01623760582204042,-1198574.9265889265
1719,0.029476529726838143,0.02276151738255787,0.015088464925974805,-153990.63775670945
1720,0.049560001538812556,0.04697625199898389,0.006282665341874844,-453204.6290061151
1721,0.02075537133342474,0.03244234669968054,0.03667453987649684,72318.52758403428
1722,0.01831860774547452,0.03731409063676738,0.006207500645533915,-612576.7206939368
1723,0.016590631262885236,0.03582165878779525,0.031284139513018755,-166055.7294984756
1724,0.04186051074308275,0.002342851133357754,0.008719585891152426,-564007.3682956238
1725,0.002424729113598323,0.009605711212460566,0.00021414053164675042,-1317612.183290788
1726,0.025210515083943313,0.026415719778412772,0.03289458907029974,11736.680961957463
1727,0.019245622360052173,0.00016038453425920032,0.03369455772038186,-728332.63318777
1728,0.002714554387395629,0.0433085215408872,0.001132699385396868,-1353997.893050596
1729,0.026523756162831626,0.04474589411927604,0.02862447878943901,568597.6917903493
1730,0.030420837327196498,0.03408054241687029,0.006120442386523351,-592304.4199352043
1731,0.033746355040527976,0.044017744100640764,0.048711041641765825,1280415.2769754136
1732,0.022152599967917352,0.017225242583877344,0.03766548077981585,-51816.164364810735
1733,0.02714371440476573,0.012865232722751524,0.008607894248485149,-547017.523928213
1734,0.008511515029637184,0.022958851830307603,0.008506220280782507,-922335.0063555306
1735,0.0009859472005742888,0.0026044387484845002,0.046494227197648286,-1254167.1843352423
1736,0.003648067058006788,0.0036590345290479775,0.02255942227667662,-1143926.4513510892
1737,0.012255014116751629,0.048134692608624886,0.045549291974890216,308578.26556588284
1738,0.020237162433563355,0.02243657597081296,0.018755682653778513,-409305.4174057673
1739,0.0018933058321564111,0.014642341962735434,0.0061336734805992055,-1401634.6561374457
1740,0.005118516500756138,0.028043078646819392,0.004938242885678113,-1038002.8419458633
1741,0.00514656618976318,0.02402568574096743,0.022114118256131937,-1180833.866933175
1742,0.006881739256618469,0.00022245124044315,0.009648722088392193,-1107021.0623666584
1743,0.011794612709102037,0.04001242218044338,0.045771917526360756,160877.7072038697
1744,0.02029721987439849,0.020251336325048892,0.03562406418799334,97887.71984507072
1745,0.03134610078523445,0.009207009334670458,0.005384456114793068,-468641.7473153651
1746,0.02188059453275254,0.02824141815813815,0.006935380157940463,-412918.51482067356
1747,0.014663674670422228,0.015297149821528744,0.013064910051208202,-504533.93560579204
1748,0.023038063314589553,0.03265317921598693,0.02546949418079962,140413.20303849067
1749,0.010072828112367212,0.005146952352369988,0.04109352314493502,-827740.8157943193
1750,0.023965234135889288,0.0031069592066938602,0.012906074982477901,-624972.9719828995
1751,0.040201688919207744,0.0375863162386775,0.04379083164486889,1034936.1014999849
1752,0.030104391300084604,0.021145296717902752,0.021331749877722534,-50001.452499189145
1753,0.009700002224647187,0.032539948075894096,0.029253437804642703,-387990.3631606896
1754,0.007743220571441795,0.04428314600226874,0.01842341016552985,-976484.6946066811
1755,0.002486938276053424,0.016394046038989193,0.04349283573557879,-1022868.5223217525
1756,0.045847829293089226,0.024519920862981676,0.0478169970036709,167970.40758514582
1757,0.043762090460598806,0.04126153585496127,0.0429855032341103,664274.9970288603
1758,0.019093770608441175,0.03782344703777718,0.028866950153807466,24528.02792928366
1759,0.03598420008701533,0.008889305379038731,0.0365696955887471,-286765.06421006285
1760,0.04787962170970859,0.015133166119071478,0.04930806619778136,-64680.06236838791
1761,0.018918800740268554,0.009986174851051645,0.00561431149001192,-679552.5467178379
1762,0.03924809566440889,0.02774127001882842,0.015356564683101443,-159891.01376889859
1763,0.030422518489687897,0.016605059392050238,0.022417887866422938,168087.3254639528
1764,0.04313320628765456,0.03340832384295824,0.038120091985235825,602952.0482920607
1765,0.029174677573478816,0.049569902444281055,0.012070503314544635,-97698.63023373911
1766,0.013114558035940738,0.004627946936916644,0.027700975103535527,-609486.1029802329
1767,0.030667961820418393,0.036298078644940994,0.016772296297463053,-30835.179955982767
1768,0.0006128400932513601,0.031611476854416,0.04993477462601914,-1284352.1346355383
1769,0.014727467689499625,0.009196722623450988,0.01408834789131766,-739135.1248947706
1770,0.02127077373885236,0.012545646447628234,0.017348001268376496,-395520.7809381427
1771,0.03191033692896813,0.017251399342130738,0.019802947239182734,-65472.19693436902
1772,0.0020015631399631973,0.04589712508114349,0.020344297995742684,-1114581.06088564
1773,0.016407175801739716,0.004324209812269226,0.03170916076975918,-492248.3567321443
1774,0.04319124751318775,0.0020576600026200155,0.007263623368301775,-504213.47720166337
1775,0.007319491444310367,0.030113742767389647,0.04606152513591844,-349776.5016485186
1776,0.02188841835327548,0.017190322409692534,0.03829203427983457,-90580.00931456985
1777,0.03712845308778257,0.012337806963860483,0.008041318115394302,-607493.800364731
1778,0.01789050162076782,0.038780169611331565,0.034753169495748915,158656.7712089208
1779,0.03329268531781026,0.0414714280081602,0.013856515617069687,-129465.47717170398
1780,0.016984186273475504,0.0021169725304587997,0.04343728879017667,-661988.4193553294
1781,0.029121486746108906,0.014906114594184667,0.0034708265724682774,-576801.9157972034
1782,0.03617047515812299,0.03743687597745306,0.03330893260575113,324327.69429098687
1783,0.010189048547336477,0.04566080292543025,0.03765790095104382,-87120.4388654656
1784,0.03288781617919852,0.03254719617108938,0.04521788500458206,657226.5477917269
1785,0.04641535665485619,0.029781870900512,0.02083347054812742,-274500.3634335776
1786,0.018186698977970813,0.04095394205403613,0.03223026699171668,114727.19516123219
1787,0.0038633015126826823,0.007109300650751361,0.04500929475524232,-1219926.294485695
1788,0.04422490740522505,0.04759162243487344,0.021392548366416186,-255034.4809314332
1789,0.03920304538203536,0.04141125136571608,0.015784845291909655,-352852.0775780963
1790,0.007266885561357112,0.04985131808195865,0.001510960187567495,-1222685.1590727188
1791,0.02986679593557215,0.032510613709085444,0.03408946709848242,369341.0511316321
1792,0.012781387198454487,0.03607896221494254,0.010819978164063278,-623573.1989744025
1793,0.04145191278758412,0.010955833704231727,0.034835301453803875,-351444.6598052312
1794,0.03917067429169879,0.009447287523109438,0.01189932438163014,-560422.6305951456
1795,0.038955186936718345,0.004299948581747643,0.009538047623333207,-750387.9439128668
1796,0.02277654530949576,0.04650909643723853,0.028093891744650525,321856.91818313225
1797,0.019383892410411274,0.04891851111112383,0.02318556531106443,444339.7768879515
1798,0.021686748684374105,0.020582215844386176,0.015609003630339813,-130769.85704125781
1799,0.01628474048687922,0.0343918529964749,0.002041779867094057,-872034.1790794819
1800,0.03409083628231595,0.010060224906293642,0.019210400160224645,-294878.929122023
1801,0.0073269486280166,0.02763755220362349,0.036467522247606986,-490236.9346406001
1802,0.017732778802818233,0.008170828877013148,0.011325279096558777,-594349.5723554636
1803,0.04090564592627863,0.013382436752992622,0.03873512965056136,-253568.97120143072
1804,0.016559970340310554,0.009436627717148129,0.03636542798137155,-338958.96173491376
1805,0.023427251473760336,0.0015638625637403203,0.04799712096721993,-506860.7272596445
1806,0.007387672253605371,0.01767034882265457,0.01923973174978537,-1141456.878251992
1807,0.024471494962920667,0.03927220111670854,0.00030451398375633823,-687973.8298395985
1808,0.046623602566803736,0.03229947301015056,0.04753244395744678,814250.9830207491
1809,0.04086947687082429,0.046391910904160845,0.030050027546783903,774088.0937150272
1810,0.017865449143858743,0.022145703155680187,0.032901615519205646,-74769.4611981807
1811,0.021346592988316815,0.036583639173389464,0.004592400804001479,-418239.63462087075
1812,0.04149933244924444,0.01020943198210021,0.04719738047623613,-231712.48617585542
1813,0.007777289996863396,0.006458209805119891,0.04059380552936964,-905493.8094929532
1814,0.040935091385150724,0.03693797099406237,0.04802652319523523,949558.1372539648
1815,0.013526981434270802,0.041332436949514384,0.017602026502171044,-246135.851574327
1816,0.026869931278467037,0.02228000148506644,0.0002925011336803618,-855276.7939059166
1817,0.02872310967695789,0.03737529438819765,0.008727619178763564,-252707.5252944902
1818,0.046582793094651874,0.02651997697092519,0.008912300157554676,-349472.5934246887
1819,0.03229737854584427,0.0095961354257672,0.003176667414766821,-592507.9080816669
1820,0.034265762120962114,0.005534744165274725,0.005310872418821767,-578946.7561528175
1821,0.03699717815909067,0.002760111660403558,0.040488458952397735,-504142.3140553098
1822,0.03980743793239139,0.007069671403888301,0.025919032363848446,-457440.5618264156
1823,0.004831274548447118,0.03162856098929936,0.0031465006485273286,-1153125.2041206243
1824,0.04722404281613737,0.010386536768479082,0.034144732797432256,-224005.83955572266
1825,0.006414571218855503,0.010479822416338824,0.022547482444168532,-924287.6124667032
1826,0.02865480706707581,0.04994316201958415,0.001296311404547207,-579190.0592136682
1827,1.5720982204348035e-05,0.0175183547357474,0.018307818390120995,-1329885.9651637378
1828,0.044191861804931586,0.045629127384865104,0.04402624881796594,1108919.4080546463
1829,0.0071589375243023895,0.020605241759053674,0.037294258114751164,-477904.94865391555
1830,0.01563055338921207,0.033161901425527565,0.011857143159554601,-588067.0151190932
1831,0.016170962898040403,0.043021482467424196,0.012525451804449757,-569786.3638890774
1832,0.048216204344243146,0.015312978046842347,0.0011764054911638678,-562811.286986496
1833,0.012745045190128524,0.008560247112171288,0.02534134831087749,-733646.3197399259
1834,0.005635803316393001,0.03130244386227048,0.04374495352782473,-637048.150835911
1835,0.018125944090186787,0.008424635965270223,0.02000124978922065,-727078.4012319634
1836,0.039298341072531356,0.02957438370397978,0.0050571606663801566,-651006.2999222737
1837,0.02685935771635167,0.023404269072779663,0.016355612801058073,-50274.27453380329
1838,0.005508029802666165,0.04905559678101375,0.008802165994662782,-1081097.2248352482
1839,0.009637144539537274,0.007279134605111793,0.02850965193494691,-667384.2490511597
1840,0.022183478724135022,0.0124778591013278,0.02147116915107641,-364785.8898098321
1841,0.033676092553085894,0.01408502657493151,0.04576228880151902,36463.1319092405
1842,0.015317311858885291,0.009908951541142665,0.04772839234364073,-458602.2375876612
1843,0.040528030505908974,0.017156881242173277,0.0420715925571938,53103.55631917577
1844,0.02594071245769,0.01733762491305314,0.04198057947696072,-33962.39695148154
1845,0.03760825334322202,0.014893742132155292,0.03033392576289869,-205789.44135920645
1846,0.018469511175989863,5.259862801940685e-05,0.04809078707001397,-484484.09338369383
1847,0.027481453803641837,0.029921630083289158,0.02999457128386475,332897.4673573039
1848,0.02753207304097014,0.014502392238679674,0.04857880624540281,339727.413767586
1849,0.031083420625764246,0.03354606802769807,0.022739637865852494,116872.13004348209
1850,0.014393070024539129,0.0032174491087464674,0.017511509828394313,-705987.5959676262
1851,0.008804871463419605,0.03310441341285059,0.04395019424013597,-414034.89359096065
1852,0.015137742912282615,0.016644131270702328,0.03351822519145058,-391349.3029543508
1853,0.007463571712061818,0.04647187133388496,0.018192339051274153,-651588.3064833925
1854,0.005059972296338733,0.008734200246032076,0.046637303800372905,-991074.0771163717
1855,0.012355964418451,0.03311344019156432,0.007808261176913256,-717062.9549209669
1856,0.009705084617438887,0.04396191094499888,0.007401661005128091,-641748.5628855819
1857,0.0009375293368139581,0.025061659476313815,0.043136340663146734,-1267088.2481883771
1858,0.016299552270781236,0.0064081135322855256,0.049111541478281895,-304849.75502418797
1859,0.033836931474470665,0.042534531597407825,0.03760691361644619,1009532.4803941847
1860,0.034912113699459506,0.019228203356546014,0.01621699966018197,-342373.5508348104
1861,0.035847929794723704,0.03583565040886151,0.04752941920245467,1088808.463327486
1862,0.02843299089241612,0.014731055289383677,0.024476439966523874,-118952.408040322
1863,0.03068569083629596,0.021336489978845626,0.03955665616797741,168923.7229396506
1864,0.029230660610791888,0.0004717863813825274,0.028491994411600427,-681960.3816137796
1865,0.03168018929709305,0.045763062577203535,0.020686083683209427,47619.480209887566
1866,0.02872338296356792,0.023749872535718697,0.026582821423444272,53144.03550647537
1867,0.003365203533449823,0.04486418337665508,0.04552061699158128,-678121.4498692583
1868,0.027402980492131634,0.02782777578604728,0.002877801797197727,-643021.153679482
1869,0.02989752565598784,0.021457589493958124,0.035452181511721866,-119306.917053942
1870,0.0023562458297786194,0.03554438413647449,0.014344691191615695,-1310830.5536479733
1871,0.0325852665226554,0.03135629876560615,0.011342074231611626,-251543.24382321857
1872,0.022022617260813337,0.04178166295266623,0.030279582179738695,300740.57921846694
1873,0.0034369150989205736,0.022145441566041486,0.015588572938895852,-1236146.803868935
1874,0.03208228394558164,0.03072819706476304,0.0005199050755070267,-710291.8933784841
1875,0.03038477547092315,0.03674248269924684,0.03843650162007878,662166.7996287072
1876,0.002948788519498058,0.01518292085549345,0.021063678027576194,-959169.2363026909
1877,0.00898858538974559,0.021036693558250493,0.003556476791279617,-733563.2622111383
1878,0.005660864150352579,0.033434738142170975,0.01312862305800775,-852858.4265233822
1879,0.03557029237397862,0.0024054264008333995,0.028135152652175144,-473157.16351619945
1880,0.019572433179342014,0.039848569595773264,0.039197579010278094,638472.5165971838
1881,0.01877798212287541,0.03113570070438572,0.011377443440974406,-283062.76372131414
1882,0.02902034180902101,0.004063234697376123,0.021730214205930506,-519732.58362833393
1883,0.009136384076905457,0.044169059104576136,0.02224504089834159,-535123.963112661
1884,0.029538687431876744,0.01801909301650052,0.014437051761990144,-260691.89913980087
1885,0.01014598915307668,0.045593579133350985,0.039973289121347635,41053.96175206371
1886,0.0066630572215515445,0.037336243814589914,0.02092653885183266,-815165.0605167563
1887,0.0007698327480284928,0.026418366018811104,0.006502322004243305,-1578545.5316401976
1888,0.010496715654679734,0.03480204807120465,0.012857101857059806,-676862.5994087908
1889,0.044594410092090836,0.0328584879212085,0.04161417424554045,728280.2103619465
1890,0.030759476916509206,0.043442479551100796,0.01808423375110751,98041.41912465535
1891,0.02745702884427899,0.025794520022216678,0.04518953540389853,446130.3960524569
1892,0.008245770430430677,0.02890303815933462,0.03772155971134902,-356865.09171104257
1893,0.018502488026683018,0.04337907623079882,0.018650738353886705,-203376.97896700937
1894,0.008665437994795805,0.02920241777025159,0.021028400501865625,-858880.707140402
1895,0.0007595052341002273,0.003491929624675161,0.009763859010329501,-1472103.0122747256
1896,0.03846649797590762,0.04460197580168742,0.027282043700711123,594791.002147305
1897,0.005278273125706174,0.026720947612092302,0.04278027302984725,-613132.1601826622
1898,0.03747388145612948,0.014554908184868749,0.0061945304644178915,-514407.48649435525
1899,0.04503408498811215,0.042704437331610556,0.00268576825726129,-566092.9183609575
1900,0.041183724491228216,0.004860631889246975,0.003164181670101851,-616929.8478634366
1901,0.037930044857312974,0.026815531096247902,0.020727401204515945,116979.3445853798
1902,0.0451931097988011,0.04196517860338769,0.0028811735773528304,-572079.4719107049
1903,0.03080436209705862,0.03861337016037292,0.027524528988747604,366530.5579115373
1904,0.049150274953809414,0.03430237523237741,0.005207150634851266,-364261.8760664989
1905,0.009914900599997674,0.0413122810599731,0.049837833657215,50574.84905155893
1906,0.004916963343619485,0.00501646589225242,0.03816935270716418,-1022297.0156312998
1907,0.0032177140858269783,0.0034280058032423733,0.04444082415048313,-1245773.2101295786
1908,0.04002249061592255,0.04407815999321912,0.032525670106637684,783835.8058261458
1909,0.016126821096942922,0.04531565951663956,0.014936176248721589,-269006.1737797699
1910,0.013775541972742467,0.044320020959638565,0.034041129624660396,112536.81779035805
1911,0.04478360423546214,0.00779506446269862,0.04761483988828157,-343340.6492511737
1912,0.030637107835016355,0.033401752204671384,0.04570302901632258,359316.85814572807
1913,0.019037648734731433,0.03597874973479311,0.0320170310562242,58437.718587363044
1914,0.03938763594329801,0.044847139591665364,0.03400304277150473,653691.3818246113
1915,0.0033819777251532183,0.009157017292489012,0.047698909113354206,-1263672.7276381536
1916,0.04843252366886131,0.04837066568491813,0.0018399700200058989,-481281.64621740516
1917,0.019122408397470914,0.037983635199399804,0.037644290182891546,557999.2929602009
1918,0.004295445247497926,0.030474444354475952,0.007143480927042873,-1245705.751029235
1919,0.024660466643389667,0.011984285042056076,0.002658058586736384,-622815.4371521092
1920,0.004000971276330478,0.045544647486495414,0.0372322982100767,-587552.7455958117
1921,0.04659119908864753,0.023499496616677634,0.020664624947640216,-281864.8970696876
1922,0.017920364625104778,0.0308153548026045,0.01757796934856668,-281808.15706610697
1923,0.03731366169910031,0.04006586631079311,0.043792229671469056,760896.9025161966
1924,0.012140046512263865,0.026351102464618772,0.011172230836491943,-720101.2834217987
1925,0.001877791171017057,0.03539126520849189,0.027449063696756232,-1187344.9222353832
1926,0.03619636397765418,0.0043811455703268555,0.0497763089530971,-395407.6075059768
1927,0.0497174283473516,0.023249991275175637,0.04330293575919181,-54911.80357995016
1928,0.012178427790277842,0.03687830806116485,0.04396129284067829,405083.81281995616
1929,0.040733313304038926,0.04058870391205788,0.023151331604443257,346632.35004471283
1930,0.04099949738893864,0.03453524065106502,0.006622569907210218,-511967.1629857203
1931,0.005709220203226006,0.038596106796732,0.031273204438646195,-713275.3090334018
1932,0.025968805859568872,0.045363089542441414,0.03297951784356093,819608.0481568656
1933,0.01980733725441501,0.020696590408809192,0.03026221804087925,-205787.28524652374
1934,0.038013764234317425,0.028217665347456206,0.025438044110958985,407632.0490121892
1935,0.03634503513270909,0.035263227495351816,0.041517342030678056,811575.3091895416
1936,0.0031275893138647207,0.03774760660409895,0.0256880225475845,-1068741.270855546
1937,0.0037346560016575936,0.03395050140847599,0.03582700970009714,-1022260.719347897
1938,0.026181358477234226,0.03968994888248814,0.015012405431465077,-254158.29171716093
1939,0.010095360926571807,0.017536697587163926,0.020502525664798876,-750338.2340331574
1940,0.03479668012010844,0.042275996893911386,0.036045909503933826,749842.8061609443
1941,0.008699377953480076,0.01831085424001287,0.0079206856723889,-1071105.7313402533
1942,0.034336209977902564,0.012408593910844708,0.02626934664259234,-264569.9600780348
1943,0.03959149215973422,0.03354696374608076,0.014918699533256636,-422263.87606186693
1944,0.016643337530817044,0.032668214330151595,0.027473387466997207,-198545.62760199833
1945,0.00481967437350222,0.04369957946367731,0.025630662402681432,-771270.1046363034
1946,0.02366805065987327,0.009921966831613116,0.018849690948526867,-255548.7816648821
1947,0.016641243115754958,0.013536784141471343,0.02837032873233866,-618893.790170758
1948,0.023113768014014102,0.044459884265733364,0.04706719885235805,1356019.9887655624
1949,0.010973671461404544,0.005005271438360526,0.039266877574387474,-903866.9655719227
1950,0.04974307018193045,0.04318000349270771,0.0011848701059367361,-452125.3163427698
1951,0.012563177535323301,0.002167113852063196,0.04103896885205833,-690202.749553028
1952,0.029070348814615815,0.025685927058352695,0.02772249409982638,85127.85319862081
1953,0.012622562934829558,0.030081918456943142,0.0015333489232014998,-693878.6965088827
1954,0.03230058619854198,0.03672169150894154,0.03365131318559136,229611.09794431287
1955,0.016605875915611013,0.04131314575637714,0.0357771998558741,262338.1043388344
1956,0.006414866146213893,0.009757211026915753,0.031855420658911934,-1054054.6233503842
1957,0.014470806677801307,0.0059716470723118475,0.007748449657494611,-809972.1370535853
1958,0.008280859027020032,0.02388954534091911,0.030369272671474868,-652805.590854208
1959,0.008820113742720749,0.03562483051816106,0.014050630375076423,-638549.1456278916
1960,0.015577906919698042,0.01117493105370538,0.039260306797159555,-553093.8805825578
1961,0.04799069164684386,0.024624992433904636,0.00210153207159961,-471071.12692231976
1962,0.013028465821273795,0.007902514555942304,0.042138114242600895,-528019.1050516232
1963,0.004242699371660258,0.04832381203441919,0.0294256888312313,-910356.5568263233
1964,0.025886989353708163,0.04236753112095934,0.001377381064572808,-592521.6947252692
1965,0.03885763747035048,0.005830202278425828,0.04203890494702161,-260534.4441819277
1966,0.026458810961893092,0.0030564701180045895,0.041662251940066224,-451099.2705566321
1967,0.0013657058535625822,0.006918534644680174,0.03989122619133145,-1456311.5024482778
1968,0.02324355619289455,0.04406943521774169,0.03177146363955418,548952.3764850998
1969,0.0311764377185204,0.014611755306600744,0.006684026177586677,-632232.9306531266
1970,0.04805861954483413,0.005239884457169758,0.02645053000367838,-553226.5595356855
1971,0.013628429541739012,0.013207033179072736,0.029729310965140657,-692377.1138273253
1972,0.03989670585894345,0.03885897414156394,0.043440084459677675,814428.1385569458
1973,0.014645136895618355,0.02328756908575369,0.0004667286610012478,-815273.4570988807
1974,0.037342881156818275,0.015117155607114153,0.028074676663509324,-290540.257698024
1975,0.008465014100972534,0.040969975356716426,0.04086361096391389,-157513.09824051498
1976,0.04387264573764778,0.002296849855336142,0.049622935488750686,-467877.9262028396
1977,0.012388970721984728,0.015471684302367473,0.012466786459522306,-552618.1699967672
1978,0.01337663491832662,0.027633067805182335,0.011990527215188979,-596867.948074652
1979,0.01968856557002024,0.03278032912216077,0.041801310178886344,431601.85538521665
1980,0.034637075013343975,0.029716142239366163,0.007386428127053435,-562709.00388889
1981,0.04080578007706413,0.0018637443996519345,0.013209583161765105,-480298.4264555317
1982,0.00285294584659806,0.03337144877922313,0.018418554129675725,-1263373.6534115302
1983,0.03260242416024334,0.017351547965179515,0.02278703653997471,-117181.09556053193
1984,0.022898050508309044,0.00227903268337723,0.02151132631730018,-573390.9685912577
1985,0.032053218155760135,0.027302612303771692,0.003764188313914363,-483177.7493017736
1986,0.033402799284337446,0.015443137745763048,0.0007217401389511048,-651173.6885756358
1987,0.0077797778542122616,0.024877982865827975,0.015520082951503434,-1033115.2058596754
1988,0.034719150687677544,0.012032673778288223,0.038639808423758436,-197668.50985163823
1989,0.014323859069698998,0.031043185379220784,0.03996081901255901,126464.31941451046
1990,0.019277806432187447,0.002340247090773523,0.026772276052944046,-821140.0879435046
1991,0.04977045307722502,0.048449593318845685,0.011051109697208412,-99354.06840980503
1992,0.03778482547121262,0.017247591591003298,0.008013624009154575,-715514.6858356912
1993,0.03329573503012467,0.02504343647633845,0.026961527882783866,184470.56624773663
1994,0.041369633111775425,0.016827183794371155,0.03335473797778315,-120321.91537176391
1995,0.018309573348131266,0.0021361948290214597,0.018900755366817446,-670052.5066142342
1996,0.04750172316020673,0.024163124104420855,0.005411521841843409,-398363.5652512958
1997,0.034391341468811294,0.04816896748592606,0.04539726232721286,1083358.033907364
1998,0.028598041890406933,0.01881403721742656,0.029033883425462023,-11704.896695802003
1999,0.040796553109962476,0.04306186710092272,0.04094219424712206,1036101.6228783134
2000,0.022773818922086887,0.005942899478511499,0.02845867133693882,-542193.8816778654
2001,0.007821441401668261,0.0030479166948927995,0.024933391671443046,-1144945.3965118893
2002,0.0327686725023314,0.04270736532031966,0.03914177769771518,949273.8031098051
2003,0.042862025637827414,0.03800343854104453,0.03516196984530697,808155.0888001285
2004,0.0005068784570349816,0.03130511559046053,0.006024090206955885,-1636094.7365481625
2005,0.002933356616627053,0.00782060760528277,0.041164608072087515,-1310697.944768759
2006,0.03719246965500107,0.04743862026026062,0.04894881293252053,1196501.886071538
2007,0.04466419931869911,0.006646302548849958,0.04391913704624902,-360376.7099447396
2008,0.04193185673943227,0.04355429299298487,0.0075842808558245715,-452090.78698565764
2009,0.005839591388665877,0.046190443979204084,0.008691332456725227,-1222668.1136606452
2010,0.01843108655213006,0.022799242474703014,0.006222126391478223,-620487.9819755822
2011,0.0010317144016273704,0.04970452348835581,0.04383286224174806,-955687.8309815205
2012,0.045616896467531864,0.014228153463605925,0.011005078637271954,-537241.8599931019
2013,0.021293327908771333,0.022665968448900342,0.0002799719432120318,-693721.4092491289
2014,0.038962655627991644,0.049833351907100865,0.02643454350510447,417826.0379516829
2015,0.019412934750622564,0.019637594661060166,0.004803856608605034,-489313.0379615098
2016,0.013308090918200588,0.02510663943173156,0.021592400056734868,-612691.8986687965
2017,0.02725173728715551,0.04245328243187033,0.0112621151349806,-203667.98609381766
2018,0.0013832090453155977,0.0019112722641370372,0.006708440265342919,-1640478.8438372354
2019,0.028524149240220127,0.04040924050189624,0.04434029696403158,732616.6036389126
2020,0.03175566009874856,0.020157162622544675,0.007725735407807372,-529563.9635257695
2021,0.020070916972173954,0.016620756695389177,0.04350129404285689,-162300.08367991986
2022,0.024335968870530363,0.011309794997726441,0.014440053340788996,-411597.9190427413
2023,0.006823508227134451,0.045929272453456564,0.0025172923118234273,-1321590.7591763032
2024,0.0006423124277947112,0.009149446676343436,0.04054370089553129,-1440200.97230496
2025,0.026173339331554066,0.031292164368849316,0.01788658377078674,-101057.8706163067
2026,0.003433899277458502,0.04280790812460841,0.009594713606270372,-1238255.3124610067
2027,0.0016529600272557343,0.028635206796659686,0.004164461019230054,-1440681.0977704327
2028,0.004788092592991711,0.04001885157412626,0.024580479465899776,-865868.7727610606
2029,0.012075422612357152,0.01743132116797594,0.03646204894215858,-212395.5815630419
2030,0.003317707237830092,0.005824030796660495,0.030813101749528483,-1101247.882568076
2031,0.030348586723355366,0.048623109226768595,0.018727474062772483,196908.12654052305
2032,0.0032538813588757934,0.026876871742481396,0.03191734058808952,-1069456.3791313043
2033,0.006980139289312454,0.027643098676759837,0.009888356082913231,-909419.4830069062
2034,0.042236502894053424,0.04175807478919149,0.02148145479992209,-121606.96693355794
2035,0.0483371595256402,0.048988693722487084,0.006462554447380975,-432878.93783843116
2036,0.01838569024162338,0.030016073502332232,0.004241890479072219,-563898.3057095632
2037,0.019132775190706854,0.013058604200829538,0.04760251104833521,-314421.24871583766
2038,0.020579291141573527,0.03813354292737563,0.01933526817560869,91384.70566342903
2039,0.006590603520941774,0.043157576508042375,2.0845845155192946e-05,-1169258.4139275204
2040,0.0027970436987225012,0.01821922029485216,0.03434491277593683,-878114.0273341365
2041,0.017085214764538788,0.003315640881048748,0.01589200168670744,-656868.0983354946
2042,0.012249042949508116,0.0002709899909098978,0.026740095659020094,-1050284.9362382786
2043,0.0058322957372093035,0.014374814439833307,0.032059491511120725,-716243.5955547794
2044,0.03625578444114886,0.013172781342801127,0.0164596835532617,-610055.3660526533
2045,0.012345461906373263,0.0478444300158096,0.009525986349370142,-589478.959392741
2046,0.009159030181683814,0.022251764791576603,0.009465317960028459,-831970.776403427
2047,0.007835422814280407,0.004793976885054275,0.03200856240541247,-1006849.7842226621
2048,0.030604112745094805,0.032508144593898315,0.038665000400469815,574709.4479644411
2049,0.01631790063962879,0.04592118668059608,0.036660230553437805,527823.2295302888
2050,0.04023542942905935,0.03604810819133556,0.01792278227162809,-51228.00603837898
2051,0.014151624403131747,0.02112585347895071,0.004851518026667923,-770355.8599864119
2052,0.022564025078297356,0.002157049154761992,0.00019729800135972477,-1093084.8505386554
2053,0.04657494697373464,0.03446684302939464,0.02809234735329845,356414.7285821223
2054,0.017055101971152894,0.028526900734253707,0.04457878881691659,266430.78503741726
2055,0.03261900669719323,0.030124099897675213,0.023010225148583904,106464.88994489715
2056,0.0172848515325429,0.03492735569608559,0.04904904705079072,480700.95013735566
2057,0.02123788467602951,0.01961026020071004,0.021405673618252127,-236463.4047400962
2058,0.021277198402486076,0.04953123866842476,0.03533891287546703,664385.9333784035
2059,0.017959222460529584,0.01857511869133613,0.021539846237202787,-788056.8909564115
2060,0.0018356093790224848,0.0263908201010625,0.04056904757613824,-1074614.0992675484
2061,0.03302838966037553,0.00992104233807708,0.0364017120689185,-322210.4623037683
2062,0.035972930316601516,0.013126960782449855,0.031143732842846758,-282143.65780961
2063,0.03054745165609681,0.04198938119280908,0.006803615591672064,-396103.78420751274
2064,0.009741925225576138,0.02429847518839026,0.0022072574446153517,-928594.5103440321
2065,0.02077970988008533,0.039410952099986164,0.007435719699199911,-432989.9594380316
2066,0.022997436846826244,0.049488461669122234,0.02529600067124322,649394.9305515344
2067,0.024916191206104527,0.027939679186208405,0.00930021851663706,-206052.32650121851
2068,0.007358194134297214,0.033867731455755425,0.01978834049528851,-788337.7219886746
2069,0.014495331410773788,0.0015695809959948793,0.04230252485892413,-684080.6323493875
2070,0.0016164432922416373,0.03749915620416597,0.01909942794992905,-1500038.6641227847
2071,0.02993439052523251,0.012383900034508117,0.007769983311603657,-592076.299830671
2072,0.026669400041747372,0.03478088474770718,0.009774664747257328,-157576.7854436342
2073,0.02181794737162821,0.022232748514569786,0.010798957453973142,-211614.43206149887
2074,0.028252472312606552,0.007296784339085033,0.025487458665929004,-417590.01748017763
2075,0.005671575568299975,0.024277120442756872,0.015579952743777842,-994886.7668701592
2076,0.022612314604076752,0.02168746797215871,0.04539665614092964,9301.425287499407
2077,0.02449677999782314,0.04092494519384372,0.011282619645585763,-193600.2036985618
2078,0.01760413973171294,0.0037544690316595464,0.02103738974107468,-769799.2873305855
2079,0.03343499435374655,0.04190835170546981,0.02829574558995776,308046.1521492402
2080,0.032003633479653924,0.008863353880847408,0.0018603019116719688,-706338.9737438096
2081,0.039584407258865806,0.00835191037206432,0.004558476776637621,-737601.6022027497
2082,0.046878116045329765,0.04817606820295883,0.030812864580124735,628292.2061764495
2083,0.018931863634364672,0.0416619770482026,0.010235997966770622,-390624.55874450854
2084,0.021469616371484097,0.017850864950030087,0.04563499953708408,9637.909687633848
2085,0.045988870768113685,0.03254429631618332,0.0055370070136345935,-649856.184353776
2086,0.024109639482915127,0.012266418311202837,0.044245783159224096,-27206.410441107142
2087,0.006920139950810095,0.002715513793035368,0.035221451677503915,-1052700.9492514564
2088,0.022664303748407645,0.04191824438015423,0.003731481558465588,-582986.4696838649
2089,0.040053806630392125,0.0018667376422079164,0.0014035005956978487,-597955.1198472574
2090,0.023065787586551485,0.01106456448403259,0.029685935350326532,-305618.44341265847
2091,0.0012908497105735218,0.0017694771181489266,0.03635742480859702,-1118518.6299561742
2092,0.010508258124615583,0.03282085618303668,0.03749610807503793,-386054.5484366727
2093,0.002966558286248372,0.038487697723211964,0.013421060898064302,-1480387.3067161727
2094,0.019477297909987413,0.004331959614765834,0.04193149916824264,-535960.1909950023
2095,0.0280364393162882,0.02523326389235861,0.048427740545137786,150284.85966289733
2096,0.01672528799703354,0.044538964323834807,0.035984394053230215,384566.7250296053
2097,0.04642640679261195,0.04539010263812299,0.04955149025130348,1320122.0812163814
2098,0.006583837601857878,0.039800819604579755,0.04022471774737516,-459318.0852564737
2099,0.03221867640892434,0.013943047911910101,0.048257413581415755,-105726.94338548787
2100,0.01022110689451048,0.024978768917921952,0.026074355640959314,-612928.1154052785
2101,0.008091467241801943,0.03612644111666204,0.004443358209011989,-867606.6573803069
2102,0.03465488894233555,0.04243077481453185,0.01746982125411998,36047.3239644108
2103,0.035471040429960014,0.00783870040739249,0.04229745007264393,-284573.65027899324
2104,0.047601584927661235,0.007634684674988845,0.03459297369861661,-383362.954228916
2105,0.02529155482782629,0.026574966591618933,0.03532448593003441,21276.459919163157
2106,0.024437024966821864,0.03001631960088584,0.01154505097056886,-636501.4673703323
2107,0.018925329824431514,0.043262017503575105,0.00549512558241928,-599107.281198967
2108,0.029878763046681994,0.009214353111744511,0.0423269798961686,-184974.530458427
2109,0.02895219769267749,0.020152439133513556,0.012491233682590898,-363164.6744992438
2110,0.021842234959481722,0.047880616296087114,0.02546046448718103,429230.19904534303
2111,0.02347447658499301,0.03731369067501546,0.018952353541595336,118276.64397229871
2112,0.021371197494039703,0.016847386578580953,0.00754598776646957,-504167.49214268354
2113,0.035690460710132536,0.04365154569418119,0.045279632462138286,1180022.4155631058
2114,0.04404014690188898,0.022589190121899645,0.014203309610159816,-388953.34939772036
2115,0.03189618748004117,0.04773524559530159,0.03635253240843025,944972.5981549021
2116,0.024742428079507828,0.03444042872567241,0.03862689562271985,271202.78369662806
2117,0.04596346306640354,0.03816078769860771,0.02165952778179528,-33388.914135898136
2118,0.013680325923274207,0.024994083236479565,0.01640889723027359,-600042.2326043998
2119,0.0471382296343907,0.025398292172498112,0.023602816798200418,-219268.05887523186
2120,0.017409810907743146,0.03197034951458002,0.02600256393104739,-133881.5899041304
2121,0.006452446144912827,0.04346039054152473,0.017950641607189923,-911426.12681168
2122,0.02162892149790771,0.010283352833178955,0.02766991038089446,-501167.168780857
2123,0.03510275312142915,0.04405826603129698,0.002580383248613133,-712263.676123928
2124,0.04866659548496892,0.03519088710101784,0.01421493422057587,-418375.3227085604
2125,0.010223737750698304,0.014804395932729898,0.04378628758332212,-366568.41873282706
2126,0.01456950865979752,0.02314105672786179,0.03528690271211163,-202743.17849721023
2127,0.04359949318619428,0.03292855811730521,0.03765545982672114,645724.8296927337
2128,0.00866633981479778,0.043870391384556943,0.013785959180905534,-793618.5081675802
2129,0.006418908202825785,0.048812214517033464,0.01008199627270805,-968832.9954417679
2130,0.006832598503898824,0.03130104500508933,0.015943157474804764,-895969.2171149077
2131,0.006667460259024666,0.030056055860793802,0.03794926136111178,-525566.7406418803
2132,0.03965991871035783,0.00777563005061362,0.027843353396997114,-365489.94238391484
2133,0.040683918534073035,0.008054350571209262,0.010384112588533745,-467540.437549147
2134,0.000120569871583881,0.026231707819764406,0.009734084843097547,-1422854.9532527751
2135,0.03621212878634496,0.04811069278088029,0.010437774449953514,-490038.82411067217
2136,0.03245485058817663,0.01059172307292557,0.0009003429489852,-533985.183760099
2137,0.03792770971072924,0.021700233832544644,0.047339343075732655,122546.48004365269
2138,0.02671429410717028,0.0078741434487842,0.022488722089863897,-352565.5885013465
2139,0.010144589740300825,0.04390146363432873,0.03454515904437624,26725.327955733803
2140,0.01706194023273518,0.02639101614035702,0.03347400941065142,-173863.32833235606
2141,0.03914288583227127,0.004007360493527084,0.0011259420997623392,-693421.1862968723
2142,0.0057226348584944915,0.01974981550862815,0.023335330504104603,-866067.9336708334
2143,0.00682308151069242,0.020557656894980264,0.022081139318091525,-986823.9301786844
2144,0.0054544981838743345,0.045832998009786706,0.02995729637938538,-658241.0430181812
2145,0.019426776522814104,0.025345359173610332,0.01570987432344034,-170864.6603248142
2146,0.04271655158222965,0.028750752078425187,0.024744790719677175,361350.1625968249
2147,0.04554427015477988,0.04189898491170339,0.04064009457129247,1161432.7180655939
2148,0.011280460211592208,0.007656155573417839,0.03450482598563739,-711274.8105035587
2149,0.023432112817069795,0.03418563564784218,0.03803136160555582,230828.75616396285
2150,0.014765675367237547,0.014232521656140435,0.024541578312909186,-622322.8172106029
2151,0.01367746567632487,0.03336476380080998,0.03733652229403584,-297003.30751141754
2152,0.02360194730266222,0.03618998827993216,0.025521878453538812,55387.0385231214
2153,0.035643586098350465,0.011248412389786267,0.0369421522966521,-474995.03580318444
2154,0.03575620117285089,0.013330285352458882,0.02779854955200875,-125778.62065853688
2155,0.04276558339372008,0.01247613234862195,0.036798989200733816,-343180.3080598166
2156,0.04769833585734436,0.043312095987878246,0.02007600413401381,-122606.60684961178
2157,0.030360386649406924,0.0495885067126352,0.028421870568785923,909447.9606321267
2158,0.00575138012151833,0.0022715377389380454,0.03951572548720142,-993467.2262873766
2159,0.021181416270092308,0.012340644531459721,0.01738360153304735,-359722.245259532
2160,0.03786864332732262,0.023262366781691458,0.04342497462629383,347243.97176565
2161,0.03674627943888497,0.04870070752227126,0.04442518833949217,1293887.259785717
2162,0.012727360589300457,0.03295296164012767,0.001027151726407194,-806618.9153579484
2163,0.049555336221479916,0.013050305440129828,0.0332397546811792,-184658.7815031831
2164,0.04245768105997827,0.008023233136398572,0.04239396714052396,-516782.4484932834
2165,0.0006122832895411213,0.02209885690427037,0.023601881126556923,-1476934.660224326
2166,0.018704535662936794,0.02931923731502499,0.0457421174351316,496211.2774146401
2167,0.016349455715014456,0.028962994358321212,0.04387312628716614,251285.11491181728
2168,0.03864976975506891,0.0020366632402748,0.047139538206383114,-369121.87179712404
2169,0.0023323452129306367,0.02943792371871648,0.028767681015758242,-1059354.6371386547
2170,0.03931951153511581,0.007422152592448883,0.008968519603135189,-636185.172743411
2171,0.03760534663691803,0.007475237620581255,0.02347225635328198,-219428.2472870138
2172,0.0365824045105466,0.03256209643913406,0.010530209305654759,-165664.94945596697
2173,0.015198012934304278,0.048448745162052054,0.022433531007744197,-132348.2165663462
2174,0.002222873821819027,0.010979244973316633,0.017121754483091885,-1439123.5798536849
2175,0.0499744702147293,0.015134577373845931,0.0013197924391272486,-579719.4138685077
2176,0.0256460788777668,0.0041802692486988535,0.013703379934786092,-367095.012611902
2177,0.04961915880469696,0.035231925946507724,0.002533331464143518,-652514.6344972058
2178,0.0224343359295898,0.008581875631442465,0.006147232820106064,-777709.9432198568
2179,0.029353270667440104,0.025282794482010786,0.037143329215775414,178157.8063607715
2180,0.04461531141159299,0.012334092871583097,0.04614959933276985,-336749.8003809717
2181,0.025899588627704775,0.012941745909255859,0.04228929190513047,-574.8851864117981
2182,0.001776495901451125,0.027975468873648032,0.03608107675149833,-1029125.2704216904
2183,0.013998884357807162,0.043174595878160894,0.012014228167899245,-820098.9153220847
2184,0.04199371413658696,0.003927248191622862,0.007996379593421565,-693260.3466882334
2185,0.01904922919509541,0.042702775639908964,0.007229268256339122,-701178.1309125586
2186,0.04377191198971208,0.011486576330639688,0.02262541992972644,-345257.83258188755
2187,0.017636720213016887,0.005906311330726177,0.04721548697595701,-444697.2847675155
2188,0.021908914537610676,0.03451656306780972,0.028763383833201556,179333.724753214
2189,0.02508579584261037,0.03082888117784245,0.04491711531012145,609047.4623655095
2190,0.03496561878470548,0.02662400397276106,0.03225929803329882,549427.5976005364
2191,0.03031971402545108,0.021656060374315656,0.03123820050652252,239879.79802524197
2192,0.02217849000820818,0.03788071889359562,0.04844562417611428,906528.1948711049
2193,0.04799326787486147,0.041036789321249025,0.03008794485297426,444280.34382462985
2194,0.037466599403537026,0.00890241476287772,0.02395092286569613,-389169.13340345817
2195,0.012865238249568218,0.00017474905546735475,0.0483368787336038,-438070.82591774024
2196,0.04319242809259207,0.025684930923496344,0.012707614405950342,-325142.01709050656
2197,0.03464876050996184,0.021740054227496378,0.040167476671134975,366280.7114918708
2198,0.04997590550904747,0.017454130374493504,0.012220152173902389,-494871.27114696265
2199,0.013369124439737912,0.004667312284033598,0.01970230982500777,-901390.939990679
2200,0.0008712526358454653,0.00571977787006378,0.013584787363633517,-1594043.2643032921
2201,0.007993138795474036,0.036607954975036265,0.0052802395433950156,-897035.0674648879
2202,0.043299705251226235,0.011055725185547644,0.005429530848578385,-615785.833114599
2203,0.0005053322215629264,0.03576025021610732,0.0128308372969271,-1459565.3979779815
2204,0.02547493025688874,0.005580802333607787,0.049264796161812466,-273510.78159281245
2205,0.006269236953497764,0.02059629633209391,0.0425824751167233,-752438.1217053771
2206,0.012244347424020342,0.01334858926730867,0.04042497579453665,-460542.3577918445
2207,0.013666982859600635,0.0001435655547406489,0.02139568602449749,-670888.1674046791
2208,0.0006267604839237496,0.045489614191468346,0.03209066120896105,-1157736.4798841833
2209,0.029150713311062112,0.010079475543118156,0.03499730927143182,-212436.17412695166
2210,0.03386273218391729,0.0030231786962682475,0.04404232654052863,-609721.1072159418
2211,0.028970668146490276,0.03962334405193051,0.01314570360644221,-191596.06866552343
2212,0.006102389987672707,0.03512247865933923,0.03969413431275811,-730392.1789077654
2213,0.01930167668096457,0.0011846137658155622,0.04091270123269323,-521443.0606933462
2214,0.010304695316522033,0.01695159709487441,0.03141155038885651,-568135.920714266
2215,0.004997735960565137,0.0035997883069231575,0.001285188578763713,-1118233.8025721759
2216,0.04583199301197277,0.015569137213432782,0.033032940755856596,-310233.68571955943
2217,0.04946176245088711,0.03347253967809718,0.026254739792809,-162976.13717665686
2218,0.026045996675861927,0.018845857422777584,0.029988982797754266,97809.8003665388
2219,0.04793956947728522,0.03940220168491551,0.021211330851661877,-123308.05836900047
2220,0.016622241451626663,0.044176576481156075,0.006789291281329691,-508992.5213503255
2221,0.04247926284821509,0.01275383806711662,0.03578146178879589,-222291.8056202512
2222,0.04031102903874151,0.02384982586317363,0.009614198807113717,-542778.3807328708
2223,0.04223838717311877,0.018375417252665737,0.016034013024125965,-308998.32554220426
2224,0.025500809117671983,0.021754312055195887,0.03415261085193621,28149.052018393573
2225,0.006859890418633269,0.02178448270239365,0.0445850905612602,-548112.95615027
2226,0.0018031354719862725,0.02286691665766632,0.03302659831926051,-1225626.616137974
2227,0.04438555435209927,0.029689311346658788,0.04122421356196643,585229.4216858827
2228,0.011134550947964323,0.01764047181139298,0.047106613696402136,-567376.6183516112
2229,0.044298755654634314,0.027897649134435227,0.023774416889742262,73708.13741486147
2230,0.02255336957272293,0.002939483078350802,0.04461885519782835,-329716.4280993786
2231,0.04090747542076678,0.022812557236393357,0.01397199863597367,-374431.62785178615
2232,0.017146030321326527,0.006158029293644474,0.036089487065286134,-349083.7825226611
2233,0.027833492827742886,0.011705171141244747,0.031150278603884488,-190303.15586436275
2234,0.048961510712748735,0.00611975677380896,0.02292425053126639,-440623.1206697274
2235,0.024707941046106338,0.008339860691190122,0.02657901054986574,-314859.03230626107
2236,0.030298862927404503,0.007867226940924765,0.00773619495044382,-550545.4167158322
2237,0.042817435781687806,0.015569371833502245,0.03151666935393155,-141031.7100155738
2238,0.03133865378376071,0.04195854377913175,0.03699473156157617,638936.0982133332
2239,0.042028821671913894,0.03126073948253329,0.0224728580256997,46418.95749604332
2240,0.019678326065653735,0.018951488333071795,0.02091965489545789,-129913.13878113241
2241,0.006465462607688516,0.021197918550158353,0.01947224536013106,-1138618.5803071149
2242,0.0017285831659115737,0.013756537766317002,0.03759534873701084,-1147638.507936488
2243,0.02889727857048127,0.04030837483780151,0.027134402219038248,288586.94741164276
2244,0.04270418827376338,0.03980335498008584,0.004914228507112356,-495055.74115765933
2245,0.04885031840079962,0.0007373723450664394,0.029841901896480928,-489497.3164824357
2246,0.039625575465838114,0.016594706992545172,0.029928489614857896,-279505.61844349327
2247,0.018106126542372415,0.003030748750375095,0.00042307595446654527,-838844.3868185136
2248,0.004743101505559417,0.00492047970600234,0.030544488869687497,-1103864.4075174315
2249,0.026293261548125665,0.022773165008657104,0.03459607378012088,142134.4050999824
2250,0.0008413068506224197,0.013549174070786547,0.038869636564381395,-1228022.789549872
2251,0.04549885532585593,0.02191682981187908,0.004074199006923318,-616517.6159546064
2252,0.039936436961424404,0.04425852166363668,0.020683013534685976,105310.25197724765
2253,0.012167762696013851,0.0021985834111472647,0.0295541410947428,-1054516.1447635132
2254,0.045493474528124966,0.033894401276016284,0.01586242989473672,-388576.77728686936
2255,0.032144416214498345,0.04160342037240128,0.023791502967472896,423700.6691126265
2256,0.04098742449989193,0.019595483833317707,0.017425283929788534,-460091.76134605263
2257,0.029149431293927705,0.023234320884724064,0.048855596023054164,540545.6478724156
2258,0.02581947117640874,0.019258601445801077,0.019746677156426813,-223792.77390018755
2259,0.02739699753065583,0.01774560190040977,0.036145330098246796,45773.419871499995
2260,0.019033146385082047,0.019207219326262154,0.030848662468840233,-74833.47496122676
2261,0.0030423436348004985,0.03276774590575731,0.025248610857934357,-1070131.9305286033
2262,0.022651305714332083,0.035962649535397566,0.03791278910024305,284640.7354246077
2263,0.04231304317062297,0.018740156040872365,0.016351884612669055,-308529.4563962596
2264,0.035717105074725974,0.029090242957022297,0.03159007731759083,537718.1958534466
2265,0.027776145355291767,0.038634651160192726,0.00950204442460766,-178525.348452246
2266,0.02778560663706984,0.00790508944718149,0.020362596964549597,-421711.3992224873
2267,0.03319969117080374,0.02465358041570852,0.018979576833609065,65765.10363984657
2268,0.04424850007078031,0.03864128572487392,0.02631453925001875,652122.9755227001
2269,0.047502657783774396,0.021218264471749695,0.0394036463794053,-29392.921119970324
2270,0.008396811990070896,0.01428962385552985,0.016904279066697742,-1150684.6600552332
2271,0.005291037635226165,0.025090240753803394,0.009613006706324784,-1124621.627149004
2272,0.031709294472482934,0.009504617978650915,0.006175312866963767,-691418.0840515259
2273,0.04845433637994623,0.03291201529055531,0.04682254573542443,786109.2416259053
2274,0.0244943895996616,0.0016701231531687122,0.028718558521572197,-652406.8511548118
2275,0.027916444341785425,0.0007487802968296986,0.04306210222009158,-405630.46613872517
2276,0.030998534030821236,0.037234558468807306,0.024696055307875733,430852.3523865138
2277,0.03092012189541315,0.012873494661426212,0.04868788838843236,171512.15761018012
2278,0.02003600037738326,0.008116331066881454,0.0027957709187313665,-701976.7075804379
2279,0.03180859665426856,0.04916899255882279,0.04478972484231408,1326993.0188346102
2280,0.03510522837432068,0.04952989644964304,0.03614141310210533,919870.4980295687
2281,0.0169625561700698,0.03006090665300866,0.003988332124278077,-824013.6661975309
2282,0.011084124511127042,0.02087701179642461,0.010090924678152265,-888836.4865845835
2283,0.047675050741408535,0.04977987633723247,0.018546796006083274,-144700.09029531942
2284,0.035461449303859936,0.020388536533162027,0.00697546021931032,-567714.0458083461
2285,0.01684634238510543,0.011668584935783162,0.016403911020370986,-509068.4674342566
2286,0.010751084419885827,0.00561725595291232,0.010871421468120646,-772351.416376308
2287,0.045287851591492144,0.004261083788826436,0.016237832187761727,-686498.6320232678
2288,0.02642249472513177,0.01772563280891784,0.025880354750944363,71569.77964464531
2289,0.0021710030117176983,0.03242848166821889,0.028173940077803012,-1294682.9894704584
2290,0.034048313292734576,0.028362890791361853,0.02189517912128316,227508.65585914307
2291,0.017507077114704124,0.01132175950498881,0.02500338634033063,-366353.8024399684
2292,0.0013026226188753488,0.01641204140496629,0.03389361467822647,-1368540.4755144939
2293,0.005435851984317963,0.0031445621159764295,0.032608930264568264,-1038389.3861814062
2294,0.019888736057117513,0.04009125182746906,0.046865565198566196,787992.4148080095
2295,0.04785202268662885,0.021279642694708962,0.013216361213751616,-389316.7542317142
2296,0.030430686937123905,0.03140964629641182,0.031117246803794837,311059.12102591275
2297,0.01608893068594406,0.0031875868208651515,0.010500241941279949,-656684.0564568145
2298,0.007720971401111687,0.0061950172891655116,0.04631416605357866,-990406.524679319
2299,0.0006923822986983964,0.030092886961816084,0.047373689787006845,-1317786.724441497
2300,0.018002656374706393,0.026354904458623124,0.03478918317375798,-130681.85796046391
2301,0.015858484732911942,0.023882599385362458,0.040855142516637605,270499.4597882373
2302,0.03726778326401318,0.04042247057464204,0.0493670081813828,1195963.4585646286
2303,0.01851637374680895,0.03735456314678866,0.03013922835509915,304186.3307961306
2304,0.03333023836105982,0.036993695241646724,0.03748656584731574,633675.930361631
2305,0.044287257464740985,0.01746608376180277,0.03267406780559553,-217793.4001737092
2306,0.014014521579842794,0.029728435255848756,0.0375587570085964,-174836.35754088068
2307,0.03955005430808202,0.02100622514945614,0.02543601116006799,-8578.36658112935
2308,0.016692492558508642,0.008451817326981526,0.01302587025962661,-598632.5734675175
2309,0.045606850244991226,0.0154484771204658,0.04873796667728051,-25705.72240923671
2310,0.012073904260769087,0.03615355437405224,0.028695164678591786,-436344.12200782215
2311,0.03484350247623993,0.03219789733045905,0.03533742917987946,661185.3208941051
2312,0.04527735242177295,0.02817347480312407,0.0033924391451997608,-503211.3811433782
2313,0.013541271722344978,0.0354109490204382,0.02470373139878367,-208940.13282070498
2314,0.027427599130984345,0.029829022769014574,0.0191314636492285,25637.293874741423
2315,0.038694776254392764,0.03617674419482743,0.03571497060965569,646470.8252428438
2316,0.03576550870174724,0.04451790008271239,0.029769638972163722,553483.9952923766
2317,0.048353609974847916,0.005959634219531895,0.03159794882969322,-462715.5931563697
2318,0.03584632729678978,0.02386102054771798,0.014410419322846825,-369128.1511380147
2319,0.027501872635554953,0.018237384014535136,0.04545620355339083,385006.4812450918
2320,0.017839620626662746,0.008785349635106455,0.028819457008272643,-612676.6613599123
2321,0.01979962956901847,0.0047949072400420515,0.028242117549895418,-624903.3559098694
2322,0.026892320558285072,0.008659854331659755,0.029881908447992146,-84867.47310457494
2323,0.028367948692874453,0.03868063115207955,0.01807849649213172,-8362.56415508825
2324,0.012437976183181966,0.047560994348538776,0.028060876139139407,-177832.10787177732
2325,0.0013569979442090152,0.041035584205587165,0.00983790304594704,-1268668.9375500411
2326,0.039301815882292174,0.03525812135779824,0.04844068621315786,1106764.649307242
2327,0.048278965079726316,0.013720531232787998,0.03832247906117092,-207433.26722124283
2328,0.0158427542889962,0.031459896941479715,0.02988730424772966,-275894.5150511082
2329,0.0027271757810582334,0.0002590874917678787,0.0028882007297404756,-1311195.7674110362
2330,0.006397102376587055,0.012882624567388685,0.045347761162128124,-691921.7487287709
2331,0.025931633767334317,0.039844586942039434,0.041915587605360405,722670.6563538357
2332,0.036747154929527064,0.0195692562210286,0.04319296969204914,121595.11708547527
2333,0.037102487666046034,0.037157572170252624,0.04507871635827847,968604.8929482832
2334,0.029933173622884186,0.026428721498108834,0.04450812787985377,292514.7620629655
2335,0.022723086408209844,0.04057853480144215,0.0026923180222403866,-667677.8462657832
2336,6.44972228161067e-05,0.026414624480217842,0.0036805946908190115,-1345286.1899527595
2337,0.04882715067265318,0.0002750587019899387,0.03590748182493232,-504120.0976240119
2338,0.012169234789311034,0.04837760026360281,0.01907708253139481,-590110.2969993989
2339,0.0013641713131932577,0.0013467882704391366,0.02766866858623443,-1313192.4093039595
2340,0.04933559895156406,0.04898867675228597,0.01686364861446329,-69180.24283957829
2341,0.02413518245944485,0.005022790289890805,0.026108842799586585,-345772.2184375549
2342,0.02998507995241366,0.012553083280566053,0.03060572179575869,-171168.42955516794
2343,0.04498463758481269,4.7766671174026556e-05,0.011446688715397224,-589791.1584781009
2344,0.010495978166196906,0.006194310151691352,0.008305060636855094,-918188.3405549644
2345,0.031295627268269385,0.005134719507532132,0.036926580451036084,-309348.30709385796
2346,0.04435112952791917,0.04632938620891845,0.033008790715985045,930279.0124348252
2347,0.009869820531680801,0.004264828776995394,0.01160124769034998,-975569.916544576
2348,0.04809785928925213,0.04811726008753561,0.019095944195917106,-203604.6333475069
2349,0.01628957705487753,0.02550052911295327,0.014584404573370036,-520245.78484414157
2350,0.04898312258277817,0.01106106950122887,0.01845713410913843,-465164.51941703004
2351,0.021468543785008915,0.006253201154058108,0.019141241338506493,-805870.1170607439
2352,0.04283653600509867,0.007018050072837923,0.029201097541309364,-505344.3223078827
2353,0.02033185690300084,0.008526836305872738,0.0006168082224602911,-649192.3891893328
2354,0.01366716517449501,0.0030914480349000964,0.01883842356483676,-620573.5207487015
2355,0.04051049278496729,0.035984263043880624,0.04736918558508835,785103.2182232311
2356,0.02135077086685346,0.03539006992959264,0.03326708610510101,253302.51066535746
2357,0.010852315157912979,0.015179125261632925,0.026491476669888016,-766343.6786924838
2358,0.039832865950296094,0.02309063672314663,0.011387076808776365,-455094.96786143957
2359,0.04967328451401849,0.005778940317683424,0.0477944453745664,-412832.91104674246
2360,0.04045231442152444,0.04194467596539259,0.039745879154574976,1049906.7204037409
2361,0.0104085470652311,0.03162911886976209,0.03783749062254659,-377054.4315271456
2362,0.03728428960508257,0.01357826852720388,0.00905596938818407,-504729.0211445993
2363,0.01640614919572746,0.023992224018869593,0.02868903735318383,-203776.95635186366
2364,0.04184751811595802,0.038451711385230805,0.033807526283325805,611121.792409297
2365,0.01317446464713803,0.023944024946747168,0.016771793706398055,-550642.1866593618
2366,0.011746408977526707,0.0005122680191739726,0.01697309852853453,-696993.5482945086
2367,0.012805813385731075,0.028595116348340832,0.00311508851418561,-717457.8660428445
2368,0.013525979835510056,0.002238474499420767,0.0320708952256718,-625183.0173527661
2369,0.028409477928431244,0.016874001153723662,0.0073667300217771904,-568937.9506886025
2370,0.04789599163843676,0.02921962236943067,0.033955668328603396,603776.8317232227
2371,0.026567437663472596,0.04032666238231025,0.04481900247740607,443468.1332248187
2372,0.01913552717988149,0.03450126561153053,0.011494374227319849,-184564.2211095485
2373,0.032592752358101926,0.019957781498827633,0.00033907997006524807,-757827.7137442827
2374,0.04777639342113104,0.04342207727693595,0.01454182751730142,-286495.96261415357
2375,0.049887865711643026,0.015856383727826707,0.02294220932295374,-609079.8096134132
2376,0.042562951308720856,0.015229817566402043,0.022527014219375002,-163576.12457930212
2377,0.033279358356162775,0.006523377738621411,0.021117518434585886,-532713.1366709301
2378,0.015470496868081324,0.0338387152932409,0.00679846950301859,-709597.9748197745
2379,0.01163657395504687,0.03556881018762414,0.007811218486205741,-732509.4993747431
2380,0.021100963111994487,0.03564403610463094,0.038273419221500266,359507.9572880374
2381,0.004744058933583423,0.04259978047097391,0.036198615056498316,-656445.0113523669
2382,0.016964729434665687,0.038190142616512004,0.03641494326703295,395609.5008996925
2383,0.03004456132541928,0.02792405867029222,0.03673517444497928,47239.91502244786
2384,0.04996299508527273,0.02892761246579427,0.0404358935881124,300406.96699622966
2385,0.037213685865779146,0.04279042010169129,0.04772624306920692,881424.6099112785
2386,0.00965416037304076,0.008272981819755816,0.029317591420745043,-825644.2694593199
2387,0.022464753144325222,0.02853613464595846,0.03990213672427543,403486.483587139
2388,0.046585724002462324,0.02087079125992791,0.03589663227718123,-118976.46575896123
2389,0.009839959392070469,0.02672759746772618,0.0010902388890259962,-1213429.8045405608
2390,0.02518752835665485,0.027266822956274996,0.03677226678891656,189175.8149926484
2391,0.032474239510349584,0.01791983671529008,0.0002865450356560662,-803118.9397770273
2392,0.005774293681147447,0.04865303267587262,0.046116657915765295,-256264.62118768072
2393,0.01625465815405727,0.012942646996194386,0.021820814684501873,-473064.4780641075
2394,0.03449700148060364,0.017841383632898684,0.0033646923865577774,-795851.5433667501
2395,0.02013975462221982,0.013029449724071596,0.01624650056056059,-484000.14518682484
2396,0.008147862289365222,0.03294200347228237,0.026331546662261247,-606245.7746832826
2397,0.013543155864767715,0.02769312406531207,0.0246353923583619,-305361.1173558428
2398,0.0397987428283014,0.047799213467010084,0.006533525448932798,-519748.65583083825
2399,0.044195673945399146,0.03523984691424511,0.03462767726489524,762513.9090869122
2400,0.018715044857123615,0.017195409773246052,0.00028197424112584856,-896814.0051715154
2401,0.04911024373186539,0.03032529161865244,0.02011643119619627,-426791.514124696
2402,0.02718844109460893,0.0020263517048131232,0.008682547764583442,-519483.41325651977
2403,0.031167996248170127,0.025713086484181004,0.039353741146381654,420210.9238604278
2404,0.032937134522266855,0.03007178379896936,0.04076328521526568,584503.5573377704
2405,0.0034131552775950313,0.03454433982156426,0.03577953566445077,-800230.5028501811
2406,0.013758177484000551,0.009782481824369721,0.01069262377279996,-707509.2493396028
2407,0.009907043171599711,0.02618910954517973,0.006781315568291424,-920423.7922916824
2408,0.03296429307096752,0.005253912947438478,0.0013444820155128101,-595807.2737771746
2409,0.015964512122293557,0.009592986186652053,0.04943310277050412,-567643.8219207356
2410,0.01514981503086087,0.011103204301275689,0.00983849117496073,-713264.8546118089
2411,0.018692645240174516,0.030292444766578892,0.03909726375231412,6642.105271618768
2412,0.01822881238715342,0.03129854900213947,0.024102994913969375,-106508.6978500044
2413,0.042324767312669924,0.028452088857921762,0.014494583593955009,-490792.6769740546
2414,0.035179362858912794,0.04100322440114979,0.023272032838198255,31023.9139504752
2415,0.04935986194411595,0.04395484395956567,0.009847733483274574,-387896.78315309645
2416,0.039337793607811866,0.030047562217488305,0.026740564890391734,335357.39931201807
2417,0.02569692932897842,0.042670557139121455,0.030543639445172428,387389.1964291177
2418,0.026885299252686685,0.002442995337902454,0.02241514348792787,-602166.7727637944
2419,0.04540207810227539,0.03558683646723095,0.0025476989028076717,-483470.53338125075
2420,0.04419961410755212,0.04133336106885271,0.0273342105784764,539390.6301787918
2421,0.0011202732591140741,0.028121480901690032,0.0027294524963213055,-1282368.3477831308
2422,0.01601894798187402,0.031445480945136946,0.04564565419410872,250845.6919812646
2423,0.017889781862973936,0.04300118914417267,0.045918050520025816,637919.0968671477
2424,0.0010521940228657156,0.011971391887626576,0.03549311496137494,-1582141.9315384566
2425,0.037842152153977425,0.019620842510852707,0.03283773063864275,351081.2019108646
2426,0.03060793086810176,0.036988748080053,0.03593292138725609,727648.2426676793
2427,0.0042935398995180675,0.007912509047003047,0.0066363573629658005,-1236388.9364465273
2428,0.04662400349214095,0.045677132417649466,0.0398706134798485,1036994.5127275703
2429,0.005835928033797966,0.028713573495979295,0.009361531304492571,-1233461.108613939
2430,0.018419196877940126,0.013354563831870649,0.0414465490743733,-182542.1655244638
2431,0.007222569975963661,0.03230895843050379,0.04919473318880835,-273610.8251460262
2432,0.03435272916268167,0.0039616744503479856,0.045392475098126245,-443796.1759113751
2433,0.03215398388447981,0.022815548980260177,0.03298462392705593,118745.43035824002
2434,0.04395221652363185,0.023856361395762467,0.026566074140611462,72673.94983668451
2435,0.022622369960897677,0.0036295713161832613,0.039353506346367924,-438082.9866058357
2436,0.006320587182091947,0.019728500514415517,0.01934114228038646,-1038587.4710903788
2437,0.014002039604336897,0.020125356294720922,0.03090045551912143,-208846.65021621206
2438,0.01556936561038559,0.008625596884913822,0.04346837552536333,-400704.3743378192
2439,0.04854163249285678,0.02292919119381603,0.01635098561722929,-157185.29029130546
2440,0.0023741038889114664,0.0018425770305026568,0.019644099782270105,-1390808.4579549842
2441,0.04651210091504829,0.036535427170078225,0.017463470943538752,-284412.1037771892
2442,0.04840232125910305,0.021437895162786536,0.013839637198732286,-202087.94502453567
2443,0.021317662236217862,0.010577161349191639,0.04428193851003979,-91510.1229520073
2444,0.018058665520884514,0.03289844822471607,0.019452359941358178,-200683.93593270713
2445,0.045086570898198126,0.03211903758578151,0.024412594514064974,-105545.905682535
2446,0.006607148459066925,0.04509583314261022,0.027340843413588545,-876844.9402941571
2447,0.014252648648070876,0.04389634459083521,0.00272202136972039,-911890.4132283067
2448,0.015703845866478584,0.026841420060107382,0.016990716802164654,-595110.5622192892
2449,0.02383671276894289,0.013215812616549194,0.0065041545466448586,-501940.478720625
2450,0.001842706930842586,0.007882328245607096,0.04764732570124059,-1428490.7363276607
2451,0.028770156666836924,0.02444800626389758,0.01921619196528543,160237.77172574645
2452,0.03542100729916927,0.007062973795304667,0.013806493382633173,-507523.09645451413
2453,0.03279510598318764,0.0239532182292614,0.03850462694795444,243212.99142266158
2454,0.044855492197832664,0.04116862956853281,0.009210385713036602,-271257.95609675715
2455,0.004573511776348927,0.008472030027252426,0.03917653458001153,-974583.9411891456
2456,0.04569155447463553,0.046272443385192874,0.014910789468522279,-194286.87882879065
2457,0.04201706890067792,0.026811776751104834,0.041139592417410366,577301.7843438047
2458,0.027418242119000055,0.007294660988955909,0.003960977553654871,-706685.2293746895
2459,0.04786095746046698,0.02129012782157895,0.017526032244865892,-629629.6324906716
2460,0.01781515423841552,0.018946720573773602,0.04724984139471691,24743.116113363467
2461,0.003135229370158793,0.005953064369114958,0.03948257577409246,-1175609.4071403241
2462,0.027470474567006936,0.006426837898047599,0.0017230068389168186,-665646.0440915956
2463,0.01121171741396137,0.013040536885513555,0.0007106514787320995,-961304.1818436654
2464,0.01080452691685967,0.036915946847619986,0.04277168448185019,-105878.72393766968
2465,0.0449117914884859,0.019495701632177172,0.015970686295177883,-490966.3435066634
2466,0.04999304241039438,0.03846702254607944,0.02686760404537772,-47166.27839433417
2467,0.012738571634469831,0.016065272644255234,0.02576821744146936,-770880.1362496829
2468,0.02710414598953753,0.000683932213683891,0.04797000426357373,-288555.4382600293
2469,0.02878031236757818,0.02945791222045667,0.010573556687690961,-149408.23655403336
2470,0.0382493589400624,0.03686322600459214,0.0047578986702382035,-432109.3453991703
2471,0.029749718612996013,0.032909687266493994,0.04177840872869387,438084.9204902714
2472,0.010304558945885535,0.043881739840320295,0.023074053585379783,-465402.66393309116
2473,0.00482618096528224,0.005281061075543797,0.00989022268365848,-1257476.2892817743
2474,0.014137535299265425,0.024820290222989982,0.037437559887227995,-284034.2506363584
2475,0.009336295100971614,0.04963258972497683,0.00807609658851563,-753082.755336899
2476,0.029968898386107376,0.046447021793566995,0.04162537114384136,1298148.3353241105
2477,0.032394460083157994,0.035774649839544925,0.0067102813352682145,-508411.9838190449
2478,0.0004831526880124115,0.02170743921801864,0.004475946316915153,-1409017.4895603883
2479,0.017887628095641216,0.01118713967848688,0.045817336119037134,6112.279825513146
2480,0.04400279995040288,0.040947142426550426,0.035697214920699376,656603.2760246531
2481,0.007703596455201351,0.002418371309957579,0.032694392892734625,-989636.4581666733
2482,0.03211290685875497,0.01847121423772405,0.023634333321779857,40049.498533549726
2483,0.02445746941189947,0.011996406637325319,0.015708330595379294,-376781.5190845888
2484,0.020919477733175082,0.03015895149557949,0.04779096030086963,981116.8001872473
2485,0.026924230475952,0.03655819547716008,0.04035005511977766,538535.2365054172
2486,0.00567540606542768,0.03265623337769705,0.024105536012721224,-888567.2664760252
2487,0.028621547112394608,0.0019208467884522296,0.04531078682736926,-573862.9051605597
2488,0.04763920747877251,0.0001740961842305877,0.010639579602075545,-467528.1560462538
2489,0.009009708685447499,0.039065225863992574,0.029904002955591015,-383428.7242325324
2490,0.008866683164836587,0.040698547765943026,0.017673743590287422,-779363.2697893116
2491,0.023042843814655118,0.019365330266032273,0.02606901032206148,-342150.5398305322
2492,0.024007123441436268,0.013729200133122134,0.021227801874692018,-518595.17398971436
2493,0.04541685749271501,0.025144706823962255,0.045819320521118784,241310.80543517967
2494,0.02750635239089823,0.038440864663207945,0.014679565482985647,-182759.81003935882
2495,0.039520674502220396,0.01321608064924928,0.0009774985821486505,-630809.6077164678
2496,0.008036447158884652,0.0010826437516018416,0.04735313209457143,-827823.8832130395
2497,0.049998851020884715,0.03811151318097603,0.005406408187579381,-428249.9963004028
2498,0.04494727301663248,0.03718880916330522,0.016612225770104395,-382055.3530409778
2499,0.025113895590446605,0.033087967063098446,0.0012025237836635616,-765386.3308109193
2500,0.02507704560499476,0.03661977166274926,0.00941126859481664,-465317.3126218182
2501,0.022189528673966653,0.026626506459246663,0.036778268597961614,80779.92624009277
2502,0.04822268553965538,0.042413777400214576,0.03107592101149751,551218.9180861564
2503,0.029182033741740467,0.030159334653633536,0.02725893213298869,-136623.30225044725
2504,0.002968144012946178,0.034914819729410254,0.03581684000648015,-1175033.2627723196
2505,0.025624018113351372,0.04351938027012715,0.033621840137833925,585819.5429570453
2506,0.018133232892850848,0.0009847176799317127,0.002958082324884004,-690110.9914713555
2507,0.017589913082089317,0.023105266259934143,0.008343555975421251,-517983.9326367381
2508,0.009466415321131606,0.011510567938966815,0.039025666978813635,-373531.2273912736
2509,0.038564392047588575,0.01914694927068894,0.008618219079219792,-432726.4659045387
2510,0.005545419253173462,0.0043564656023586616,0.019563962544968606,-1459671.634849457
2511,0.0022771216660559704,0.016681751856316752,0.04807666212705687,-1131474.9889159452
2512,0.025375230780501936,0.04113223284175945,0.006463297294769955,-262770.12593638455
2513,0.013403939120485243,0.047327322227200444,0.01917759484670118,-357631.91590001737
2514,0.03242030642241612,0.04880633895812947,0.027539387816536778,763666.2114652616
2515,0.015267297461436798,0.026597422797603118,0.0027318599665429656,-814073.9591459327
2516,0.005618493704634559,0.0003585552526134961,0.04421050207825022,-1010676.0009819119
2517,0.03356402144497978,0.014916488256637406,0.01105807096036523,-419329.2798082332
2518,0.034153830057888995,0.04597660323926413,0.014956954552605534,25967.392132615347
2519,0.01607795546933909,0.04271203625968865,0.04466879079418762,527772.4165384156
2520,0.04570182834148893,0.01465771040033474,0.006015628379817445,-529480.559446764
2521,0.021999878599927105,0.014788243257059054,0.04419333334059179,12694.338816849311
2522,0.0018317470901772438,0.03169402348181362,0.0453090682874057,-1065418.932349784
2523,0.048833518340303306,0.03250652996490216,0.047496147851119,833333.0629684243
2524,0.0037829731312533643,0.017963917299811987,0.0004357348663366845,-1047021.0591765197
2525,0.04905918860954092,0.045136323938334964,0.0014026278124100679,-641365.5281701405
2526,0.0009066325229882988,0.018348474705318307,0.01292689833954509,-1283168.1435787275
2527,0.04234661386212511,0.008024220163593115,0.03953247313504287,-156826.20373085717
2528,0.027722984999533164,0.018869588570249392,0.007285988086668938,-536587.1012086441
2529,0.04988456529798355,0.030899306046076838,0.021969111628399714,-475133.6469363891
2530,0.018556377827636583,0.04528641153154277,0.04105959040953805,642081.132989437
2531,0.04055928941841119,0.030809923648119644,0.044397829134790096,557708.4219845701
2532,0.014963918606103521,0.03518530675816447,0.020222387119594627,-184013.82171698735
2533,0.02999994042798461,0.049907650030634645,0.04922623903376592,1743654.907020562
2534,0.02563095082337241,0.02869317260824123,0.04486608845686505,506921.1761883851
2535,0.04928178562569275,0.03893039013130399,0.0032592228979315355,-465063.3607030888
2536,0.016131986717193198,0.044828116996015396,0.03841762529252403,315011.17724043544
2537,0.03711165355122136,0.033396161523407054,0.020763192481619175,-107519.53443356974
2538,0.020162066017235088,0.04044662437954005,0.014689014588253547,-175663.47850067908
2539,0.034241593635048674,0.036310426171197834,0.04222779946807644,571241.739067335
2540,0.015994279535350788,0.037094463341910106,0.0053244948789343445,-456232.14794249757
2541,0.006903086447595236,0.02086680200867008,0.002761288817762364,-1051781.3961122273
2542,0.04738491607326692,0.045094790525468026,0.0024466847762921575,-489549.7738530772
2543,0.04191558609461394,0.02544370870450127,0.0350981444186775,496563.3585433669
2544,0.04434655846490937,0.02884872435388493,0.005816355014231472,-506281.681922561
2545,0.00012893052432931263,0.024846076612572328,0.04746160660621801,-1260920.9582586938
2546,0.028631093580659794,0.01864695690441146,0.0015461008540456679,-826373.3518743325
2547,0.04574897086391002,0.01635783304290211,0.03523887006575481,-214148.44544831334
2548,0.03471186010557325,0.012694158068437395,0.003188875323036267,-850236.985967868
2549,0.01925001893359218,0.015856550691859993,0.03501281994361629,-74451.60999200477
2550,0.04098912478299196,0.011122270869583735,0.026411553488822116,-203118.24053588184
2551,0.002030417369408083,0.010712791146673097,0.038088080266104156,-1391025.6651293808
2552,0.039669916024453626,0.038820223172590165,0.007119396249413507,-421668.2406700792
2553,0.027551736373420867,0.021135420722169146,0.049574314839754524,440058.52529192256
2554,0.03270349345291681,0.04676010456978646,0.00726751525042188,-642260.2654209306
2555,0.022543663655011453,0.03858038000529343,0.01839288640152013,-58749.16174935436
2556,0.03162542480768234,0.025585108618683034,0.04959647046089962,492216.85378114885
2557,0.008693627003274574,0.04676743476650639,0.02007854769016484,-755269.7047870995
2558,0.023399648318864725,0.02643009418449895,0.013268327471678993,-264286.07383835566
2559,0.04818287213053965,0.04557436026173947,0.048645255010568135,1311497.2481379753
2560,0.049845978610476155,0.033490004759048606,0.022584274790287236,-417844.4217821381
2561,0.042536695074815244,0.001190243891816928,0.04172020223567517,-569611.415089135
2562,0.024864301210550332,0.03366100135417089,0.01870230306712538,28790.155902865044
2563,0.018431157693340795,0.001585857640544386,0.021189471521450665,-797776.7666852403
2564,0.020417709770966505,0.011239555093403564,0.012366163676988375,-396506.5982161819
2565,0.029206979022125587,0.015888572126975153,0.04151259545086449,20922.86796514312
2566,0.005569255342853324,0.02888224732875218,0.008002236356955118,-1133991.9742554347
2567,0.02641203134603294,0.027627294347515936,0.03211488432628646,114926.99305155271
2568,0.021371247363644687,0.025473734256462724,0.009047630804064666,-430115.32334319473
2569,0.023150767486816482,0.01865151945471453,0.03330655523272049,-1197.5102739988788
2570,0.021741086174824304,0.03896708254901102,0.021299604928684608,-1504.407895320804
2571,0.011788558648697933,0.01368443594792923,0.0022642612545818288,-1092044.5962013623
2572,0.026995940530045504,0.04154404419501609,0.038455585340878506,474348.17114434234
2573,0.02188947331692357,0.00980601775722561,0.04317422216487264,-168870.1786317089
2574,0.0028390517022534203,0.019961136260124704,0.04283075711919756,-1159030.9605096949
2575,0.01965883437020982,0.005893773537847997,0.013297475017289806,-392973.31984452065
2576,0.03000147208714742,0.007601795384728544,0.03274676634211779,-396382.5342809357
2577,0.021908096559962287,0.016719475041026093,0.012046274026158195,-461468.4654706542
2578,0.04116649929283547,0.01983369737317008,0.03692396328031138,58429.1132312787
2579,0.02201775963186922,0.004593359344338971,0.022025298758363024,-596406.385676885
2580,0.0253843889867882,0.022892109674668842,0.04081208558741363,167825.89835432344
2581,0.04554256745215147,0.0393389337605517,0.029139095110547988,458498.88528025494
2582,0.027072498027744536,0.03223080150618295,0.014391514821968727,-49145.92543290206
2583,0.040592342307434255,0.04284240888018305,0.013360858159091528,-302723.45996620046
2584,0.04514091040700388,0.04243663619958338,0.021224338374125514,-15786.639110205224
2585,0.045450010104637284,0.006021949690575407,0.0013993279604450183,-559812.3297651944
2586,0.01739334127970272,0.028271784941367253,0.01757213072664331,-144394.42833786612
2587,0.04710338668356798,0.012735511452757253,0.014060669679633948,-570876.4244238595
2588,0.03174138062724276,0.00019319411708541013,0.03637785261772996,-568938.6514035747
2589,0.01887347415465786,0.0488873933821648,0.03457087965148743,458789.44443835993
2590,0.002610747754117154,0.004631390437098682,0.004408405346207928,-1187112.9420546892
2591,0.047631112994597186,0.03420257706087939,0.021380300364446787,-50977.97254734106
2592,0.010024134494001552,0.04368198732179016,0.010077796383567024,-734162.1981587169
2593,0.03533396082379087,0.038166218077267305,0.014732804442770414,-204019.7608079613
2594,0.025245736858532115,0.011149464115919695,0.01894648287277491,-463163.51736725273
2595,0.04825671991400044,0.03465690173272151,0.04233071030952576,862463.7579601769
2596,0.02702997857333705,0.011951987107567808,0.03564399283335968,-298335.7722382936
2597,0.025028398039528322,0.008842443405352935,0.020621494480910513,-344380.9627489589
2598,0.031742010950815296,0.03676659283411191,0.012161039794517587,-296463.30065041577
2599,0.04379986696746656,0.0189775553537339,0.013556835894637421,-546741.7060433377
2600,0.009756002772686241,0.040208566720148685,0.017708228748303124,-629242.6689004645
2601,0.024169951394396733,0.011140991178193782,0.034304553558446575,-202288.67208446836
2602,0.03905167037762112,0.01697126244766708,0.047253969268570103,35308.05902239784
2603,0.0015305304780118046,0.006647155163702018,0.029439351578024544,-1477087.6864770474
2604,0.03507034310241899,0.01253414947545295,0.027703554844567425,-312940.8751104416
2605,0.015919312352140638,0.027704462281079513,0.03296638388821262,-284420.1962392801
2606,0.048640402678452876,0.022784843001059187,0.03241080201356903,-185272.2059801575
2607,0.028901962395996596,0.015877744694378648,0.012653206584886018,-250082.89727490104
2608,0.049393536087236185,0.010342618085075767,0.039513763353711845,-204336.13020725286
2609,0.007329369551038051,0.040217563468062545,0.009286422149477403,-1145812.4646555276
2610,0.04835783220080835,0.03429938282872587,0.004505912183791444,-530530.564311293
2611,0.03465885597295054,0.030181038139077594,0.016877312334697924,-209760.91939582216
2612,0.013036799887835732,0.03593803908740761,0.03706806864749329,60865.64479599323
2613,0.01636029244762683,0.04381135554197518,0.013441360944424564,-58802.33496527508
2614,0.003493221298740551,0.02999339224137893,0.005353528641580807,-1230603.6308995697
2615,0.013833203213324263,0.0253593196524219,0.014317981117864882,-561215.4252887632
2616,0.01074981712100222,0.035159270745282724,0.027349967070114778,-620045.9536983178
2617,0.04198806241251403,0.02906197973277388,0.02417236058868892,-129669.50573968115
2618,0.01306281758053941,0.03960329375456487,0.009843550428218363,-580064.4897651706
2619,0.012111420548658014,0.042079429837653504,0.037059626286460555,142009.4818659523
2620,0.03064367444897603,0.0019460265393286714,0.006362880914236324,-727103.7877028764
2621,0.024997873009380486,0.03731694617414455,0.023205043209591165,262493.4436787247
2622,0.0008646512207391544,0.009213499933341085,0.029438334981010908,-1238457.6422180105
2623,0.03471085298439957,0.0016714156355952193,0.0021665876730250166,-651961.8968561402
2624,0.013065505772818148,0.004175084769328247,0.027097311609668235,-704826.077885924
2625,0.006185099097834024,0.03241096674507112,0.03886126596537935,-542310.9639013291
2626,0.04852583318760534,0.04742034808188572,0.01366825751176391,-119076.55121898834
2627,0.0014704801311586414,0.016470610805588398,0.03542400593563266,-1419750.351760947
2628,0.0029900604636269646,0.017985632883571436,0.014901727377345348,-1223305.7497472647
2629,0.010967281790948837,0.035306537736515764,0.032954850251218706,-198318.2304722828
2630,0.026774704701717167,0.04553873198407988,0.005156942636513623,-490050.8101408381
2631,0.007484461223906541,0.019172483960970654,0.03279410259314503,-693717.4817296885
2632,0.029203964612270608,0.0037021343733965985,0.047921240187323376,-445432.8362095324
2633,0.015253240823069576,0.017948630689154695,0.03118148995217118,-399773.71015835635
2634,0.047258275872986734,0.033134411955163603,0.04773866647738521,862493.0773184404
2635,0.00937955594102395,0.03094049644864675,0.041443944593814244,-109764.67245174925
2636,0.02545122341274236,0.018108683791467024,0.049237926501593865,264329.2712466012
2637,0.007049367019833025,0.020546476376432834,0.04366868762803301,-775123.7720661842
2638,0.04502403732529605,0.049019105077988706,0.04424237961321908,1202770.0723867998
2639,0.0025478512693706268,0.04648832498137442,0.021408359570339264,-1273490.4367595625
2640,0.0325809593728291,0.019713793458355958,0.040683403830677436,125493.47824782813
2641,0.028795963816138304,0.042277232127700216,0.009688573576038362,-413525.78840708634
2642,0.009249154737745114,0.02201884007923935,0.00023757724812402682,-1013826.9687847246
2643,0.034642647744812904,0.01480268639040055,0.027864967310722494,-43237.11095283355
2644,0.003500178023042344,0.008532217969134698,0.03114295850109664,-1166310.4546503376
2645,0.015283131355552156,0.010736097129281686,0.011442325040388397,-801194.4950125847
2646,0.010740968236274774,0.03114254747152741,0.008384560723472856,-739145.8216043218
2647,0.018135317958994517,0.03439434327967261,0.025683552867382532,-64051.262869251244
2648,0.029864043538774195,0.012545348973187426,0.04663574365826029,-8836.35798804924
2649,0.02069396241581678,0.014348196830616729,0.04521630920292362,42978.204629853055
2650,0.032764480763219354,0.030697293156922524,0.04433673260830841,400045.7885488497
2651,0.002927014313569221,0.041883975600379014,0.033893218215255046,-966327.2059704652
2652,0.01799963973900647,0.01281756712619278,0.005240294994077882,-693692.8519976554
2653,0.04705370851233451,0.007095605166476809,0.012971926786544213,-440415.0279489368
2654,0.0345553589784735,0.03550762189429963,0.008038435230129698,-460913.7667792094
2655,0.04070655803828138,0.025514363458818124,0.04242283390575545,118731.99014080841
2656,0.004364269492377226,0.0021414999546844836,0.03184951907471749,-1243330.946742979
2657,0.007501189855490842,0.026247452286665,0.0007054379642254361,-932844.3413789144
2658,0.038996463027410014,0.04497650850892508,0.0419441380982144,901261.6323960599
2659,0.04791764065752092,0.04515478773293949,0.022200900914518262,-19218.205328013253
2660,0.01991741042218233,0.04480918339857715,0.046346939767861355,958877.1443417385
2661,0.048641797415901855,0.03841586174213914,0.010099441497069019,-414817.650146386
2662,0.047247706805536124,0.04735707334081098,0.033306568195648575,701492.4724837906
2663,0.04286401331747424,0.028058821058197615,0.04720634727058614,500428.4857397123
2664,0.00469681982960456,0.04319818482423854,0.0027751814518569675,-1297457.5681458595
2665,0.016955352610901028,0.006766282130763097,0.023956754623145612,-509423.1439309913
2666,0.011612307899623498,0.04760361896669986,0.027966066682670477,-232352.74721088842
2667,0.04488653681518624,0.013902923452557548,0.0012988779973280408,-358937.19387426844
2668,0.03878275018419609,0.0351188829985986,0.027274582283709683,387075.3241929934
2669,0.04076713648646063,0.04200421863240663,0.029395165400908693,429280.9830530213
2670,0.04829638959269685,0.03598559738086637,0.03384376880813144,656362.7219034815
2671,0.01807108962793227,0.00011292893000038329,0.012047133694708901,-742553.5107439678
2672,0.03819602534073149,0.03549356272185871,0.01655110724150471,-223467.7921871108
2673,0.03127914872692194,0.00976437397365686,0.013181385963452204,-517203.4746493552
2674,0.04737040469512483,0.020659028646779726,0.012249379714942728,-506596.54001538054
2675,0.024355412341949573,0.01935079398936831,0.03647645186745529,-61346.395446518916
2676,0.04810580532454406,0.029586871222884593,0.029557359346845752,-1668.421348507989
2677,0.018241692936174152,0.02823154659876477,0.01596644331935691,-477087.1133775159
2678,5.460371561709643e-05,0.043304808643924254,0.02147220427608526,-1556895.8608012062
2679,0.024604424252699836,0.00417504577129641,0.0418555256702696,-478338.92544330494
2680,0.008516853518879519,0.020531057939215797,0.04201327735319407,-746591.0902931889
2681,0.022889147010675976,0.046557616773323186,0.010465715171034486,-3946.3147530889614
2682,0.03576164149773857,0.048899926178086375,0.027480681861015543,570781.7062590326
2683,0.03460919493219965,0.019661332980050423,0.03756686698627345,45700.48369189845
2684,0.045443702826186455,0.03515277835252646,0.046796435569048965,799787.9633460622
2685,0.029432632599615483,0.02885687202254815,0.015231369405457768,-116705.74288355638
2686,0.035481374558189296,0.04409762608780777,0.03231581130644656,661024.6569518826
2687,0.011651961029929148,0.02720545573608433,0.03779687084757075,-111521.02792451052
2688,0.046968165743637644,0.007829802476027698,0.00637485454832803,-414130.1127409945
2689,0.0206471765116453,0.006280558473130544,0.04902144562525593,-483306.53220873664
2690,0.021215218364127958,0.026680525953395248,0.011354389064638565,-432192.4813164854
2691,0.022456306176846463,0.049234696743060996,0.024434357568348476,198459.37745073118
2692,0.00044119629022431055,0.012126376512531529,0.04892274152392521,-1261969.2036170666
2693,0.04945337567053663,0.010524654488585285,0.030763204392192673,-265851.7840714983
2694,0.003845416525270723,0.028872082122231458,0.006296035074321871,-1235801.0078406907
2695,0.0409330761821329,0.04697874938011223,0.008649340402474132,-462725.1315856919
2696,0.023135608429741203,0.005102149923731709,0.01695700035364875,-293035.00376499427
2697,0.0032548877380263242,0.013227326400871355,0.04951118335446508,-1009756.4653278315
2698,0.0022301633660700925,0.04294841648093353,0.003872628887705243,-1484646.2812165685
2699,0.026449846555868007,0.022605989621367284,0.04657773300103225,431323.95431259775
2700,0.00995249311425448,0.008984100768981757,0.037435704428391614,-656084.3953013726
2701,0.0362859736550177,0.034959088524639935,0.0013063558086190365,-599465.1558950202
2702,0.012997984336245433,0.04199475889271497,0.030042906072838632,-175250.7669058378
2703,0.030109746036609084,0.014795830270240585,0.013008654427847394,-237399.48485450677
2704,0.04732774440091274,0.03638776394266061,0.006343305890091877,-404313.56163553783
2705,0.0468853471071882,0.029118507590902745,0.016668118347854404,-414974.9474553833
2706,0.01985697231997992,0.036270225517630914,0.01881363258430418,-221411.63888211927
2707,0.028937239955930352,0.035524974832420245,0.009768749865298227,-505382.7287778787
2708,0.04721207431212747,0.01780863857177049,0.020968737853845718,-327942.10801381734
2709,0.03492571839339103,0.030439254469388208,0.022005991846958964,-112930.25632007752
2710,0.03248710201503957,0.04514141537860223,0.04001418083227093,729329.3915695116
2711,0.04121295049773868,0.012920420428365649,0.02097016746488188,-318859.66886278416
2712,0.02769095708270296,0.0022095409580741468,0.03848960901886623,-510253.4967245333
2713,0.016173171220754446,0.014129803902050715,0.01296460046780732,-706804.7002657497
2714,0.014168963271003221,0.016900741607891612,0.03024122790380796,-521241.4314767015
2715,0.02917826609500316,0.012785587680093769,0.010321213828660376,-607430.046931362
2716,0.04131790950356784,0.004636166883818327,0.025641142060046376,-638462.5437075997
2717,0.026028043709463808,0.02870684034058108,0.04428250579535679,577946.5967080469
2718,0.031195697004738385,0.04868168831240117,0.04356765416743638,1150347.2539231551
2719,0.010737012974360577,0.012059165511265058,0.01723870679575853,-870171.2976578119
2720,0.019575720754006567,0.027649756015384774,0.011625631644816942,-350495.30403481337
2721,0.011117259055688285,0.01906949786840398,0.0336011556606376,-848676.5822401718
2722,0.03440628065480942,0.048805837002014484,0.010120771696090703,-408449.8513762382
2723,0.019642957592849036,0.04823387489695302,0.034500437133277606,583825.3289044035
2724,0.029613926241100957,0.026982302570067347,0.003775519006812828,-696306.0024241584
2725,0.04466869044079552,0.03127526077075538,0.028583370396401703,398156.87201374164
2726,0.02697501716609213,0.019595710366055587,0.012733234568044639,-130100.66666921656
2727,0.037766099266724217,0.025478375888083105,0.0016969766144610155,-409454.4303994833
2728,0.019954724988608164,0.04643018191114163,0.018694728077043143,-73508.33991823252
2729,0.020661650396278687,0.031198056152751782,0.040083740190794116,363899.8588734049
2730,0.03342305588523561,0.04250273655614733,0.005698529352034915,-456577.22602643317
2731,0.04622962766593244,0.0451960966205693,0.025957429329279393,195534.21754298723
2732,0.031237111889360056,0.010640652510070087,0.022397371899069447,-436587.5778922429
2733,0.010135168045990618,0.0010988339470509756,0.049045153406352626,-868264.5611081449
2734,0.012957325785510255,0.029655415444891767,0.015012519176893153,-527452.2868852845
2735,0.018531081010521745,0.01988807792911374,0.016752336566237886,-569693.6648720844
2736,0.03186998796699679,0.048046813524430305,0.02143173250031165,345136.4029609854
2737,0.04866633620271326,0.033389861867239155,0.030356809751050453,307850.9702362529
2738,0.011855192589946151,0.0031460352949690407,0.04259673851459145,-828857.4941105003
2739,0.02869905319721345,0.020720693121244096,0.040598366104424174,168760.56772107453
2740,0.01552901912886594,0.039180862798224365,0.01639819177028985,-93283.14378265392
2741,0.046044059320208185,0.013398343722840128,0.006877705878728557,-574180.9104212843
2742,0.034904835417470595,0.008142362653238538,0.04746815251444928,-364735.6816719805
2743,0.0327777556194433,0.011543033064226299,0.010440946714271438,-629502.2969165397
2744,0.04619375195602108,0.030392895642494547,0.04468680033362084,509765.14801234193
2745,0.0055112602422912604,0.04626960977895881,0.026002465599704417,-754190.8936695743
2746,0.03342109581656753,0.018643773577064034,0.00295701610029131,-629734.8601588017
2747,0.04789862206709146,0.0497299164554241,0.01822734243802215,-160165.3116909153
2748,0.04719339648759899,0.008386314548078212,0.007734222482928777,-607913.4765717939
2749,0.003655592000458574,0.01956347037920754,0.002615112509079959,-1194962.4306065508
2750,0.01973285948064484,0.006919521432483412,0.03652638977864787,-293755.25387211615
2751,0.041668132466820405,0.034390771389814404,0.010024707621807794,-220955.63454652976
2752,0.038342409645397785,0.012475009851663749,0.037974429848426375,-292359.7815679661
2753,0.028369878744819544,0.018335625814560486,0.004174618900802884,-639960.4004812603
2754,0.04137547549035129,0.04698264603991127,0.03329588900003188,998843.7717563475
2755,0.04822707833467194,0.046705570952149555,0.009730420040187683,-329138.858490841
2756,0.03656061742991067,0.01746524097188473,0.024375868028281303,28842.9259190904
2757,0.007848271557442289,0.04873897140288263,0.03630686915382043,-330590.12025421753
2758,0.013345415481548406,0.018573584508401676,0.02112414634143922,-638824.5337363355
2759,0.03737668620719201,0.046284863338479226,0.016072006649228584,-156818.75529376618
2760,0.02362500441402098,0.02966037864173506,0.01966719962001578,-169772.79889956125
2761,0.025209066168284264,0.0052853814510051,0.008383719386008305,-547386.0991319736
2762,0.020055062861007247,0.045746950588527624,0.01746790228723168,-238482.0793566119
2763,0.012489640430250682,0.037143111042463796,0.04745650830383047,24001.75536938371
2764,0.022956180853177372,0.0004302477783591552,0.0344074665737809,-618210.0015657512
2765,0.020753040080807247,0.03368227683081076,0.013885825791460178,-313187.837891888
2766,0.0001204071908481208,0.017224810937280188,0.03523961713064708,-1476251.9502223693
2767,0.019655664150459464,0.010958706982661298,0.02320034320670508,-359782.25189034303
2768,0.037617426164919275,0.005971654339615301,0.034587601682332395,-410813.14410523296
2769,0.033367201190197364,0.018536893984253566,0.04851680956897472,173286.44095430194
2770,0.04473526497401758,0.015808074040103492,0.0015545546696921543,-358902.1958900364
2771,0.015415240337253833,0.010236097127052163,0.02736259570237964,-737703.0822612039
2772,0.04593722105910773,0.04351687550187608,0.015291457783241336,-323527.8353741869
2773,0.021429876677781852,0.0018271099539783231,0.027208175382457473,-639025.1961642388
2774,0.003168399002536443,0.046930308311454984,0.043346691742613616,-643363.6367615864
2775,0.01070938132187515,0.034968433993102274,0.028401019121666655,-416944.26384443056
2776,0.04006788562580915,0.023782605337575997,0.009588598533288901,-466369.49722914054
2777,0.03199217000614159,0.004014016349797251,0.029229399558421104,-241398.05357906563
2778,0.010635240273222879,0.034246821856178014,0.04140215808640543,98109.97244273125
2779,0.005476236464103623,0.02001342760742962,0.03667607938879984,-926717.821675062
2780,0.008185153075942924,0.02832618350178566,0.033591949093786155,-681180.4642595117
2781,0.01773968036196911,0.04159911371013006,0.02553290925233569,88089.16922105118
2782,0.0313497419970255,0.007043639835238935,0.0011580087266334527,-632812.3393529421
2783,0.002537428541249315,0.045196007409910796,0.04413211921241256,-969420.0487232436
2784,0.04037957195809213,0.00998060456174304,0.026272932597475165,-557631.3236085707
2785,0.03980585502741867,0.03373345906278869,0.00577605968379688,-513120.39998420293
2786,0.04477705999062119,0.008034119638898113,0.008589784670666773,-501167.20282013196
2787,0.04505043145853541,0.024230846954725806,0.018644591297823344,-257715.73325340488
2788,0.027682837114902825,0.04906986664160557,0.005981522762052144,-440000.99848948687
2789,0.037847442439603265,0.016716293112206376,0.005852463542381187,-615498.8585349928
2790,0.02109666776764693,0.027437643886263546,0.010298081886407346,-361586.1558392104
2791,0.020263472954830126,0.03178380127361453,0.02882240098601111,34127.809175745075
2792,0.03615802970274253,0.041820226646870066,0.020457016588468685,450360.9520486653
2793,0.021148363773111373,0.024834606722757658,0.028317668919065175,-145064.1226548856
2794,0.005416133711894583,0.015631767709738703,0.008594589768851213,-1132230.532159336
2795,0.01929263811720658,0.048667703628701826,0.02913654783404899,300748.1972994065
2796,0.021469075996027317,0.028296844761185443,0.03345382777135896,28319.80818951397
2797,0.02174767316452005,0.02238549021264436,0.03507005646908543,-80636.52533937477
2798,0.0030431291602850633,0.027004028414417208,0.027366390610885073,-1038820.8168472233
2799,0.03783761305641905,0.049132237616832906,0.039787739339340406,1048568.6948433524
2800,0.025189430632523404,0.008472658980358927,0.02941304858165853,-215263.43087922764
2801,0.0417149443356343,0.04662070318226663,0.04126551897470503,818542.595952233
2802,0.009448430318128177,0.03562879321746657,0.04400774737429217,-227839.31126327123
2803,0.03405084833134876,0.03428760204641076,0.02500811431255394,167975.31995246085
2804,0.03184881110627526,0.014719035961151056,0.00444050433928726,-613009.6135544778
2805,0.041385745237270025,0.04715721536957579,0.042841116768847214,1197427.1261144185
2806,0.01669567768904015,0.004676507565396415,0.014006919381570327,-859898.0544037342
2807,0.042141768790495006,0.0327907253816608,0.04833471220514686,546962.425579395
2808,0.01713405092185517,0.02757360601458212,0.039501911081911395,5022.5253082220515
2809,0.011699597136590618,0.04820449873298329,0.029619883624590743,-243899.70933365796
2810,0.00039487816598265946,0.0012576637814006198,0.04411080082007976,-1419220.006492653
2811,0.032264076388053876,0.038153625953193104,0.0392008000478454,787553.1628042042
2812,0.021022988812538824,0.03993056230711509,0.04687662224062691,827236.9895461975
2813,0.008608555388481083,0.038206819977101035,0.015389600380778252,-762379.9877203561
2814,0.016074650152692695,0.020637742551819313,0.043185975995404274,26342.11649231373
2815,0.0011028033655024582,0.021696310340513197,0.03400238247846353,-1348011.5401267845
2816,0.005520772914126099,0.03961267985087083,0.04709512989486765,-499243.3932804241
2817,0.00454674105384893,0.007647406891543907,0.04870486124731015,-1299558.3632065114
2818,0.00989278203928708,0.003946983785160224,0.04760962681979501,-805697.3253219979
2819,0.04463113549047345,0.03278627363665656,0.027571546364377666,287839.37444723485
2820,0.04596163481513852,0.03277600375557114,0.0329198329657535,539496.849394925
2821,0.04218427821009765,0.03266228386462105,0.02518384435188388,166915.4929722323
2822,0.019486074894922396,0.02515669463956204,0.026123932454359722,24228.638864887995
2823,0.01804159405591259,0.022405920449017305,0.04009359664317606,207338.45698298884
2824,0.020825668433794395,0.001277988331771468,0.014150966088692457,-517259.8066739071
2825,0.01158709320458491,0.039679100591598425,0.022464652923590442,-165932.45620553402
2826,0.014015527151756657,0.04053524419208124,0.0009608402278306005,-709009.128391896
2827,0.00871254213656088,0.04134774096979,0.02753258638302013,-424760.92310471926
2828,0.03868248872897402,0.04190880073810388,0.04709817442942699,1111131.5328623161
2829,0.0031712299651668998,0.0399617371649236,0.03543830741099174,-817819.4756852696
2830,0.010351280033827959,0.046585113317006155,0.020210094015319605,-593536.5075779896
2831,0.04438052637274021,0.030255685233246274,0.026337397327047832,188353.85053889593
2832,0.007976196694798971,0.045716381214365644,0.02783309536811231,-788655.9682068747
2833,0.0003046202748408722,0.0009142270535141606,0.03888163025090238,-1432112.3339459891
2834,0.008096817668919482,0.029936921781407264,0.034054098096699015,-435755.29396993533
2835,0.013968279647424843,0.028465690420570622,0.012012937299453736,-529723.2617941595
2836,0.04731577136839753,0.04300850781745835,0.014402139574873457,-234898.04247308345
2837,0.02644072454751699,0.025031642857695286,0.0480011628975037,471699.54325954354
2838,0.019701439009192703,0.028111377731078344,0.04643532974437186,247211.7512986957
2839,0.008140552558827908,0.027524280163916906,0.005283646018091482,-1051818.2279051137
2840,0.03087494659092503,0.018284160169350232,0.04838180365898004,394888.38539893035
2841,0.02077045905742632,0.006809381877085342,0.04169999804642021,-342363.5293946346
2842,0.04104333457114571,0.03474298097713922,0.037440590094211405,636970.0587445564
2843,0.013235760884470343,0.03210267502113907,0.0019009935602696815,-1062682.60925159
2844,0.00984450719450173,0.046613972377654335,0.03696176485413293,-101691.75105057863
2845,0.011533627049462892,0.005569154475964406,0.04744597224342508,-647297.0173595637
2846,0.005609383303006638,0.01285350240236241,0.009131699649972859,-936520.1008110453
2847,0.00037319102058839816,0.0157067387049022,0.04870894357993813,-1350031.9786887628
2848,0.017095165290467822,0.025215243973388687,0.03729678919608907,-3739.509318333456
2849,0.027554005103960805,0.03717957537061533,0.033081793409525766,337974.3270155998
2850,0.03042815114995074,0.03248244536058726,0.039958218103912556,368514.8826584694
2851,0.03550956974005521,0.03958874603525958,0.007279881914176567,-616620.2886623165
2852,0.033883686635527016,0.03685109561627666,0.014998321624841727,-76997.89082470628
2853,0.04372886639216412,0.015235580165135022,0.012191605968824865,-525828.0369571039
2854,0.043354840774025565,0.012350991905821335,0.02077512312159001,-382359.4430368764
2855,0.018396141501840945,0.04490309112791362,0.022761786914398216,-90125.8024154119
2856,0.03471544666481078,0.03970194523219145,0.03139517903735881,855852.1092553958
2857,0.047184724916245736,0.040125376462800406,0.020010331383743158,6115.06158128773
2858,0.047540592162884164,0.02622874166356671,0.0011288661472447948,-492328.9679890361
2859,0.01300066398264484,0.03108647935186333,0.007840745116221837,-684379.6747147815
2860,0.029203402244660184,0.018079901115376492,0.0267192740029137,33009.42108087913
2861,9.374239366264359e-05,0.042421067733434924,0.01809627438877642,-1336643.213603065
2862,0.007007921713897653,0.021895792850254,0.024308864674441707,-727674.2696958954
2863,0.03187013552480945,0.026228122017613986,0.002176179103353132,-782812.2897872136
2864,0.04357561610388824,0.022825446589348066,0.0038493886266504464,-466289.89701321913
2865,0.038641411826459256,0.03300772093915341,0.03247188863846109,514870.81471845886
2866,0.021345700086778052,0.02052485313104942,0.026816931819367142,-236245.13586430735
2867,0.0025297206449551636,0.014947888210896043,0.04939470867811868,-1183354.8124341858
2868,0.033109624456403794,0.020946708270866105,0.011118155147022652,-422412.38409685873
2869,0.03726046809501168,0.01301451548530957,0.008118505192314768,-586852.1224154724
2870,0.007725745011714364,0.03646316395823662,0.032140512714435875,-434464.55306314223
2871,0.003490304968561531,0.005752140768110126,0.03169234336767886,-1187071.0756869663
2872,0.02855580509360795,0.03429995301859067,0.0089019454181631,-330502.75503617903
2873,0.03632939531085835,0.04680482336652749,0.03005251572677206,828002.6931949543
2874,0.009806500982139194,0.03397719276420533,0.01715408417730322,-652038.9805026869
2875,0.0024643873192860713,0.015116934767624924,0.045279255097506604,-1199063.6462648024
2876,0.020556966008798763,0.04323326690155462,0.025432967176139583,391227.593586144
2877,0.025848899447980002,0.0002608160532447168,0.031855203664448606,-730244.6534468477
2878,0.005390692251521012,0.023937420734102717,0.013015842782904947,-922421.0430095628
2879,0.019619148291465743,0.026853867783340042,0.0007232057300986417,-832695.2830998051
2880,0.014229179163581141,0.04948059671459325,0.002869956291027981,-746484.7405660611
2881,0.01596967440786842,0.016071073748232412,0.01896929604663813,-462302.38360296364
2882,0.03423904592211727,0.01238718993414823,0.02301346720680264,-389448.13507756137
2883,0.03224317834262246,0.016116102916429433,0.047438629025162736,243201.899118101
2884,0.04898363174713407,0.0059836783843755575,0.017190994220040508,-652494.9191608166
2885,0.010398603490323767,0.009339479777855758,0.024548991916913978,-833638.2657657198
2886,0.028191355406743945,0.02128260202987996,0.013627743654868036,-381458.05922238587
2887,0.013931078712681982,0.04960640781703654,0.04618386869951253,577478.8174273267
2888,0.003794942049467859,0.03282753259980628,0.022843880374242218,-1059804.8421321893
2889,0.0344407048599581,0.029848035277027674,0.04446262000412088,439817.24887854734
2890,0.0033494157144412506,0.017479895602885275,0.04927470628877924,-964105.1036929328
2891,0.009114267449530838,0.006366671975332361,0.03644860030002877,-932162.1763179093
2892,0.038871758000873176,0.03361367738373301,0.03880979143799627,566550.2180323123
2893,0.03468607860465861,0.006788534114458839,0.030411094873925355,-530197.3518460838
2894,0.03884383412797662,0.043275830316223396,0.012311762134185384,-459726.9460962096
2895,0.006371538046926928,0.039054522179128984,0.012827417251783269,-1148074.7212892908
2896,0.0015964739160443664,0.04126067818246521,0.025299556690543002,-1126279.187065702
2897,0.0163316566214211,0.0005714552615774582,0.0017663722353973843,-996216.4625900504
2898,0.03963116352801474,0.024485294248243222,0.007486102464823008,-454834.30206152645
2899,0.017925281362450907,0.008265257376876145,0.005644077659019331,-535036.4245616669
2900,0.013815391033707181,0.027475427373119872,0.010500330390611346,-511481.57551623235
2901,0.017183554064238354,0.023896544197822986,0.021001486959157597,-81023.44238123606
2902,0.006431389956064482,0.001943281776794409,0.0017729363474469463,-1194811.8525709063
2903,0.01750895090139337,0.03594010392686614,0.006562764936463534,-503568.7778949063
2904,0.03934900581822128,0.03578371546569184,0.00019717454428055947,-428308.68041376414
2905,0.0013373936490922557,0.009751660776902583,0.0028060455525292516,-1456177.1391713147
2906,0.0265671552635153,0.0019813630729207886,0.040132291899769884,-415574.3183528419
2907,0.02464810344729053,0.03639771833362388,0.03753512754679206,455059.11228398996
2908,0.025338196983511637,0.04626814381267331,0.04951203869276541,1398481.922179835
2909,0.017960734300727293,0.006293207012461677,0.018161908932393344,-524265.9893321212
2910,0.011167694850713505,0.026550283353087508,0.018919380062620075,-710106.0540552562
2911,0.024022470714339546,0.038159378803800076,0.013701048727092609,-195860.77514323426
2912,0.026873736231986273,0.01675806246643442,0.03924804320603307,138550.1910273253
2913,0.03197683162038482,0.00042523652553053685,0.03300256705526092,-683440.1633301093
2914,0.008508100403329116,0.036223689510151966,0.028366933342272905,-380386.63324824814
2915,0.020074133886158738,0.034703321460362924,0.04282966429343901,359866.6663721808
2916,0.038937185693103664,0.02726896382859538,0.036134716012976485,540005.5305879149
2917,0.02069572771963768,0.03945130607815644,0.04145259458114091,467996.977759781
2918,0.006864691843819937,0.011901567979697315,0.013499436867457922,-954495.5702784454
2919,0.008304085949104579,0.019626750344871036,0.009651660572480614,-971618.9038611228
2920,0.029776965546330476,0.0050807721448807965,0.01349595765133782,-395516.0368028565
2921,0.03327603229731784,0.01992725615666746,0.021073137092670387,15867.8655530515
2922,0.03989626264791946,0.049225577664549325,0.028253389162710647,697583.2306633391
2923,0.003953358573180388,0.005145148711181796,0.04842503610147081,-1220076.3774494047
2924,0.03396174563742358,0.03762345591669097,0.03378818788427707,504904.85619824193
2925,0.008980880084757665,0.022418108041238102,0.03990402188096828,-329691.78850241547
2926,0.04331814814710366,0.011866775737318603,0.029798089541691032,-354107.6364383716
2927,0.007855095136922669,0.047913843656087585,0.012610214449624381,-863631.4193289806
2928,0.03633175643019484,0.011555647211342718,0.030802697143927082,-408839.05329856975
2929,0.03296321535113283,0.016421405172737637,0.040941693271302565,-160650.4822442856
2930,0.04426854491237253,0.04275349651269975,0.01653991097323587,-164811.43914845947
2931,0.0372170129506327,0.02797453774346121,0.029631416224600582,299969.96775218385
2932,0.023871254262923094,0.030013057398443583,0.0067827079017874995,-383386.89345827134
2933,0.020442361655872765,0.008883588099397299,0.01400527654857129,-646302.3867927513
2934,0.006390726796106689,0.010624780261101002,0.0390964627893858,-951839.7158939936
2935,0.027491823108883512,0.0011821559256117498,0.03942622419010578,-526973.6709379671
2936,0.04547341979647453,0.04402146378913188,0.04115084414366609,1021135.318003673
2937,0.04961082214004685,0.029320097776896648,0.048129381425745243,421068.1085230428
2938,0.047442211625071375,0.015661936525171966,0.04317168780279354,-411568.71099790116
2939,0.03962363327793886,0.03878993887005428,0.0448140385645961,988971.2122964155
2940,0.019209500496015386,0.020002748294369096,0.03200261546018182,-349050.0006253433
2941,0.0368902268907171,0.043986855132880726,0.0437922660329641,1205814.8872496432
2942,0.036066981219312996,0.04784463889107614,0.008931430947312113,-181789.33235396154
2943,0.04751699235900431,0.0032095741016810787,0.027781094059595914,-500903.7606119353
2944,0.004509847850406113,0.028400048759906822,0.019505485622785975,-1118673.3327035161
2945,0.004080471575119343,0.03240584025120942,0.03655989998114209,-673390.9978919075
2946,0.008709270680999066,0.03472183596543845,0.008952377457386645,-761697.9027594434
2947,0.006869822465763825,0.007368163326237288,0.029953923447716746,-961133.9129564611
2948,0.03893954040633016,0.02984468507369068,0.040467572650912255,503380.0917064939
2949,0.02957386705351846,0.03986606236742434,0.04882612505666503,837854.9290135627
2950,0.019547990398411232,0.007497108846344736,0.006769840585247883,-522439.13758109475
2951,0.029873879832829905,0.0273551532927671,0.009211768927101538,-344848.31815664296
2952,0.04410524813338368,0.04783741842270942,0.012660782155165085,-417099.23815854156
2953,0.010344146545053352,0.010696092615377363,0.019371076484567974,-814084.8564348792
2954,0.04266135876494732,0.029798030497055896,0.003377671586633496,-576846.3827494538
2955,0.02364895425860336,0.004516584151404629,0.020310705700422007,-646593.47527734
2956,0.020176007115165852,0.032417633285482285,0.02747269834815505,179919.42509841442
2957,0.043737739116954305,0.0008137591332736172,0.03869994110473246,-565168.0336740591
2958,0.001132917047792087,0.0152144914238183,0.04398315690897817,-1397584.575994525
2959,0.034520708583856086,0.008599833918307166,0.024539227205597147,-320350.23542588996
2960,0.03609520904889929,0.04686716606697647,0.03171605996091019,522085.9529035474
2961,0.0012337705716463643,0.02498509298481418,0.007648081958541386,-1457102.1991289365
2962,0.0023889775237460665,0.029925531734079216,0.03884609512552123,-1157309.3615761446
2963,0.0018030277748202152,0.03917946354827598,0.03531939399057544,-1018876.0253492229
2964,0.03759934440841807,0.012236418635785024,0.019679772774671457,-452297.5868008014
2965,0.005987541360360948,0.011944547511723325,0.015139483573871505,-1067633.4723406457
2966,0.015971831976839306,0.00875199440484059,0.009435589903557168,-830511.1587678455
2967,0.04507351998960801,0.039194680740780294,0.01722388517457187,-98703.06801161285
2968,0.047382176974048035,0.011946135639616197,0.020341022672502537,-563740.2103871133
2969,0.040676265571728536,0.022144318510181334,0.0117312661454073,-391784.97735659115
2970,0.01842677338107442,0.02503605361873408,0.03103221918301687,-90660.29696321083
2971,0.020280324979076166,0.021565216555998714,0.013197180640071261,-553291.0784198681
2972,0.026767364920870586,0.01097281168847732,0.043376310905403795,4237.820436962149
2973,0.03736835351331507,0.020513949420709207,0.03736139235164239,29108.097045172308
2974,0.00034979709046865096,0.01722446113211983,0.02201505740733943,-1650018.2158778533
2975,0.023489925377284865,0.037436573885516945,0.04814037137808569,1098471.5242677175
2976,0.018999856522140153,0.017529992476393735,0.03052576132901981,-350387.6097922064
2977,0.014062680709578945,0.007067516690759463,0.04807704352460994,-553948.9148955693
2978,0.040476497840451105,0.047924977651206395,0.010891643934195833,-429928.8119558459
2979,0.0008904607484835292,0.021863078786905323,0.046680448149579064,-1035253.2657864864
2980,0.0069162669435879455,0.0058592761417299195,0.003447639212292103,-1211478.9212940424
2981,0.03825089994659874,0.03929632669167695,0.0347688027831732,820908.2476220499
2982,0.0026645922561168048,0.03616441679076019,0.02243144042308436,-1406040.9928902537
2983,0.007894721096830249,0.014756300524230104,0.02505734199664805,-835129.9531987371
2984,0.016482573613484052,0.048487461337079624,0.023737087085359966,79117.61593881123
2985,0.018607525512607182,0.03365827144840183,0.03252725284279574,-214468.0560211641
2986,0.00012196402026337095,0.03092368491503715,0.012188448738451686,-1446824.7383649691
2987,0.018761682079396082,0.03531744453674222,0.027869311050534792,24824.883034391918
2988,0.018432757207754846,0.008370517591856202,0.02527410936238766,-333411.57164510863
2989,0.01596830117536016,0.045646390420403755,0.026717332014452533,-137978.95663623442
2990,0.04329819970852063,0.01950905142417557,0.04137185818939803,-266799.20660222566
2991,0.0028268451086039315,0.014905951278400748,0.003908796652234969,-1359591.5732359544
2992,0.0015825090357436955,0.045943112266155946,0.035843437219983995,-844120.5125199746
2993,0.031255503223423534,0.02662464047059165,0.0284777018108421,119587.66801689022
2994,0.031934519069322674,0.04132898973700516,0.029844427789776414,455858.21185813873
2995,0.037429038155544124,0.014048902591486745,0.04883808689082361,-43532.967692865575
2996,0.0015948604218514462,0.019328829763865775,0.0441024775751852,-984461.9390553457
2997,0.00902614813430951,0.007066904646682898,0.018271538344995675,-1046150.5744462087
2998,0.021409735025841377,0.04666970303308639,0.04180597673544106,763285.0634730761
2999,0.02320448188452571,0.04864875504408015,0.03211392020795322,799667.9110851992
3000,0.043682936599094564,0.012302849024341273,0.02444820371499914,-438842.7084989722
3001,0.0014858606678216646,0.0004440096633224422,0.03527266104697323,-1216525.7149960732
3002,0.005914681123280036,0.02739041185554088,0.034800374110501,-822047.0568376806
3003,0.0016117293114819632,0.022437069957284103,0.03420759684929199,-1266778.5740110415
3004,0.044486549392742505,0.014961505030082823,0.04871082648421651,32325.82385621271
3005,0.04222707498298487,0.03253175360409272,0.01959627536230656,-83762.33477345378
3006,0.03555551880997493,0.04080966345351767,0.015164993744327865,-192759.45588060527
3007,0.049641503245351465,0.045430968487731954,0.024275072017146133,-126614.46781974616
3008,0.03614149578876976,0.026200444730939094,0.03804652760985131,527158.2743856593
3009,0.04134911019389907,0.0011611277578521262,0.003956601485032463,-644424.6275970025
3010,0.01682337079383635,0.04588068163161748,0.019913679157169486,14366.939500331102
3011,0.04437561076009622,0.023121695631587648,0.01444264601557867,-326196.3527101001
3012,0.04503225915312476,0.028033538445933877,0.018024214751502066,-268151.2161345671
3013,0.00222035018139084,0.005546656622411195,0.0069655163820765255,-1691901.954390366
3014,0.018241814520530315,0.0303666477872172,0.015379505721096493,-321970.4177411211
3015,0.00327638168824001,0.01324043686586669,0.02043408254498051,-1035935.4125274422
3016,0.049613496433616455,0.019649345237546936,0.004459770937372198,-549278.0418817971
3017,0.029055740723696672,0.04598200363131449,0.03933478494308751,782660.663614517
3018,0.04181091545936183,0.046411589805116525,0.031827175169276904,741512.8493306072
3019,0.049746136532674935,0.0016640784939825405,0.04174198380717811,-452249.0517678063
3020,0.04285053347611309,0.04583501953809825,0.023908472881792455,316294.07749104465
3021,0.03938779618103,0.009754019956058992,0.03015651125891072,-207987.648563062
3022,0.017932257618173072,0.029808682533098776,0.03377802535791501,147155.80768577798
3023,0.017353433337308943,0.0108119149651436,0.016084395442966738,-682546.9010844978
3024,0.03319786225537213,0.033843711683640525,0.03706584680120494,729647.8349230061
3025,0.006326830428635299,0.04092586951272308,0.034407390077047774,-522376.79548887815
3026,0.001525253834531959,0.01677989247175254,0.023335562795323856,-1502087.2352754937
3027,0.01803087451934074,0.005870844410420656,0.010367314225250352,-560756.960137065
3028,0.001228069745506627,0.004653858067628142,0.013315005886227239,-1703779.6597614589
3029,0.04099851328178653,0.026331875496860016,0.0212248945345553,-167527.79739587026
3030,0.03310814719792745,0.027075528016250263,0.006575696337781312,-622288.4587189596
3031,0.011131168191209479,0.011126118049530382,0.02999762563061711,-589193.7581756517
3032,0.023081218309467324,0.019379253128042687,0.0278319586440894,-95373.49745159486
3033,0.04850578928912786,0.01570967280279384,0.026009771681675866,-332801.6483854902
3034,0.024018500782205784,0.03583215158729224,0.036514513399145805,179402.41994919884
3035,0.03645353607065203,0.01007597899693724,0.022454656818059388,-260453.05082152656
3036,0.04055873455145688,0.019076508527032188,0.049212755864496444,67439.57765667661
3037,0.01823933708960996,0.02488334136709841,0.023726279740127344,-137558.51188402486
3038,0.021683190123462127,0.04228156841598108,0.007763761877400677,-287812.6515231326
3039,0.028383235320699154,0.030930078867771185,0.042561065403468545,468436.9230708885
3040,0.030460007996305424,0.048001017389389035,0.043608385613046446,1036917.7224743654
3041,0.017436997417636574,0.042995322264541724,0.04792389070467279,830486.2119899044
3042,0.012859859046229317,0.030510440333220423,0.014090195617106777,-546007.6588535375
3043,0.03247836395411088,0.004682140227351095,0.03670940109345288,-522796.613419416
3044,0.020990991429767143,0.02936535893382184,0.0012931201261749071,-739005.594637177
3045,0.034772072760516415,0.02479956770676217,0.0312625503843921,263307.9608685153
3046,0.015783398618808703,0.0072910086710707206,0.021771447099807103,-640338.6113235258
3047,0.04719895606431817,0.011389701332690266,0.033791950601762585,-219097.36675075607
3048,0.0024921772017270694,0.03590498926334642,0.011921859340074654,-1328960.2286015225
3049,0.022575853011466626,0.018387655029738704,0.005642017165867774,-425332.8288093963
3050,0.017279097625588786,0.017506247914659278,0.02610528195148758,-537775.266678482
3051,0.048617576646999366,0.02350087612553152,0.04572130778163169,77221.66644855312
3052,0.02307788292812777,0.005377165043746974,0.01150764476379701,-580936.5716761502
3053,0.020375883802880013,0.01626843864850924,0.04329146437662459,42688.37667271566
3054,0.033932280109827566,0.028915422595933674,0.02456147756183453,118090.73411077392
3055,0.019863530914453344,0.03060962199160057,0.00623035827221905,-342040.9814236266
3056,0.008126659410845283,0.015155817669834998,0.008559230823053722,-891698.2942172046
3057,0.03385493595124083,0.001238416070312265,0.008008874583337506,-600310.5981150522
3058,0.04513040547494017,0.04987715741110435,0.024379523891404655,348579.6572058504
3059,0.024768503651087917,0.038669938111871915,0.0018094788810287532,-518806.503301465
3060,0.021351074095048907,0.004991394090747992,0.0200463191328243,-524971.5455601274
3061,0.049191092056443744,0.03768166404016806,0.0492522937842609,934060.3956403871
3062,0.037302431283530085,0.03040550359032942,0.03771104164636217,802972.3348427224
3063,0.03295458364854924,0.02320330149509542,0.014627316700260502,-299505.91156243195
3064,0.026008902966717748,0.012924673695071526,0.024333817322107265,-187347.80087287017
3065,0.0073067702960543,0.028269754948502042,0.012264184540605239,-1051432.4116992168
3066,0.014680405197078484,0.024951407089119422,0.008126312651079038,-527089.1401375108
3067,0.04811899418179596,0.02234721576964381,0.017613961481337554,-496796.59821062896
3068,0.0014598302546290466,0.04216271815561165,0.03129169576531922,-1268583.3359375736
3069,0.020820257742064863,0.012276639966923786,0.03725687093376926,-241913.11167671514
3070,0.04727372878708336,0.01904048528260101,0.006743803418961564,-317855.04184859555
3071,0.005459737363636869,0.0003180986166942956,0.0371977720385861,-1089576.075235113
3072,0.049069769295083526,0.04964088763767841,0.03920986271714628,1022095.2521295233
3073,0.00810918891480218,0.04888547279565608,0.016390672150097547,-818380.7276131855
3074,0.016680980474627183,0.034366847644621945,0.002452459353722569,-643598.9909741424
3075,0.04128848649537797,0.04986486382438721,0.03875348890449587,957567.4823960469
3076,0.03908382456036666,0.01951568352832755,0.003296069450782846,-589701.5747468456
3077,0.03963337171172117,0.02985790434524003,0.045466934456104224,725910.9689329603
3078,0.005798145008341627,0.015256153154705417,0.018032807686169324,-1007636.5362854364
3079,0.034163985427234575,0.039387258155157756,0.04805102042922102,948927.7148318494
3080,0.014770357916207722,0.024681820428212365,0.0014480465040649206,-414156.8841885492
3081,0.012649393905444395,0.01870017540598202,0.029690310326272413,-584041.4467237563
3082,0.023542274679958702,0.01822375298884987,0.03120389832646708,-252648.75590556388
3083,0.04143078385585002,0.012084056649239462,0.017143793963020616,-380459.26230171276
3084,0.035246182484351,0.038897029937926514,0.041269843586732365,699410.2035394378
3085,0.010466560944851433,0.026963348062220782,0.04500055492626422,-225170.8498999464
3086,0.01959752275457459,0.021494154511077786,0.04924114719503429,308125.0245732512
3087,0.005652632301625271,0.0352800994730818,0.042509206352044596,-488996.22187493934
3088,0.0075396758317008705,0.03572266180036187,0.023486911100522114,-756654.4752952936
3089,0.042644544233732165,0.045372615841795305,0.04362424515772867,1201010.917241144
3090,0.003219256878950638,0.037842763840748715,0.04607637874929147,-873183.8226908493
3091,0.031067422033546552,0.03004380302392451,0.00225026936990555,-522211.47173341014
3092,0.04280165111029693,0.0023201780414580766,0.015675480319233697,-514428.14848960156
3093,0.04629315326436078,0.047487257136475614,0.04959502702379613,1504071.319975509
3094,0.023820114280644313,0.008871477319050542,0.024397224341454193,-566001.387326073
3095,0.005115646254152462,0.04362680544849849,0.028026861663325242,-739262.3610579199
3096,0.020225294958337765,0.003976535124040221,0.020262033840831525,-526292.3241605251
3097,0.043309580419505445,0.03517029662386064,0.0041227758755483295,-452400.0567645291
3098,0.007995359986308792,0.019615424535375233,0.005068754134295934,-878231.1995160802
3099,0.04670205959966355,0.0326146022315438,0.004741150065197253,-370280.566371379
3100,0.03940287311902304,0.018420296428597143,0.012243532227661042,-424628.27744151565
3101,0.028499247096984554,0.0006686066560270654,0.023269883005212752,-436096.2972155652
3102,0.04219024965475848,0.04640287979927842,0.017127735220821987,-285016.29291612504
3103,0.03212182940825222,0.01134117191844168,0.028010653549235456,-155101.36839494098
3104,0.012701386307659452,0.028567825431372647,0.008586105864661547,-913622.6946477547
3105,0.04706162783803717,0.04434587382036459,0.016845912472441993,-358116.21835147706
3106,0.038833144446247136,0.004775206536609728,0.0370180454352712,-629221.9791771343
3107,0.014122956480635208,0.0067820884337931155,0.033909560895180685,-700241.2595643387
3108,0.023490340890969463,0.0265069800865222,0.026026489206896042,128589.0206017098
3109,0.002972399105300977,0.0025690124546338513,0.030058375197404848,-1279301.3604134282
3110,0.031193232117770833,0.00235872782575573,0.01892196659439089,-534581.3594474988
3111,0.03064256397802137,0.032834032787653816,0.04141378796382758,493327.4183557588
3112,0.021036614179844045,0.02741288905734844,0.028928018780440864,94448.64682332132
3113,0.01560226416501595,0.0026912701220805804,0.00021129631025523234,-881329.2814288839
3114,0.04180627080592625,0.010011591126119318,0.03151273320795678,-278025.5790566392
3115,0.02885237393219598,0.01998165383702595,0.04167466543503169,368889.40963071655
3116,0.034920079784668955,0.001137073171958647,0.03883470366783424,-450875.20843010553
3117,0.025349940900088117,0.017350964454142342,0.0363442328255839,11679.144077266847
3118,0.03430328148231347,0.015529411893447455,0.04915194357489407,224991.13668691812
3119,0.032435424335587666,0.03028898562269468,0.0034940181740886036,-578405.7063014333
3120,0.013965939017236874,0.022348700116322076,0.03153128521548382,-78406.11109078725
3121,0.02563818153651889,0.038151646673569566,0.013128385623395095,-81878.01663650225
3122,0.03510784976412422,0.04082985234455813,0.038252498779147666,854184.1939899089
3123,0.03854232922940168,0.044425352863108274,0.004208927124024475,-654666.4246469331
3124,0.034859578568705155,0.04843391005582305,0.02868253249372691,359945.4948042744
3125,0.010865815599219631,0.049937690288710646,0.008733864641073947,-792900.3666361293
3126,0.016777884868742966,0.008603109420858391,0.023225643437503413,-376643.9255716087
3127,0.020943800480547916,0.02456204482552864,0.04639917000277148,328935.74130526255
3128,0.023916219291711255,0.025731316310682206,0.04433410529592341,306044.2451234207
3129,0.040887899700741616,0.011986101561272212,0.0006462977614425103,-587365.9612865235
3130,0.03147497961010256,0.04224249119187601,0.027642505630520006,632057.4643307817
3131,0.010558846000642259,0.03706775453376534,0.033476964130563495,-228304.6538648668
3132,0.028251626870427645,0.04316680870104919,0.03921211764695164,643291.9767701253
3133,0.033397604571139015,0.03323793345116092,0.03311013171491375,780517.6929968492
3134,0.0262582372458282,0.023196082232192352,0.035480022974935986,-136949.1827893247
3135,0.030524724073511558,0.024499028115027157,0.006333067695552081,-445701.196333511
3136,0.03509643943265828,0.03229992852889827,0.01711242129867518,-36071.88549016548
3137,0.017816158310753838,0.012336119206762614,0.048095762818250946,-366468.6664641772
3138,0.043010068143436136,0.02805245147061084,0.020082657327925715,-22845.7011703763
3139,0.036841263184821164,0.02638640880629986,0.0487925516957557,665981.2506687782
3140,0.002756130696107728,0.0017142867026737564,0.028430550898668666,-1128006.2871246894
3141,0.010163961134445338,0.030215208177509625,0.03907115142735887,-133045.44182259633
3142,0.0069054880592436425,0.022030411209476398,0.03443335417246776,-687947.7547127346
3143,0.04169317853364857,0.024817204501817864,0.01030767934530108,-314661.0494418376
3144,0.02928996277928165,0.022725853436249978,0.038596271350224295,284311.11829547957
3145,0.027778803210147404,0.01397114224852154,0.03771964598605941,58236.04536614422
3146,0.025887350648097985,0.008877327613916375,0.02815361615709973,-333257.1599285538
3147,0.04741600299229365,0.03527581304688681,0.014940168072898947,-444471.24166526104
3148,0.0355436587646429,0.014130315550108947,0.027134441877063094,-112033.19303603658
3149,0.026329788189377642,0.012369543945590184,0.017394059993990903,-124252.33484370222
3150,0.04710907273930229,0.012529926820771682,0.040051352181549295,-453401.3778088853
3151,0.033368529000607,0.026631456626288227,0.006875743473258172,-423960.5782464049
3152,0.01022853763531889,0.008948881179520196,0.02933971294868762,-743631.2777848921
3153,0.0486691598359239,0.04386196313874974,0.0012625941464788626,-291042.8472715373
3154,0.013686331223117326,0.007862872946851108,0.04878389209489509,-551570.6894672416
3155,0.011780511729890752,0.010065659251939696,0.031043764679112962,-647279.3682242839
3156,0.027809329178739323,0.011292574189061745,0.03351824322686211,-243417.66628518025
3157,0.004850360564734458,0.0009684533015446085,0.004120739535317342,-1271663.7513437534
3158,0.01824341129878863,0.048750816393740876,0.027362349940468197,451792.03820012725
3159,0.037736305150773364,0.01607478761157797,0.035966953274166456,-267131.359597192
3160,0.04830905990611788,0.017888044514102665,0.049952971736751256,57815.87914620982
3161,0.031920497551583306,0.037429570623236194,0.012608361942407498,-68859.43323087506
3162,0.032154538458862084,0.025550312573119374,0.0478201322738718,425000.0347185562
3163,0.04523375238947577,0.019833629946253862,0.047343487576911675,138425.92887711464
3164,0.04424062763750049,0.02951919251845696,0.004105895439477015,-597590.6702555318
3165,0.008039512032976887,0.003843712233690011,0.005399655732453052,-1009483.6366955467
3166,0.04884761871965389,0.010608364960807616,0.03454272911703315,-308299.9409859023
3167,0.03182641288413848,0.03155724324265019,0.010335199979801491,-377791.3181062973
3168,0.02896732971923048,0.03127691747924758,0.028520265832255556,338728.02712406707
3169,0.009308123363783933,0.03615302985373545,0.003662158095825552,-902052.2383522375
3170,0.029560000590981097,0.02181296662006567,0.012514329656653684,-239049.16353978688
3171,0.04036944945130694,0.008794628333609195,0.04664908799489755,-238195.00348972573
3172,0.04422825141605935,0.01802937735810415,0.015257646542929666,-722325.5666168315
3173,0.006874334170945107,0.045816390796697797,0.0313765929411636,-300055.0855510334
3174,0.0015891791071701578,0.025549970728080525,0.004289947391469345,-1486787.2658219817
3175,0.028687534247642088,0.025448085916040628,0.004142302275136101,-691883.0196394267
3176,0.04079302965583864,0.013115858858313885,0.02707421820833495,-132539.72630952214
3177,0.03195194383152672,0.04811522667875833,0.0246905846439923,475996.50343577337
3178,0.04586578861439618,0.017742867067384944,0.04287186008249975,-132651.4633543327
3179,0.011791311347570839,0.03537398812177089,0.004430599687749825,-649123.2272599055
3180,0.04930251783418296,0.0476968199931184,0.02211068192586889,-97974.53858711351
3181,0.02619676089951268,0.029888743115901107,0.013751877984483503,-126734.5520839737
3182,0.033723571760258135,0.0349280973302258,0.026253824616263785,180439.83356123295
3183,0.007387034624260886,0.04595929719458,0.005752254117280764,-1092696.8055836165
3184,0.03145860843552557,0.005154429830487756,0.007305035456646131,-640341.1935603606
3185,0.0010269157014414498,0.01816820419283798,0.031979128221101896,-1158411.2025112086
3186,0.026077210986643604,0.03372695756242429,0.03375094304354764,482009.5204316687
3187,0.007008687199711933,0.002866870171085778,0.031267907021733495,-1059028.8690048524
3188,0.032661215248762136,0.027835186757085226,0.012288123316203537,-386629.0273602236
3189,0.040538260849112696,0.0037843007748128545,0.03161558946606797,-608523.4279367666
3190,0.006020576793968608,0.03272238582166148,0.020886289391174824,-865191.423949623
3191,0.035905152771883574,0.002609610123846734,0.0277541494240184,-434741.5918675117
3192,0.007243894944003982,0.03411908158052369,0.005997781565584121,-964533.4141759317
3193,0.0036791661475962913,0.03565613990918063,0.003176596728414116,-1498819.3136708133
3194,0.011226540896575805,0.04123675985628361,0.04048441539041132,-9026.791280571559
3195,0.0427062878890388,0.016304994479435685,0.026402401437510464,-258304.46778942854
3196,0.0386673676303076,0.006849275750554024,0.03621954396078591,-313572.7590912616
3197,0.004874317469732731,0.045662530431343384,0.031865509125581296,-662803.0441635818
3198,0.024665265634487794,0.02423646273335821,0.00906810239224552,-572382.1546719809
3199,0.017295868622732687,0.036356183265857454,0.02704718104271943,-72692.92511730333
3200,0.026465310205013144,0.009762294727278971,0.0345181155976842,-347262.4806183249
3201,0.019601695053067515,0.009137666921926708,0.04718923757981647,-263394.4973020807
3202,0.025339937343280258,0.026401832375618273,0.049068595510740304,472855.0214311567
3203,0.018320306858524673,0.04715103422812248,0.034746268056774,302102.1696597995
3204,0.03165478163724,0.01172091509712403,0.0025877836193895056,-719960.5173898677
3205,0.02188919191425694,0.0005085480997862546,0.0035501255385191723,-653406.4426645223
3206,0.02976633778471865,0.036223591653651376,0.008397416596213847,-440690.38647169125
3207,0.03662502063368869,0.04748629132973759,0.037158804036309834,678378.7559280726
3208,0.039235760978751644,0.03503562901341859,0.01123687202273756,-352062.8118802734
3209,0.018044497107791803,0.04746334813849087,0.03306052894850594,333770.64377617923
3210,0.03945123669670361,0.04843473094223387,0.011571846025633287,-468295.44837273256
3211,0.016084333366327676,0.03224008264172498,0.0012178736892003662,-734881.7798183915
3212,0.028560953866685286,0.040434418975724945,0.03052216869120626,726258.211330923
3213,0.014769664194805543,0.03620520416680308,0.007301581233997279,-658070.3002441927
3214,0.04473867346392584,0.005045751552022771,0.04317455668812174,-467943.3453620547
3215,0.024890471386811625,0.021432350174390092,0.025033088028771567,-97490.50804274491
3216,0.01001031515464606,0.02288427897794068,0.042485990794932926,-580032.6402609926
3217,0.04004776211093995,0.008152426724566465,0.03367104890645309,-191565.61967687643
3218,0.04284186324827127,0.04098837943094047,0.02128162216485907,115780.61596328703
3219,0.0024046420173057916,0.04655847114868746,0.019794255792403098,-1212589.4874714168
3220,0.01804883186281719,0.03797574722394065,0.013198610774601128,-239096.6743346139
3221,0.0417373961583646,0.003802578040965782,0.037035560035810544,-376797.64876411355
3222,0.04828947452207658,0.049788439843708676,0.04619021800320832,1135743.5136084706
3223,0.04353812027031548,0.01394401122288651,0.048332418131488204,-97892.6901250513
3224,0.04639482969071765,0.02671862535125933,0.020103882719683983,-425492.7511483529
3225,0.005463362677909412,0.029531703891256242,0.03502729742610988,-889146.2782671945
3226,0.02019982915907645,0.020301478031526595,0.028665569535715193,-356670.2175761345
3227,0.00138920479535809,0.047893294819337455,0.01449528535483547,-1191090.1675239403
3228,0.007044543088444006,0.0002744198067295201,0.04284457706928567,-924464.2082366655
3229,0.04316036878998346,0.004765330225885506,0.0076120651444400505,-663632.1720963836
3230,0.022395111562888398,0.00928520865331578,0.036791056841837845,-278356.8204796551
3231,0.0029019872852861176,0.027485466619293304,0.019139578255695205,-1256284.7894026455
3232,0.02324732418461258,0.02123785588478009,0.007657959126732683,-442422.7155468273
3233,0.011014074265428116,0.00324038494552133,0.005764278764953563,-962700.6624260292
3234,0.048894741120945745,0.013989340583862598,0.015351276966978212,-489212.8561180838
3235,0.006355316521606053,0.03775821022483758,0.0462071405093641,-555520.167267235
3236,0.03948752685333255,0.030630791471708593,0.04066164578052881,705658.8628946613
3237,0.02021151164664292,0.04297486775403438,0.0399259424819091,561577.461901656
3238,8.623221281595095e-05,0.02438970674587585,0.013230828803961309,-1675301.2703660901
3239,0.004311645818384774,0.04230980213738875,0.0003974842150561153,-1433827.4193396445
3240,0.03650817510276801,0.049409606049859306,0.024100988335311786,415779.7838991326
3241,0.018562026497071733,0.030291647723735673,0.04023489138238361,343739.66324710444
3242,0.012012599688763942,0.012535071457676811,0.030358900704342343,-660201.6889850377
3243,0.04699399104271527,0.014921998787938174,0.018837733161450654,-393690.5486664496
3244,0.04966666507301448,0.00881110826032579,0.0038484084187652037,-550143.4446864721
3245,0.029487761944030307,0.0012133494210816499,0.009021661563741136,-615167.578696335
3246,0.031110459034523405,0.03297562003456665,0.025521262482380985,466568.54253119323
3247,0.019187402311469166,0.02880987922109242,0.03216928765166194,104989.6531256407
3248,0.04017410231458254,0.039637541410492375,0.03324003827574739,603247.1983507347
3249,0.04471162916142329,0.04190126267977094,0.00666230041089701,-509496.60892718233
3250,0.04783397206617417,0.044587115115896025,0.01604635897539799,-79105.49103942682
3251,0.0010092209303519729,0.030198797337914376,0.021920878843319405,-1322477.3522701424
3252,0.037478333129306596,0.026229988225431128,0.0038245217625473395,-634818.4496852733
3253,0.012234371012738793,0.04412618780632648,0.001884484785752505,-842467.808719499
3254,0.03683348346991435,0.014597175397571617,0.022631990152124856,-325158.16054325283
3255,0.02655027159558043,0.012504067865360053,0.03259802214988314,-172630.29776264785
3256,0.03467211090489381,0.004252973983538755,0.018696353792571032,-385479.2554321233
3257,0.03721886506031458,0.036081877992056595,0.02723016719526196,550142.5967807652
3258,0.03888373899340071,0.005382244651992163,0.005910563392226504,-506902.6890884513
3259,0.03287446501481724,0.03466669339475644,0.04072634276605352,715532.0363710198
3260,0.009051843888662854,0.02583858297155526,0.03304156485677912,-651516.3944818687
3261,0.011184978691450754,0.025846393279699537,0.0319222512195298,-628416.1751501672
3262,0.010722475573884017,0.018778170512507072,0.0108169405067854,-756760.8019074089
3263,0.045147145221429937,0.01183994409649959,0.006041731299289849,-475769.6510970039
3264,0.0017577655763571843,0.002247673620567509,0.009579311748340848,-1527389.5674383007
3265,0.030410425565347617,0.0008824937255561328,0.014337196237857359,-660646.8296117699
3266,0.0029083445661649667,0.020182938514958382,0.0024288368914928806,-1255958.0632444227
3267,0.0303770888310414,0.03442121327595076,0.036566877482188176,642637.7396886703
3268,0.011217169932312754,0.043425008098087164,0.034514408366546324,-316900.0205642496
3269,0.0028325109649910197,0.022038335435071357,0.03838782466862406,-972671.5805604153
3270,0.015544696336011488,0.019077938695363242,0.031480191364827145,-374570.66250422207
3271,0.0027740440057948904,0.04834675202539587,0.008724050530486393,-1211859.3937508347
3272,0.0013335999823130163,0.0002661491020210127,0.019977718749969786,-1415458.0379936388
3273,0.044212668273768886,0.04098810396089645,0.04560228991248475,1053157.4404220157
3274,0.02668911596644495,0.02243731169375822,0.019293048805339726,-82160.22230691754
3275,0.002320903789565293,0.04547606281525768,0.024808804614236374,-1022062.0445105811
3276,0.022753371552575508,0.025758374350705868,0.03970772590571003,84840.83729773197
3277,0.011223554299128198,0.035495033949746166,0.03553848704270165,-128481.11405410926
3278,0.042477639112909145,0.00043417992319350063,0.008519777161756604,-483838.2274510637
3279,0.023552342602237777,0.042527019373073925,0.048255843081399206,1125757.02735325
3280,0.029743430733970067,0.010606698771151009,0.009229234791232282,-376752.8392340605
3281,0.03197219769931337,0.01050345735297023,0.02765437119604431,-305951.51744431054
3282,0.041740596457195106,0.019490982423104503,0.01892360948709646,-270845.01912654884
3283,0.0018070168445536883,0.012704228921227745,0.03490957298096372,-1400829.4726583583
3284,0.018019562256609823,0.007914945864496098,0.005288386688016356,-641427.3324707256
3285,0.004752668907535446,0.03295667165589476,0.030631073939677435,-679367.251296391
3286,0.025926050280104248,0.02501632240795697,0.00765684263439358,-559645.0854024342
3287,0.025030211238004363,0.002996888830018996,0.0462929229301344,-429526.8321314985
3288,0.0029013777001303423,0.021176509744695926,2.8552820158611605e-05,-1069082.3071695173
3289,0.03930752193916223,0.008308509426781503,0.046245800891083905,-254561.9887958883
3290,0.002198887393028226,0.041039366728221345,0.03283189064077941,-912149.5423952109
3291,0.012486785944294526,0.010120980461529745,0.01788389666885112,-906405.8406354927
3292,0.04142014415876775,0.04309782741677278,0.008764268976216289,-300380.5304946431
3293,0.017672401984216535,0.011874569195112695,0.006132142381894895,-392966.4421488506
3294,0.0323224693764464,0.017293551161776766,0.011269202238816707,-277166.2026424432
3295,0.04329988867509882,0.03741589654517832,0.038688057434817125,864912.1016734795
3296,0.0019597945591640076,0.04575652246155332,0.02873691889871176,-983284.5390599957
3297,0.02519014023422594,0.0005292673013890581,0.04488311052170524,-568180.432077586
3298,0.027194523524300032,0.04125767311702677,0.03277554803691469,342029.59683405765
3299,0.03983468067554402,0.03464658742789012,0.04604819511679134,999465.6897753227
3300,0.011274209316977486,0.01010500523664536,0.0356270780972561,-711265.0054368345
3301,0.02506974002917345,0.029958058516743505,0.03542712345956135,301082.67574206705
3302,0.02737140985000013,0.03938467238330981,0.015943367796792625,-96622.05496646384
3303,0.04294952217998461,0.005383817646280037,0.031700198848059344,-317275.25656007923
3304,0.044506625376339884,0.012634706395085233,0.016341733746195648,-380109.7981373118
3305,0.015272088924636947,0.028213185588751688,0.020643590778257427,-328012.5038836204
3306,0.005397964249745119,0.044564361087823,0.010233831457933707,-1160381.206554901
3307,0.026704000549426482,0.029740244796863075,0.0020375921823770848,-397589.69474274956
3308,0.004785616382716862,0.04858448552147759,0.03322561700746912,-613667.2763096603
3309,0.001678258852321346,0.03970996103264994,0.025427140463874277,-1210556.8883450257
3310,0.0037599786039237805,0.034037604902389565,0.024967590293423426,-1017948.8417756789
3311,0.010245990055546161,0.04388511360444098,0.014568992915012707,-750836.6153298756
3312,0.01422783177266539,0.013638679089613937,0.03837278885445256,-592389.492917063
3313,0.035305933519026604,0.045157284273517874,0.011466960979213986,-336079.50548387144
3314,0.03931822977714042,0.0286522788264048,0.015433980482633392,-415094.1248368714
3315,0.001772706620387532,0.0409473774925555,0.012053568575667818,-1343397.9535148544
3316,0.03158715181074597,0.027443396802990627,0.00022247693233919398,-735942.0231428192
3317,0.04971718149698812,0.04071646779000644,0.024323563531834104,-243849.13248879934
3318,0.03401706851211916,0.023829711829538632,0.03722931356393654,224189.51563888977
3319,0.006716427290944705,0.022317549761701517,0.016776858853643002,-1030296.599080598
3320,0.022982762174701743,0.02252363264301821,0.007154697488959716,-235650.15099562873
3321,0.04882442853545146,0.0007746071394064025,0.0005036472408699422,-502820.24513300776
3322,0.01867206592668289,0.03101881746734088,0.008982661340746411,-727591.8133683978
3323,0.026659700195208053,0.036138598398173946,0.004703030452007557,-642299.7182959673
3324,0.049221120400796674,0.016835032386964717,0.03212077068936245,-27857.215548946955
3325,0.005535992909328786,0.03547431943606632,0.0420228173531243,-747053.1267037131
3326,0.005264257116531119,0.006293157718503312,0.014052370719361384,-1186224.9015875414
3327,0.0005967907687664643,0.049302564716861494,0.029919203747632486,-1164897.0734884625
3328,0.030379472498177275,0.047948108482581804,0.04160146271597136,912830.5599771047
3329,0.040712146548417476,0.016975118495081282,0.016743169673232274,-429917.28034955385
3330,0.014586897990632341,0.017334788088815997,0.01847543806799253,-356891.01134283765
3331,0.007000184449029667,0.01779739313510468,0.02233735176223638,-895964.8450338391
3332,0.015467366937332928,0.00826734840787739,0.018670519908924883,-516294.27028625744
3333,0.024045388660821794,0.03603641933335642,0.03556188807373352,412530.51320083474
3334,0.01013475155416621,0.0018327697584118565,0.015189976090353463,-970940.6207966378
3335,0.00785681524294754,0.019789423960784702,0.048967305957630214,-696172.9789726065
3336,0.009053568545261048,0.015943697171148446,0.03625571581597862,-698976.9934922742
3337,0.025459139143096082,0.0021964071786692465,0.008084500908066084,-690726.3086153104
3338,0.0467624777386598,0.005158249636951423,0.03175463936048529,-368664.4877140601
3339,0.039616282442045576,0.013271953136246196,0.036253900156934506,-38034.07426695596
3340,0.008494758951509014,0.014237513741689517,0.015591101544210374,-805686.5474532056
3341,0.04982174952821118,0.010728614760897865,0.006460373231679251,-454861.1054347917
3342,0.04628457187407052,0.008096534691017638,0.04396399598147027,-382165.4226011358
3343,0.0325228313823345,0.02884307490352594,0.03756693557732885,291055.33458814333
3344,0.0362999478574025,0.005526309470915686,0.04997330552033446,-292052.66220988863
3345,0.04709448632243643,0.04482959814309581,0.031114456697120343,873258.4139077434
3346,0.02613956656661571,0.026813929194083416,0.0007468472114116221,-666783.7587609029
3347,0.024973475097272147,0.031188478382995995,0.03293531043874742,-316491.75975706376
3348,0.01660697325256565,0.023564117514677477,0.03181553033312872,-274793.68928103335
3349,0.02141527551375909,0.048106759949176264,0.035272105492600014,671278.5299182337
3350,6.368731254452475e-05,0.0011639740741126504,0.03451501017341872,-1474127.9360224728
3351,0.020632254877275137,0.04197354746061332,0.008650770474313103,-205459.70172309104
3352,0.0006913457026145931,0.019404117505685617,0.03680320521537245,-1288383.5759685894
3353,0.048586386668878434,0.044182693967552776,0.024203730596856946,-42276.340395967054
3354,0.04064086415981833,0.0035165228933807025,0.028613617379244168,-424249.1590264592
3355,0.04621492065072351,0.019819257374537,0.04800503148315578,-162250.55182002325
3356,0.011034254836455266,0.005281690476669676,0.026238116804085054,-849383.3407794962
3357,0.04536234359906122,0.01556396093723721,0.04000801596994762,-89894.88936620514
3358,0.008459863294014047,0.037278519800046976,0.027851347069371552,-425185.31705379335
3359,0.008750848769718612,0.03590436247188043,0.035687805672821364,-304216.3318075595
3360,0.025771761457172016,0.011273381882133733,0.006614694612249828,-334891.59608859377
3361,0.047862752422989464,0.03279062691295776,0.040462074178669205,635933.8949237262
3362,0.03484852645251208,0.04147368325961445,0.008124540987446171,-482169.3534650806
3363,0.024847511227352223,0.03335623852511467,0.005169494994760899,-657816.1191825457
3364,0.0074978474664204155,0.031699129712547326,0.043435290212691005,-481311.54516456707
3365,0.033020808947079885,0.0018102406728037813,0.048521645854516154,-534948.2310440496
3366,0.006975345045312254,0.011628111677624488,0.04874836409523622,-795554.5947081343
3367,0.03855164983266875,0.04682883401892533,0.04033098464040149,986372.4590516512
3368,0.03258672375016,0.014227649943150301,0.01634407208497627,-216706.3263320572
3369,0.04736355365221849,0.043031280807782235,0.017974522422116324,-239628.65207200128
3370,0.01866337088103519,0.014884719513794237,0.0163065071312502,-505823.4229296147
3371,0.04303337331443929,0.0005253428294923424,0.021802631055476238,-693634.0518917886
3372,0.047141983926395396,0.027131817759140444,0.022522289507195176,-339600.7816961612
3373,0.015618490234979404,0.003695631493095192,0.011224323901375644,-688051.362588643
3374,0.004522920496843563,0.006334971485771413,0.00817582720631349,-1202751.99546636
3375,0.015101471604213924,0.0005508339997767731,0.047507194279662386,-671500.6208944182
3376,0.006190954633848728,0.019157443617979355,0.04397637798573903,-796206.0563783583
3377,0.005328398509538113,0.024180212587706043,0.042239179877069793,-928902.8546196969
3378,0.027848131201707007,0.010517179771138002,0.036775476570629066,-94446.99090148392
3379,0.034067053143375395,0.018109295327346214,0.0023147580790687573,-702197.1072562089
3380,0.0003932344948046951,0.04126964415635859,0.016077868077953427,-1436304.6424299385
3381,0.006888494930295231,0.025927561308149105,0.04604166478625451,-459430.0052021731
3382,0.00042404322611988565,0.0028071770338207237,0.02085224662925362,-1385078.573723854
3383,0.03379829533775317,0.023805022938352512,0.04487742192327024,337477.6261168043
3384,0.0022042277768739072,0.01700704348218718,0.01756739446943604,-1394577.8097863733
3385,0.017006361299317086,0.02438429560616953,0.039528852259730525,228681.05776436668
3386,0.015894130820140868,0.03722416033161013,0.0073232735639535695,-606842.1279811068
3387,0.028036242781697515,0.018754401283277256,0.026960540114778532,168149.3605427486
3388,0.005387487518612472,0.04767314233804543,0.045310705840088894,-241944.08944126315
3389,0.04131981521453145,0.044639141169402596,0.007334393509074305,-345263.2278846618
3390,0.025186088650983297,0.01589545793782617,0.04436929706520793,228605.23764064288
3391,0.009471884124973323,0.010997267757098618,0.03433572281775054,-759647.2809670897
3392,0.004444982954383408,0.03661835884583199,0.01340636441570612,-1362675.5935893396
3393,0.03304676826335737,0.04365188931803302,0.03048056866174953,630349.1845152715
3394,0.010634186664305451,0.0024582762769608303,0.0022306985847532937,-1081684.1030758384
3395,0.004440594100700396,0.028990895623485797,0.01741089270203256,-964175.3394016643
3396,0.012155348869794908,0.010965327889859561,0.047429076595154954,-545472.5078463866
3397,0.00594082879460372,0.015240720538632735,0.023573863100959658,-1106616.024901209
3398,2.247630371277065e-05,0.04604765937378623,0.004954929538005193,-1581549.227668451
3399,0.034123530034308625,0.03144327385812442,0.040453192755236865,496873.28988918045
3400,0.032569386528107626,0.038469370860798976,0.021062430439426377,135074.26691433365
3401,0.024435224727581164,0.03508310510822097,0.028421336052752558,75005.83047481722
3402,0.025576927513335998,0.010277920302727468,0.01290541304031877,-342132.26781973173
3403,0.017924862052969677,0.0004642192711751592,0.02086817247901185,-708420.1875099549
3404,0.0001384237881956407,0.02825077179606684,0.03520143844861744,-1149489.0345073077
3405,0.02810743158075632,0.0346759986602438,6.584278103738406e-07,-648489.7807655319
3406,0.002972098664215478,0.03492312204377777,0.04014500739783853,-922436.393534828
3407,0.03588507854446973,0.03315061212767758,0.035369133190578,723598.7826764359
3408,0.03697949628980829,0.03621887491837846,0.03690042388441699,678705.3804731718
3409,0.0037009853707590415,0.0031635775747312356,0.018055997161471948,-1180802.9248002155
3410,0.026379835727439783,0.038130952696086386,0.016735390939550628,27048.600190704346
3411,0.013755853831681743,0.03907241540592648,0.01246684257269975,-590469.336599413
3412,0.04104206884072317,0.00885667748600193,0.01797367614362384,-601297.7753636618
3413,0.02005378047131952,0.014975522365382144,0.00016784569435063235,-769847.9022552462
3414,0.011775462891062394,0.016882677943943686,0.01568124472633314,-823646.2381039805
3415,0.039277774823860356,0.002368388126823651,0.019447434982762038,-639432.9226079483
3416,0.0018757727789720626,0.04653237830645047,0.03951047185155482,-922036.5031904513
3417,0.049108079961900676,0.04550802658480093,0.01579063860580422,-381692.45880784077
3418,0.034579170616529015,0.01532770437392042,0.0444105593964812,81.80845677567913
3419,0.02053764349836707,0.018794377095211607,0.04570343721166667,-52321.2628665815
3420,0.041837014380992715,0.04832067766821508,0.003324404278722343,-459991.0371113141
3421,0.012166943901942995,0.015042887393352284,0.021217603047738107,-652094.4700068573
3422,0.0236565022974268,0.0145736214033369,0.039522521157251425,-94702.140596963
3423,0.011162207224252825,0.03482586566495565,0.04258841577960487,-70224.4921669273
3424,0.030184911957979316,0.017707946294641043,0.009394562109832567,-401242.85927923204
3425,0.0067173097201848,0.03720873695745308,0.0234565998791758,-815757.729153615
3426,0.002315977558368382,0.04919197534713102,0.033565159149449506,-874768.45366849
3427,0.04220912757134886,0.021909433565850574,0.04777193104040125,218792.71645521736
3428,0.009976251046206364,0.009256806146940804,0.04451673673851794,-624018.3694408968
3429,0.04458585320028641,0.02495097427495211,0.006289317767698932,-429165.4326976728
3430,0.015260822910163598,0.03770761690172339,0.04229959540006517,423078.12071063084
3431,0.017382737387240856,0.003061684090843392,0.033286334078639034,-647856.9421170645
3432,0.03697485207191468,0.02120073379318463,0.029154880580893466,54574.44002516595
3433,0.04936857487620416,0.012249929967982971,0.028648884689962545,-397370.9147888707
3434,0.03054802067813213,0.027455359801223156,0.04345647789718979,547726.4999892975
3435,0.030250376596105823,0.0253945011195645,0.006150751333058657,-464641.99133053055
3436,0.03516045996467128,0.006605368074735019,0.0013284946682111832,-654036.1582612698
3437,0.024426558153173114,0.02862226360738662,0.049952703068694,787123.1242421234
3438,0.035616339722764324,0.04242951601137887,0.017319401951537767,99726.37377758452
3439,0.02544573412899838,0.048713449533092784,0.020869427607138814,151495.10579159652
3440,0.040364521240119196,0.026299455887224807,0.011198092576503206,-431671.3717203301
3441,0.029020931860544143,0.010903101418516076,0.00015134949378705633,-831619.9384675444
3442,0.011794800773667164,0.009657191617754518,0.01854605885997169,-738150.827392
3443,0.04442984519046441,0.019392653679933793,0.04225938137454956,13604.774415086647
3444,0.027780651006579067,0.0003807352111283469,0.009436835645160757,-611242.5519216759
3445,0.04656390226040182,0.03020867230988593,0.0464773429286137,694233.3479155375
3446,0.015506001015172645,0.03582811891413714,0.038601257994863,183139.61660002824
3447,0.048784980136812775,0.000908824158448035,0.04761186075616231,-461163.4620405015
3448,0.01957951088020826,0.04189962028724335,0.027235645911054197,272428.68162676645
3449,0.028232477151668274,0.017968894409322506,0.04142362951890988,109880.59063437472
3450,0.01320067854189167,0.024612069308930326,0.02800872493837377,-495621.7061012592
3451,0.03712605467137442,0.023581766852076854,0.03401414494197469,258552.71590052897
3452,0.02426470481739877,0.03296603184792973,0.03370717381040741,277807.988568757
3453,0.03547207802646219,0.0411649896930163,0.027036128047995867,664676.2361894767
3454,0.009663908193494664,0.03398204208095277,0.003855904174608094,-847242.4211931509
3455,0.010947751123059202,0.03960787643323996,0.0217535072165033,-366364.2586548971
3456,0.024902208382560853,0.04936984592417651,0.011758624292445896,-166999.4942493423
3457,0.0009776374767967277,0.005568630475892206,0.012225092983041481,-1642873.569654086
3458,0.03629600121982346,0.0387911015992381,0.028274447700705693,551831.7958134122
3459,0.01275231993490807,0.026087094726341183,0.000747877796696711,-968050.976484452
3460,0.03409004713708982,0.030714877770458393,0.0010898269690771789,-290603.01308187924
3461,0.04085058168163978,0.03817132675810609,0.015411187278415657,-463649.92468590656
3462,0.0317688325316153,0.03007464817324866,0.007159013961343514,-763224.2426630541
3463,0.009662965055718294,0.03416030681140648,0.04667758231350043,-87336.31551525222
3464,0.028814216034937657,0.028390657277977245,0.03233408473519193,103879.39595716911
3465,0.02202891500890644,0.0027086021750671874,0.01982519233623486,-570888.0334772457
3466,0.04501261050589449,0.04024734001957743,0.04637117842885327,1031418.9167730627
3467,0.007641579256620529,0.025297887851941477,0.02923640774064719,-662301.8131403745
3468,0.010496275499648723,0.010048511963448505,0.039101646632140115,-741182.6895419365
3469,0.03359259585261033,0.03235937684075801,0.013349372899150747,-282714.1451152918
3470,0.025338471212360342,0.0011534976744663917,0.006497302630021396,-835456.1909940279
3471,0.025912543138039562,0.015483613781595641,0.048283487844825834,153602.1830936477
3472,0.023574236163350533,0.004178207817842533,0.0008921173627656209,-776654.1249363492
3473,0.03626289369238357,0.008575336902515695,0.009390618450252953,-647546.0709002618
3474,0.021190361132033556,0.013203029457673232,0.030828853987309474,-417928.25371826976
3475,0.02428462536118819,0.005572530073861504,0.039237042395472425,-546975.3468939856
3476,0.021292942720712405,0.03054171597946503,0.00019711662663408626,-797001.0779739378
3477,0.03132000167182685,0.014142492851546723,0.02471853716049968,-177954.31254564814
3478,0.014886030191064487,0.04981303723211214,0.011542115735581178,-546562.4345185776
3479,0.04564298007446283,0.045898331591495846,0.021050032646718387,-18685.937937381546
3480,0.015200155776167812,0.01905177734493956,0.0494669543695899,-97286.63482999727
3481,0.030939811366880305,0.02723901189103193,0.0017958940669713652,-685704.55432871
3482,0.04239215151985129,0.00419027279035995,0.0023486183517190673,-627831.6943059447
3483,0.013742904305899601,0.02378943025287591,0.04476444800022003,-123789.46607121416
3484,0.039503939954141934,0.00988160722529215,0.018603976421363827,-320682.78887530015
3485,0.03901201323094414,0.02635462237345487,0.008724597101203962,-632131.3022733977
3486,0.019802760133916672,0.031296790225485344,0.048661283740441735,842455.1185383125
3487,0.033090602742820455,0.0008097581115698472,0.03525041383162641,-612970.7263195493
3488,0.012543240372861525,0.043107945710690744,0.01919449541130693,-217331.7824308169
3489,0.009980751887715012,0.023397359325511725,0.012759898715750274,-861879.4590256809
3490,0.01179107442489253,0.02866309003867465,0.038367313542543975,-122706.14988954854
3491,0.041747718707993785,0.019883493523519553,0.0033401881798469646,-395394.49019517325
3492,0.024198749923277668,0.021689073851419296,0.009848947412651972,-389809.23333147744
3493,0.04480724505720601,0.04870741265103445,0.0025873594016540716,-414998.15172464756
3494,0.03978731899287163,0.03228582789707694,0.0130718129082954,-293251.3050011203
3495,0.031757805914140645,0.006432159584173725,0.0034703254148748643,-625991.4750890579
3496,0.04967445375261303,0.031818492922933005,0.012661131226661676,-473699.0853048109
3497,0.022501697795188298,0.047504409114892024,0.021936253419340485,85367.96549132824
3498,0.04502222660011721,0.04344045989892309,0.017207815804542167,-89303.95089530683
3499,0.03480045020385513,0.033024925189129625,0.038560593530992095,709444.4118021424
3500,0.018296458213374275,0.002611824924906636,0.00855196205562555,-785077.1502922842
3501,0.03082768438368796,0.038755009344867676,0.0378024317267798,517778.11066635797
3502,0.029184079255751533,0.004237907285744624,0.0008644313592906239,-793790.8510357222
3503,0.03910708786610364,0.027468821709493135,0.039135605136575394,600406.854516027
3504,0.008139423073969443,0.02037115853855718,0.04595846435389866,-901907.9573273933
3505,0.008579899562358285,0.0030763451906272166,0.03267336918908742,-900330.1798465063
3506,0.029726817031087815,0.047601525292886665,0.04532342105274379,1250680.456850952
3507,0.037471519511028555,0.0009578618939126094,0.024019348420328008,-512847.9013019916
3508,0.044805096826851944,0.021682554405723864,0.048107285980649735,34790.955264763244
3509,0.032624399032199124,0.0054728563771397065,0.025463603759334177,-612490.6314129023
3510,0.03478085678225738,0.003268448611981034,0.017232476603538372,-444152.2813723945
3511,0.035854053152699315,0.007853568115351706,0.01741699491352613,-368977.87137285224
3512,0.0344955161233617,0.038777045093205696,0.02592558969127103,592605.5169138935
3513,0.04784287638500048,0.04626654293994983,0.023671852695389257,48642.09740771748
3514,0.008013720505566119,0.03864657819419792,0.012156978769657201,-1045546.3536160645
3515,0.04214106549995525,0.029357217057754917,0.01970465031988733,-168955.45072279932
3516,0.02781916792912721,0.026640438422896363,0.04623664229499588,684831.8669220892
3517,0.010718152488078142,0.04640792262758382,0.0015670520729927752,-984347.3834550589
3518,0.038460164076653834,0.04598340653557826,0.01970260954932648,396054.9294164253
3519,0.0036533593497633634,0.04023337657468551,0.042143242784586754,-850952.3295364174
3520,0.016812869399422677,0.025929664284295308,0.04047345340050748,50418.029848989856
3521,0.009602148862505978,0.0314487878195635,0.021531532975790958,-561845.6048268275
3522,0.008720787612713178,0.041572010362547984,0.016234041609996336,-775448.3227723122
3523,0.04672130578275081,0.0284466934909901,0.02572549906923692,-136720.14892638315
3524,0.021165297210967954,0.02003354449281527,0.0408983137418552,33083.71748112714
3525,0.033875042474306304,0.038684506556171123,0.02105420798056043,366114.63478848396
3526,0.013071861235136773,0.004343260926409099,0.038832799499202236,-879932.179543146
3527,0.02076382152588521,0.025461179604834152,0.023467161759852268,-177901.24890058633
3528,0.02155689281846201,0.03419497885339249,0.03043670578793043,48207.488247008645
3529,0.04860268993221528,0.006945195382461584,0.02867596566163584,-450908.016849967
3530,0.003162008170115699,0.04039592093541,0.030815566662554656,-1133882.639383453
3531,0.021418940799626897,0.04011178273219731,0.022750130424578914,139539.24050402298
3532,0.01138930476567236,0.023625038055516846,0.0035415898318669594,-962587.265517318
3533,0.044893055481969375,0.036547918736723056,0.03801578931075139,801688.3184773503
3534,0.043724665200922115,0.03957862944075419,0.02159262951267199,17968.641693793154
3535,0.005931820076272482,0.018668238999047636,0.04670423571898612,-730751.1265129976
3536,0.047454524561568984,0.03839354327618978,0.010221529153569376,-422469.3283759486
3537,0.009722492923208032,0.04398857554403602,0.007095796150556239,-1023561.9753129175
3538,0.02920687386662446,0.01891258411395339,0.015100550398058826,-391396.1855570204
3539,0.033869101283849026,0.04797845383259689,0.038881686912014934,1064985.748161364
3540,0.024308129655077698,0.022035575410110822,0.04538320941611934,292245.29012869374
3541,0.0289053549236877,0.024831951153309762,0.034141793476571154,390283.82112537266
3542,0.011857690856476323,0.003186774378743984,0.042755572024267205,-568527.9924273709
3543,0.030363085034972842,0.008243855061253441,0.01490239632503736,-533279.1547241188
3544,0.049496675629476544,0.03172118162318276,0.031805607048356124,420198.0829218581
3545,0.0036081831604361015,0.048449586712196596,0.04463914447793604,-601942.2772959374
3546,0.027389122113161024,0.015469445822543677,0.03490276141930459,-76629.75947073335
3547,0.041668719723593456,0.03930607049116268,0.04885236860239395,1070423.760657574
3548,0.03184276993334713,0.016061271577943265,0.024896380653426683,-171535.99511612463
3549,0.040815858397530824,0.01326712936076887,0.011570412747199572,-512592.39441631146
3550,0.03624172901632354,0.02222137132577054,0.040828519759486134,404701.07286266854
3551,0.007184179307949446,0.016784823157470336,0.01340499532950506,-1161554.6707144994
3552,0.034893407403313675,0.037966460666332476,0.022800134794327815,225515.73631687104
3553,0.023901468819946783,0.006601594139456474,0.035091404690652625,-316730.5463378216
3554,0.04961588167996237,0.038896092041590474,0.011155616159381404,-346864.6297852554
3555,0.03115613697971178,0.014747840533212648,0.0015088276458141482,-651202.2006889868
3556,0.008991142782791678,0.005129678613192069,0.009796627678409709,-829533.2107507735
3557,0.039780221072450175,0.014641606701521587,0.0378519975472556,-223110.25131000628
3558,0.04744312774213855,0.028713655753388734,0.02427044710050273,-296681.55200374644
3559,0.037506358779513194,0.004854506994654501,0.02141060437424426,-541554.2550130038
3560,0.024941229746603035,0.041552565519918885,0.040710883011564974,605541.434712113
3561,0.04241326799249906,0.034893646393385096,0.026527790359241882,304026.3599493686
3562,0.04139396606716911,0.043664120762763485,0.024024229632940687,358195.23183528974
3563,0.049283095394438585,0.04374090624895893,0.0255234832710704,49241.502604354835
3564,0.003464379767355319,0.011224602543594815,0.03881992896881425,-1111839.9901663994
3565,0.005557712849934238,0.02349000331596316,0.03024260960523638,-795175.6506838124
3566,0.04391734141852577,0.042355693144673995,0.03821389605298664,1092753.1281932925
3567,0.02038471213055995,0.0071124627171148536,0.033482465477892395,-488737.3413034597
3568,0.009064431124423634,0.02806572417043079,0.04903390912316722,-336928.6823710217
3569,0.02751548879036373,0.03227784336302238,0.033878773595808695,534677.6308165602
3570,0.04151941788377525,0.02174903390535244,0.024875495052624888,49017.83494883346
3571,0.008798600696229498,0.030733994386875102,0.01478790031621946,-696520.8263962467
3572,0.02538123744443498,0.038327859675494895,0.0008784952340993302,-763956.6806836935
3573,0.028195776329218658,0.008672250865534487,0.013969166989192684,-496257.15695996355
3574,0.0017356640043498961,0.008473138009295111,0.04933146966435759,-1238567.0647684764
3575,0.0499261380599656,0.035992395994482375,0.03059284273855968,338675.8262480835
3576,0.03885034765496326,0.04482771360925809,0.02596525297827041,528569.4065157038
3577,0.0017641999708850609,0.035469791029002634,0.049230125103621125,-767532.8303287809
3578,0.012902647798598066,0.023173278273055,0.01806372005256406,-480788.04289266607
3579,0.01952337471149317,0.03606999969376785,0.018920219487802505,-158365.92862724
3580,0.047054206272936334,0.03948292268817802,0.001382351254384756,-354551.02121569554
3581,0.04092744410168624,0.03864287112193293,0.025824686419061677,580983.4113453336
3582,0.02484086983732068,0.04177634517334767,0.021239264458151746,-96032.7823262416
3583,0.007973117164664922,0.015644941642451633,0.013260120167874468,-798142.6362383892
3584,0.034052951482572515,0.008943667502042263,0.032238621821640355,-585269.2196805478
3585,0.023298347363188095,0.04198304647058909,0.024249937160873397,-67862.02137767774
3586,0.04649019672846915,0.04502345639427939,0.009264378955201142,-348194.32108544325
3587,0.03430831761759418,0.010731237456038762,0.04116521531152289,-328769.3396295179
3588,0.03178615772682846,0.014705884714082558,0.012456181419175323,-403969.4193588018
3589,0.0214788827522715,0.040036148573056554,0.03980808045197259,426614.54641376383
3590,0.0016688112777467736,0.015114360773545006,0.021142548173485883,-1419788.3591879443
3591,0.029279100672212163,0.0074763504407349525,0.01676415102644624,-475886.07549734943
3592,0.04427985102839794,0.02382737567068248,0.03720716130217197,48736.102150466104
3593,0.024238925324816998,0.023249128820023182,0.031096276254175204,94764.48297714772
3594,0.012968225609480877,0.012490104965312498,0.04946769274458045,-564463.7287552236
3595,0.043449600465961115,0.03688774482248223,0.006857226952776663,-467657.8002734133
3596,0.0015112355592383333,0.00877062520985465,0.046886548225376,-1397769.419471499
3597,0.0408144885124494,0.02615380062442882,0.04843902956841886,552690.3570818399
3598,0.007329105145115051,0.027957522000301844,0.009161106319935492,-1073134.5947278352
3599,0.015321430240215296,0.047006750948161286,0.043413925827434176,435088.6388460481
3600,0.005089939281529305,0.012477190278046925,0.02972537347910253,-1033621.906317782
3601,0.0030676393670412195,0.02750423236757187,0.029224571789700532,-1113855.9733657937
3602,0.014548359066522977,0.01465614900625617,0.01145396343850354,-456410.50992223393
3603,0.04678381850980214,0.019443557034953873,0.02926345315569452,-240655.86732504528
3604,0.015078728712675727,0.03513320022074522,0.005072063552932127,-763090.3024509412
3605,0.003582077154733199,0.03721418802909431,0.0363333979157675,-1017070.1708808396
3606,0.013250066807033112,0.017752335636234417,0.04786302506664111,-201015.05703879255
3607,0.005216514749765717,0.009157353327333551,0.021501918248661663,-1517928.0409053667
3608,0.014104945302776256,0.032450427431610356,0.03453008614733422,-223321.16338959962
3609,0.02631940419450476,0.030559865070138494,0.021671041601017245,-96962.16770544556
3610,0.0380193626862583,0.0021049248923134868,0.015644566832794044,-520417.7898482585
3611,0.034221502069744704,0.016482255393769126,0.003926764022147472,-714890.8566561353
3612,0.017250671423338765,0.035574738589433164,0.006099243262665888,-582697.5176013518
3613,0.03623156821058273,0.03877278581787878,0.03176503722113495,568524.092788143
3614,0.012211702427907213,0.040264767859753074,0.010722125088923269,-615268.8160172938
3615,0.04529104760856753,0.0353322849571041,0.002735996332352986,-505978.97668161005
3616,0.03996435593308315,0.02532167701799537,0.02263244481565257,44002.695355611926
3617,0.02102555963492434,0.030331503322045844,0.03622892503914806,150337.43546390135
3618,0.04479883078622804,0.013647240647361265,0.031538813645521184,-229688.85624742822
3619,0.0343171305734065,0.03373985698934463,0.024650032389148497,356615.93796733685
3620,0.019551127410185054,0.038118940853354585,0.015000490202040069,-303903.1820619783
3621,0.010402658119912157,0.027291459688006194,0.013380542883108849,-574512.9073260272
3622,0.0016616581382269515,0.002578787169115271,0.034750526319343736,-1254970.7274208993
3623,0.04865729229960366,0.022734419181303752,0.007353056279236709,-576355.2191151143
3624,0.040904160526467656,0.013071794848685992,0.049781323080194034,-171159.83649163516
3625,0.028163208291353006,0.011631627428005033,0.024800238476217196,-263283.59154398297
3626,0.01676906359148243,0.03897359923134739,0.00529079429040279,-721343.6236196009
3627,0.04285013585162742,0.038366844713206734,0.04306819019507438,986163.0307605669
3628,0.044749687302083244,0.011488891147154063,0.02605029036143104,-300801.7570529144
3629,0.04249611100831887,0.01886939860580558,0.0030203788397816234,-472822.91339328414
3630,0.014581717826925827,0.012096015573740543,0.04350313093445523,-207292.15297406848
3631,0.023192317470457413,0.03417721187231566,0.04810595748457927,523138.0446299087
3632,0.014959392619260187,0.03805997787636979,0.0011382060759360713,-812967.0046384308
3633,0.005205808765576409,0.008093254500163904,0.015620916843625422,-1031952.806453021
3634,0.02014936075646892,0.02385079453661272,0.012266567314169875,-545275.1416165269
3635,0.003310765980506797,0.03387615459201217,0.001183067676713223,-1483525.5012648385
3636,0.04047353174293625,0.046457741257560074,0.03551844568298172,940051.519384697
3637,0.029798025863741598,0.03285092646643164,0.032611102330879715,123120.79024785596
3638,0.04658525680332503,0.04821529355969837,0.021335582095411088,-75373.73049987035
3639,0.03085395880742091,0.04014035268670862,5.190785860687553e-05,-717845.0996048577
3640,0.026350795841385784,0.03264381699088489,0.035860272486879084,333519.49192417617
3641,0.01843947046981406,0.014782221030579613,0.009107128328395426,-516745.9302646088
3642,0.027890777452634227,0.045965171612606076,0.044798907536202415,1255418.4911112443
3643,0.017998296357884618,0.012892756996910133,0.03943969113353885,-76440.59715081846
3644,0.036249000912209416,0.025266991556874615,0.019451512976942878,13225.46837194766
3645,0.006189895187258748,0.03925692945461183,0.03087322217908487,-682714.5832273155
3646,0.018844083986900836,0.04593939880333998,0.03298363532059311,427636.6689732552
3647,0.04646194334218731,0.023720623016982197,0.022730891203196497,-205691.05387380367
3648,0.046861964515703985,0.04798957141217666,0.04803836594394431,1331288.1403537914
3649,0.040944869695372144,0.02312030724121693,0.01051496471345294,-414587.8555138517
3650,0.019172044063891416,0.046914874575889436,0.018177714754014997,-137788.84860340276
3651,0.03783587134117688,0.046150217554555395,0.04851960814407148,1273296.3815184776
3652,0.04738370734376781,0.027752879886113798,0.02459400373254352,-42903.37138926568
3653,0.04938202543839931,0.010908960229015342,0.009376513084238132,-597635.0702252666
3654,0.04815911488729176,0.03445974109120848,0.026815200489907893,-29688.74463018984
3655,0.006602489642065285,0.025662012450816465,0.04721105767607775,-551483.1810556903
3656,0.030144566167433585,0.020231431121976742,0.02755515007325642,185342.2517869456
3657,0.044307254350889225,0.04564243305676638,0.020004408282644767,-228273.3396367989
3658,0.030403050121716103,0.013960130634141539,0.022554264807923826,-132329.7654631302
3659,0.010994131839157146,0.02657361309327876,0.0289120067482331,-394178.2127164037
3660,0.01689183680653866,0.01360591503193241,0.007551280331572596,-629502.2649684184
3661,0.006977183310307989,0.03557305578570588,0.011081900178635168,-829898.7814934868
3662,0.005898851055328025,0.04994358448821444,0.01299582509445285,-1054674.7638151112
3663,0.04480241577140661,0.030459297687595872,0.03575350834034075,565506.5348094604
3664,0.02804594557498177,0.009040559752998445,0.04235257857263013,-177552.52223778996
3665,0.04139863832433921,0.017484273267513374,0.03819253482057319,-157203.96600959287
3666,0.027152012917221392,0.04545245702800324,0.040141218565198394,860649.8090135942
3667,0.0020497884901015395,0.04396379860956292,0.048428320898924494,-742607.706556086
3668,0.037107810131255185,0.005995676542353401,0.040368794491856014,-331263.6132885991
3669,0.032374452131179295,0.01694131587609901,0.04420152755963334,128669.13478112582
3670,0.028278334422658643,0.04264639655097011,0.03350568742921214,411778.8373161308
3671,0.01442580518524641,0.04875093479305183,0.028550277396977925,37060.66255368274
3672,0.02583776209132295,0.02017548141266275,0.006817210153884368,-504476.8037150354
3673,0.03431064400180808,0.0215399599002907,0.04673062551778211,444474.4566002372
3674,0.048254858430944916,0.03838204276749755,0.01212473818512676,-251851.82612018823
3675,0.035798984040198316,0.001021087548252775,0.04132002514041964,-521705.6448576545
3676,0.024680928354526455,0.04683698249425933,0.018888002066298256,95475.98416589049
3677,0.013158680224192216,0.049752816937801966,0.026533893575603762,-237508.97491420017
3678,0.04315912712052191,0.045552858201050435,0.02592343563907117,357034.8503812907
3679,0.022785696275959385,0.02764429773861751,0.04238697514407071,531027.8992797264
3680,0.04823301158003998,0.01641610546848581,0.036931519105992336,-155048.17877002584
3681,0.014268723864497974,0.03054765206657527,0.04023947941091353,143700.6318124555
3682,0.04432431623306467,0.02243580921396234,0.018487784128294577,-488778.0446596721
3683,0.012672580600544393,0.006670858520909379,0.018245878432183706,-643015.0134009337
3684,0.043598890237392364,0.020940475810531912,0.015864658290561103,-386920.6172425314
3685,0.03695661222932074,0.010779223581296939,0.012814340124384122,-520232.2312343864
3686,0.046795432416915125,0.004079484630860836,0.020731559012171163,-472810.9990560059
3687,0.028837559619740216,0.01151303578073028,0.014050624211735986,-231810.21463179856
3688,0.011092268237433223,0.017259278603032082,0.04492528775392242,-351972.66807493294
3689,0.021579367328583256,0.02089145082617159,0.019329044008719466,-307881.4670408726
3690,0.04820578634687872,0.005864971810990782,0.04359377104696832,-373628.7734686468
3691,0.016358053386398775,0.047825579585267675,0.015761362312182944,-516970.7578535073
3692,0.004143718162816024,0.026002094217625796,0.011393278965495518,-1252050.0183645051
3693,0.037649490773668796,0.032865280916397725,0.03432345789611884,512770.1194535643
3694,0.009674474430531833,0.03543151324425702,0.015566551349016867,-733302.8473468559
3695,0.04993370140300356,0.03658838315370032,0.029520575370425642,80386.929976557
3696,0.043355888960777404,0.029465584985971356,0.027637493338776672,254686.61875417066
3697,0.011865780140268978,0.03390559976627125,0.018732221412473073,-357948.9376676955
3698,0.0021541313906065173,0.04080308981849789,0.0025936583324370935,-1540280.8868719095
3699,0.033615006142026296,0.00783604457424576,0.021628475828543194,-425027.5241975888
3700,0.04295458292733603,0.004720977455707332,0.03335753392763104,-624263.4276756719
3701,0.030630937124304265,0.04337648731781464,0.008636743566203336,-184084.6572784226
3702,0.03998937523179025,0.02250605983706641,0.021432195624662278,148597.07901126056
3703,0.018089217541993746,0.019278707309795896,0.025997981321261257,-129686.95734567949
3704,0.00533999114617329,0.021253293493647896,0.032599060752976146,-952368.4596573081
3705,0.02490961767191573,0.00829147344248114,0.0181525850895816,-475038.25769618
3706,0.022148083721296494,0.03344374073164841,0.045038316126874894,531964.0835591308
3707,0.027518775629390924,0.03381840640586821,0.003859481271970222,-690318.9095239533
3708,0.04772335146737966,0.015760434517776145,0.017714587484396072,-546613.3399592914
3709,0.011142139032075633,0.00423350358827746,0.03950233950709256,-734315.944691517
3710,0.01202450408530864,0.014134386767265656,0.00908981383031363,-745632.0721163242
3711,0.04874426401494401,0.039051739863960225,0.046494982499035026,1040433.3172163493
3712,0.04308616835267552,0.045314839977263086,0.023951702592459653,60735.51641433489
3713,0.008527071867855025,0.01634401671787722,0.01462257584908518,-949889.0800853798
3714,0.03585669188006782,0.0012836343153671216,0.007102110745898855,-576428.9838602834
3715,0.03414425601274305,0.006172117690022072,0.002414592538520011,-506504.4687018629
3716,0.005460758230559543,0.03453370765215482,0.006966262970235004,-831453.6592472708
3717,0.007315218056824069,0.011515009837954965,0.037545535209826134,-786686.2054569775
3718,0.0100176456130388,0.00176876983621036,0.04529316777879703,-809755.2304411998
3719,0.04381592121454614,0.00924095004482362,0.013267129488672747,-542495.1363802155
3720,0.009427878572182047,0.0359767269480865,0.012500444209461604,-777948.9100301755
3721,0.04657248786892511,0.04138205121917845,0.02942005637848366,540946.6084590723
3722,0.0004469112356856597,0.044183470320833335,0.036388082326627706,-1250855.8080728282
3723,0.039395369827050324,0.0035912602285995522,0.03542800851092711,-472552.47982289107
3724,0.04022947368120719,0.04783176780785274,0.02902352363912178,684199.5465094674
3725,0.02540209259996358,0.02126983949909559,0.03506438404823219,132970.3601949022
3726,0.04604106523573069,0.029987752435801786,0.01136418207541699,-513468.0385154372
3727,0.0008786975154588373,0.03095565591337638,0.04322989440095264,-1231302.352348163
3728,0.003298763878670469,0.019878560448067295,0.047002346304045144,-999027.4201918637
3729,0.025083849792840264,0.011032911489429654,0.01768282058844242,-246587.94526106547
3730,0.020406978309740316,0.005864475720839608,0.03303961219242056,-338030.3367955333
3731,0.02960821645462382,0.03238614389327887,0.030539578434009396,430279.0031794562
3732,0.0008336034144169835,0.008723142478315982,0.008278600097293027,-1352886.5338843837
3733,0.004897574314899473,0.03677378865991382,0.0060068607239245845,-1089772.172509595
3734,0.033409703672517214,0.00891951548268377,0.005915508912396317,-817816.0672650302
3735,0.008126502430803968,0.025420172826901,0.03227412549288779,-570942.2742152943
3736,0.04059624300288184,0.00642811027323153,0.030809337369291506,-418570.02790542063
3737,0.03869197997056237,0.01562025857539422,0.003985778968371884,-498374.96477295057
3738,0.0077972981533256935,0.004577932378022837,0.0443605965511339,-950414.7479990857
3739,0.01883508341801173,0.0261674302567893,0.038434407590215734,18188.351232932117
3740,0.01857492110603619,0.03245513273138064,0.0038339926609218867,-504359.50362580747
3741,0.024045282378430025,0.0048259483085153826,0.012414207034011405,-510124.7024933031
3742,0.014667041379773434,0.035879190194347335,0.03370520931446269,-97635.57953452443
3743,0.03735400444655329,0.003087752361866758,0.04969571060865235,-559248.1015336019
3744,0.0027210014354884463,0.041287389571957704,0.03701344667402678,-879680.7017629518
3745,0.029588089524590994,0.02194285825724936,0.03785661766350914,35306.07718899875
3746,0.03699289016344231,0.006858916774490226,0.03963162364804351,-307456.5151994805
3747,0.003927849871748263,0.02502730710642674,0.03225409132835971,-910264.4554979629
3748,0.04108444286876139,0.02315551090465269,0.01184290387825726,-486193.73140626197
3749,0.024532980772830327,0.012510405521856005,0.026436269072807418,-152442.0261619601
3750,0.023125409155325894,0.03902522418751972,0.012004505672126449,-285687.1155948112
3751,0.009999259209516977,0.023709266978348,0.0025252182595425334,-881059.128387891
3752,0.011467031421775293,0.017685245709384595,0.024381485628045513,-706974.5036544661
3753,0.013471835561268204,0.02803182473542032,0.04392073332225858,-46951.966619771876
3754,0.027186373067880104,0.014341976086821591,0.003099048600115745,-654416.5265271494
3755,0.006833315237416183,0.028060868427359532,0.03418544190521899,-589124.8683224744
3756,0.002483397177703528,0.009277491485674083,0.015954063533828527,-1346540.0162440718
3757,0.01598865544402512,0.04792035070889805,0.010188529897121129,-424173.2635095775
3758,0.003126017473955445,0.017650741465615957,0.006722098551483974,-1177567.8389900206
3759,0.006329098256789456,0.02037253305585642,0.015319556962497434,-1004142.1111172115
3760,0.0045863388077679755,0.030215171471372468,0.025084988301017505,-1041075.7555031508
3761,0.003854983447565269,0.04313722370070722,0.014235652910616637,-1147916.3919627562
3762,0.048069039247358974,0.04657693162781629,0.02170483131093764,-17672.457736874123
3763,0.011428347021916746,0.04174263562651113,0.01806429208112234,-717681.8973882279
3764,0.008177534733564912,0.02758038579094706,0.02447012213506329,-839038.0005810312
3765,0.04250089394069782,0.0364640689919666,0.04380697434183769,811528.1348729734
3766,0.03673514561936872,0.032108748032389854,0.02500885761385064,237875.08812146197
3767,0.04937766447482238,0.04795824120000862,0.042442649076787485,1122190.707431576
3768,0.038765960689276395,0.028877977505925606,0.01298766802631034,-316304.5494454077
3769,0.04377195135439824,0.0005408067439478858,0.011371998339696661,-526957.8651077758
3770,0.02018662225422349,0.0293078577617036,0.0280439660180178,-21862.502787746565
3771,0.008790791319264236,0.0052399099906765894,0.011116446379263983,-1146048.413879994
3772,0.01743543944482418,0.0007026843960043106,0.03462279102749279,-813308.1549123683
3773,0.012386371786874573,0.01757022182741812,0.016745084529194976,-677697.042515691
3774,0.025591490043926093,0.04298998610473055,0.007469497675277059,-114111.0747083361
3775,0.0170363556615635,0.03460144038658918,0.002211570664021839,-753892.4770409171
3776,0.04149893175811119,0.048091257024871326,0.030381860129099544,808983.0931266085
3777,0.04782541855153607,0.02065309147158739,0.020751586532756845,-498401.99344424973
3778,0.005312445470671873,0.001772346749988485,0.012225215906726695,-1081543.52281607
3779,0.023906432855057388,0.025384119543144453,0.010878769087071666,-104882.85344612757
3780,0.03064028373307138,0.009060293741919396,0.016310557013455008,-427795.2200979137
3781,0.009785475759466374,0.03483317999950688,0.025828625411115594,-763360.6058142394
3782,0.036805054953630775,0.0028624084795824847,0.021268104011757074,-528382.2946675414
3783,0.04834792894907103,0.002680975735318181,0.020918934484798108,-561993.1425027971
3784,0.002019910942781028,0.007332666048539999,0.023126322578652575,-1300443.7821245764
3785,0.00787566988420263,0.025937771248192156,0.04613658413850348,-470381.34721908235
3786,0.010020377909871337,0.00535932548560989,0.0412638280991476,-936379.7642044309
3787,0.02301349237068776,0.04413055494220689,0.015306164733269362,-8389.290005304634
3788,0.03137660025935448,0.04616567771508322,0.008584789972395297,-566301.3712716713
3789,0.04003642796527017,0.03157583749225636,0.04064733723135267,580543.3019324486
3790,0.00853466724765541,0.021704323516850615,0.006441861423847634,-1100510.2063654345
3791,0.048004105399268235,0.003134586148006724,0.003274169899719415,-521991.1578845593
3792,0.044907809609085116,0.01503810740688375,0.029851001642357506,-209049.36612601866
3793,0.01437377644536534,0.03243791878137658,0.009623468463501362,-351660.6053695191
3794,0.022943472902573467,0.026674608739019723,0.0166821445143565,-397891.35159761895
3795,0.012585030563447603,0.007010333383560841,0.035307216815395996,-858253.1420992845
3796,0.008414135799721162,0.014606319559407234,0.016845438230825873,-922385.5840920192
3797,0.022718339848983506,0.03512843497750335,0.021397256732685273,-58843.88369056663
3798,0.043554681071774175,0.03398928233100922,0.041924335806509005,930054.7524402954
3799,0.035817698066547034,0.0074315899918549816,0.04889636509320451,-349035.7780864791
3800,0.03932931328841828,0.028636088431700624,0.008261547036906309,-441789.0379166295
3801,0.008634032428948724,0.030716558743007084,0.02080985665010057,-576269.897965988
3802,0.03379297502575729,0.018621386244985133,0.025642258572829747,2891.3222739045186
3803,0.009397901898198103,0.00776005721469133,0.0037822381849245304,-1057648.5275491273
3804,0.040981965244927615,0.027769312578983064,0.04735705199533312,764625.5604812053
3805,0.037474314067966405,0.0384381580124747,0.025452921709850775,276038.32108477684
3806,0.04077269682628254,0.04710317226569084,0.036087012616771885,833230.7253326623
3807,0.005279447044350067,0.032550992962675315,0.006021660612054597,-1270881.1016152888
3808,0.003861121120933392,0.0346450202557969,0.04173927159620193,-966731.7515537186
3809,0.00794207453646833,0.003707430398302236,0.044326144709602194,-862570.0024535955
3810,0.006610466849543445,0.0017543046871868586,0.03605271843832445,-844452.8413590532
3811,0.04238577770476715,0.025723667073211318,0.026996262204689394,91836.16612305217
3812,0.01684302563636893,0.01192315994331163,0.03776160350877931,-313794.89083625306
3813,0.04246422040605213,0.016062237908259835,0.01369095924378257,-486240.9970250672
3814,0.013389585977252505,0.002529770901117806,0.014053751242019054,-801164.7860047924
3815,0.0012825458484502505,0.03942038112341864,0.012796341451548,-1502976.5716729986
3816,0.034507759467568185,0.027159419277027808,0.041873181498859935,449794.42590515554
3817,0.04801893637785109,0.01836458070645825,0.004417040994481858,-462897.4755431913
3818,0.03748228821929614,0.0010651163099591689,0.011148166724312314,-733295.5004876459
3819,0.0026625334236569267,0.044907418580990774,0.0002648540850786141,-1584883.8109716245
3820,0.024637108250761593,0.02119995635794901,0.03263723322740698,33011.77746051088
3821,0.014487204428462491,0.04368477002347292,0.03671728707906967,237440.5101896004
3822,0.021614721299611644,0.017901312475627068,0.04079441237487923,24960.849600843936
3823,0.03785301492678854,0.019950002901202375,0.01706859313050636,-235462.60722924347
3824,0.0019443994831271072,0.004085362272007282,0.0026959227777117348,-1366732.0223009463
3825,0.0012207743174013409,0.007643619107039046,0.042857090884028747,-1590744.0588614296
3826,0.03990796553779326,0.042278692391409856,0.031190018071273598,650632.7338567065
3827,0.0312031550620335,0.006196587327650833,0.03494826768211934,-340165.6245329371
3828,0.014001320543523649,0.025962666489310057,0.04773613019004287,43992.17662960945
3829,0.04353076971592137,0.011659675364789608,0.036832530785014674,-438592.4316741511
3830,0.005204537497960554,0.00133712428720163,0.0014087137390930095,-1144565.3427702615
3831,0.008512324210900618,0.03474742010468965,0.018165294672900935,-683854.338061368
3832,0.0007971219483345893,0.0494011315688421,0.02666892016159966,-1348573.7685731803
3833,0.01969401075556588,0.02594249475244157,0.025998545492927495,-160308.90972790544
3834,0.023511828854649686,0.03064744522324854,0.04428133099341533,599127.5116700076
3835,0.015085684603854328,0.02434843114229811,0.00018219980983843478,-676494.931500162
3836,0.04299071406591013,0.015295194445655814,0.013564844916418446,-517284.1263091575
3837,0.04987685846055173,0.029219646937259397,0.0061521623070495135,-540549.0341324882
3838,0.01327624849467855,0.01766132941331557,0.0493030023935327,-124254.55486036306
3839,0.0215310838957429,0.011506699414640454,0.02848654837064086,-280314.87260556425
3840,0.02023798290285052,0.0027480194070935216,0.04304598062271628,-598522.24212075
3841,0.0007843763641651958,0.04492418178727384,0.03959293518009011,-1218179.5673716154
3842,0.0037911605071205556,0.036180553890652695,0.038547084106965945,-782660.2885189477
3843,0.030115353671434225,0.028883540007806165,0.002484351312398703,-760288.4421429508
3844,0.002974818591139128,0.036364432491784844,0.005278258945945491,-1217021.6157428795
3845,0.012092205035323877,0.02494182969116794,0.00820818368063408,-815497.9021936528
3846,0.03949197802750128,0.040368901188954434,0.0421071605630446,931780.7332997241
3847,0.0024784060387352484,0.021393658061681222,0.04234588363571679,-1271688.2374456308
3848,0.018160969515334947,0.03479101891615113,0.02946229520950048,229556.43772339882
3849,0.01736043083535893,0.013820241454521189,0.03263715460497034,-504690.2763257904
3850,0.00668120685014485,0.043006125954387936,0.028822172054035172,-692303.1119577995
3851,0.005575175256291959,0.03517638225966818,0.02155562749412095,-879043.6271657911
3852,0.010204070768158786,0.048053464646243306,0.03598238925072128,-94196.94264351872
3853,0.029649681166399808,0.04244335905296809,0.02719348949410763,353948.35338178894
3854,0.022073530616645194,0.009472342993035416,0.007669521255908935,-292956.9589248857
3855,0.021598465818592413,0.02279872895137579,0.03666562526153636,-115761.05806609806
3856,0.022104250501843822,0.029657960028270893,0.04162592620381231,340634.248857015
3857,0.04966673477552709,0.016126265757564123,0.04509772318641844,-81901.52531434705
3858,0.04030254359267995,0.0034003345159776543,0.016707946542694564,-624218.9211957887
3859,0.01095214799171917,0.0332192136211499,0.027764956810884412,-277056.5916989038
3860,0.024742552629477683,0.03817818819037888,0.016665434790599173,-117869.58370365885
3861,0.01913761477766328,0.04328169741127247,0.04861042546300033,872240.7079051945
3862,0.038817867038391615,0.010853548738861313,0.0056325816081923665,-680687.4962794964
3863,0.010460257388290102,0.021138068251144823,0.011834851387381912,-923875.8889712939
3864,0.04505205740360059,0.033536145088372014,0.020836462239150706,-478222.0099803326
3865,0.01369058664307804,0.01903305025704822,0.023802529768336512,-547739.5057504706
3866,0.03569111760878643,0.004467077911443945,0.04244164698944729,-317587.2896595764
3867,0.006378001556509,0.013122504098621895,0.049679494788629194,-1019424.896920561
3868,0.009510431702212559,0.005057109389317283,0.03192026509593992,-557359.2859353898
3869,0.019656453992561246,0.004591771713425436,0.00018712141745225175,-962176.7804965349
3870,0.003958078819073891,0.026136778938595336,0.011544647256547115,-1292415.0194276366
3871,0.0388776067159475,0.04287543165358715,0.007241650885764717,-470181.2675417671
3872,0.016850993536723508,0.0073287062734098745,0.01433463517909736,-581254.6706329654
3873,0.011960220937528566,0.03934324504685933,0.01727398390070331,-280215.68143588677
3874,0.024778239937208818,0.033694755273649075,0.041112832457609334,455644.60691451345
3875,0.01506045451612259,0.010461033385200958,0.04892266868779338,-253750.11045809073
3876,0.016007377232374848,0.03355340495904378,0.033892052033890216,113998.96743267546
3877,0.02570147227997705,0.011422372274227849,0.007072871047708812,-549586.9783711609
3878,0.024350807245721556,0.02554647683556885,0.03866833783873988,428647.9922842164
3879,0.035491672197609674,0.045602063941793336,0.04854302809438158,1077379.872924555
3880,0.03639256630997704,0.00382556244151267,0.02025591546085513,-490671.4627163708
3881,0.030440118492034148,0.02950975357249788,0.00907218929152991,-320498.3874443726
3882,0.02914723647254357,0.017484025394072206,0.0169463422421858,-359606.1829401077
3883,0.04170035026506181,0.021096657933411003,0.026369797703222633,41555.755365729834
3884,0.02814364305172394,0.028149838992580813,0.010656075689168605,-238389.0555094467
3885,0.029972668157450356,0.01673118044720598,0.03275101472980848,-165810.7594644838
3886,0.007284879948286355,0.049705779731683476,0.03860216457266978,-289452.9849500076
3887,0.020862571674215374,0.015067592543214148,0.019390101740892292,-321754.54049648787
3888,0.03606041363869374,0.03277038997922826,0.035104625600029374,520292.9456607372
3889,0.044449959772576965,0.022814761315520467,0.033476057422383236,30949.463411926703
3890,0.022075397747993414,0.03190490390599383,0.023741181848147358,7196.489774852439
3891,0.038833181366894655,0.00026300616418665216,0.010785547789489092,-649849.2378151448
3892,0.01482188125816223,0.04726972531255581,0.025352310648345894,-174354.3686793997
3893,0.01821759399990706,0.020215605780683595,0.022591114171626816,-207139.6609146302
3894,0.043391519505698556,0.04811679328400689,0.042208231987011534,1194812.6689342102
3895,0.04208283817094743,0.009950755547773062,0.013433903588112767,-444380.41701991763
3896,0.029802459027904956,0.03280687067206555,0.010135268672304066,-331979.381200589
3897,0.03731409363732587,0.00999817764597934,0.01315053232947071,-434190.50267936324
3898,0.015339776899080532,0.04229957082451585,0.036604194843544165,247051.92343084762
3899,0.026534271786209068,0.040987464906744764,0.04064641236679618,687902.314936243
3900,0.01949165479743617,0.039071864374371,0.010312138600082878,-374036.05781706853
3901,0.025161442497775466,0.005912086519433518,0.0213397242795629,-434134.223510121
3902,0.026018288488359534,0.003995917895803514,0.023130638086587496,-519542.937544965
3903,0.03258352714800666,0.030704411737236894,0.00271769439455285,-508851.1614270595
3904,0.004766984295410054,0.017567812297757054,0.042134286145805284,-1052365.150041449
3905,0.04348780265836813,0.015480643485396302,0.03594460426207282,-504518.55944167194
3906,0.028869529617582157,0.049171112937971634,0.004732195614484586,-568500.6110469779
3907,0.027394037112012742,0.029626882443562694,0.015383428547555806,110110.71600657178
3908,0.002347662374573539,0.0026052267843913015,0.02268090271003191,-1292460.082640982
3909,0.034623689472195955,0.03500878929015638,0.009048492486091209,-441284.9726019922
3910,0.04289860705028932,0.018858121298487247,0.04821839509862089,45791.50585860683
3911,0.005907981721281841,0.041822734931774096,0.04541690766227239,-564150.7797741124
3912,0.04113377630718657,0.0404420570599842,0.01806550077024725,-137863.2187193266
3913,0.03566715533604865,0.02896732830056502,0.021223956571560922,139238.85293958234
3914,0.04965558480268399,0.014522735907255996,0.020657201109389206,-450423.30612968
3915,0.04514305186690587,0.014450413954813708,0.0076340571064268895,-601384.2902895682
3916,0.015499987483474253,0.03796558385508955,0.042992700485113305,375997.5912926271
3917,0.005722249381118056,0.03108563405374133,0.02836434527973715,-1020921.1979116455
3918,0.03343988927566826,0.0335528185563398,0.04797337351332642,801862.5042895683
3919,0.017326460421336964,0.01498834608678894,0.029061264291091262,-499200.95835254126
3920,0.02147092296193309,0.023687713615628915,0.00346384967522464,-865550.0453584066
3921,0.007412108847679649,0.0467687468296431,0.003414572583506087,-1199350.4757307554
3922,0.029507279634031044,0.037728751450894514,0.0005931764220413749,-649422.7006616181
3923,0.011137407396669241,0.01885360154246934,0.025340872353433425,-776638.1927641815
3924,0.017079764737783023,0.0324499629074525,0.011319875862535633,-440045.6059663863
3925,0.00127414682145095,7.855254091270748e-05,0.017275600597481712,-1236644.3697840131
3926,0.01808313995971236,0.0474302058693272,0.002239035626011815,-553425.9544876813
3927,0.026503253006759056,0.028890665713192317,0.03496375059488598,166309.62293947485
3928,0.03193673000703303,0.0004069746861971424,0.031592883670450586,-732335.6733126855
3929,0.016119396984986607,0.0386434480673901,0.009418269306784955,-530365.1524507003
3930,0.03581028259885897,0.03127476668445305,0.032614544266373745,354805.4157069243
3931,0.008797384354377713,0.03345870006662312,0.03684892043209575,-559658.2081303432
3932,0.024470513061890284,0.017018284149377262,0.008327742464408793,-326682.77595634974
3933,0.014498026255537028,0.03819141812262605,0.02047003622731279,-293888.2362310555
3934,0.03513566209966288,0.03700456624992434,0.03370851120621448,622708.334369346
3935,0.033676921184147425,0.030540410216302577,0.02592109893568568,494386.8943640173
3936,0.00989083434351349,0.042140169346092514,0.04821320862437977,-172559.06655691823
3937,0.023324203280008317,0.04666193779423279,0.049899726886164175,1322049.9615896586
3938,0.02430979562929103,0.0362177686874984,0.03218951691252613,262641.6463345704
3939,0.011863240800037362,0.0023544721877159394,0.022667765558722842,-948185.9292800281
3940,0.03936024986981362,0.016256733134484846,0.03922193605965922,-202718.9139725352
3941,0.03274008409814778,0.03477706759087936,0.0142870444188695,-116798.19720988921
3942,0.023502369142152348,0.009085190001260858,0.012329026403986322,-555980.5824341142
3943,0.004492502154620759,0.006338670314810402,0.010525673964791827,-1142428.438248161
3944,0.02901171056879185,0.02206055597738199,0.013346975628278102,-192257.916244795
3945,0.043055622344884456,0.026257384567099307,0.04615547368178968,430323.0535203551
3946,0.031748248113878386,0.0007893798264358321,0.04567378455078476,-511093.8211073737
3947,0.04287316678404132,0.03176356113904496,0.0267386777865409,346069.82348096906
3948,0.022646303665929252,0.024108742288341586,0.03846103204211749,217951.45533967318
3949,0.02565708011793429,0.008801234935122032,0.002908878358649636,-878520.5715046815
3950,0.006309313814325624,0.012572055441869307,0.018386706071985334,-1174670.5132152394
3951,0.04462080060876044,0.0119543616099834,0.01597992790012674,-437635.8027228247
3952,0.011150726976338694,0.02728709093530667,0.030854334814724344,-438225.35509289574
3953,0.026606376594858035,0.04759283256084701,0.04976890088270622,1524314.8357034922
3954,0.041869799490278164,0.040264807244515116,0.01830263883748043,-8810.099499066928
3955,0.02898917530809992,0.017573620947444257,0.039217792308686966,114025.62166153284
3956,0.0085915569545918,0.010833585714732153,0.0019347035435154426,-1119949.221262341
3957,0.03044698366689962,0.03442691293944785,0.00016811431156893986,-740052.6962500714
3958,0.02553928819971253,0.0188437269244887,0.03961903909093839,149928.29562670193
3959,0.00194453729993217,0.0024282844409039273,0.031010454936293997,-1234028.2740341383
3960,0.0295819427289882,0.041554501149900516,0.02961334445786806,623877.7759948851
3961,0.04746854142957507,0.015719232111721104,0.019896070320240013,-505585.3635276248
3962,0.04888373332514583,0.005376212168588907,0.03979524265981398,-392747.8797414308
3963,0.0005784357330220147,0.024325662470167615,0.0076701168684337245,-1482185.7821569848
3964,0.02994308518640325,0.03990849848539141,0.0016521151175343642,-611135.2351805038
3965,0.008188636329587263,0.017130519058095123,0.012789948292783699,-671421.885588463
3966,0.019160994490312756,0.04759341499087259,0.005060306372012025,-517361.30677086517
3967,0.021164105433288605,0.022854568580379143,0.014017102591458136,-204095.5368781484
3968,0.013925327884378487,0.03573760808746603,0.030892192132549137,-348889.5583850619
3969,0.04064160098665766,0.020253661123902613,0.030335551348983653,-293309.9099729536
3970,0.04467940703412923,0.042566423585819274,0.04600116962499795,896527.6609550994
3971,0.013448751126411246,0.04927105922660602,0.04081949577357083,303007.1105799695
3972,0.039740390302065165,0.033378930047932964,0.049163398668603274,900984.0765725732
3973,0.02207816140232402,0.037076965238120534,0.034940564399426076,403780.7039464984
3974,0.03660444532235328,0.03757324070846284,0.00953779455606067,-353707.2438321426
3975,0.017452573485120117,0.01961269979129525,0.0373999906989981,108305.87244527094
3976,0.03581239878596522,0.04166831026178597,0.039425957894516805,901628.5970681532
3977,0.02980169396947054,0.006997424324372126,0.03177276296161826,-430519.8549018528
3978,0.044352964181873955,0.03215871816948656,0.044781321428887085,875079.0926269592
3979,0.049952650906844975,0.017960111651176648,0.03616448471739255,-137434.9179864564
3980,0.02699793163002527,0.02274859003540828,0.011993353934623058,-161853.96184131937
3981,0.012295729799796552,0.009248614337998552,0.03157417532494707,-898848.2565922374
3982,0.007102654832155154,0.02156932349085254,0.026166661963609707,-909215.3544530243
3983,0.021911723859448493,0.04274647567369583,0.022158467989693016,209043.41584351455
3984,0.00414160464821513,0.04960997705863237,0.042249179553010635,-752480.7381423545
3985,0.03300217427029999,0.03781618104043038,0.0064095349877422055,-329731.8005404562
3986,0.03829573970515874,0.010387447085604757,0.02444880647869879,-528608.355768649
3987,0.008899139466214179,0.03768924821660959,0.012296694025622347,-778994.6283327328
3988,0.012660420924584637,0.005461117467014953,0.03603032284819359,-668520.1149003115
3989,0.014792231539043894,0.02591400066009837,0.016612177868351962,-366187.0152353887
3990,0.03873506294111167,0.011324182824700064,0.04704172500231959,-162084.3029335593
3991,0.016066998744485386,0.005192581064537533,0.012015261640746622,-379340.37753338384
3992,0.00369704645335876,0.023436936549621243,0.012512561036173448,-970372.2491178028
3993,0.04430230222224382,0.02585643101100732,0.011668422436464316,-331418.9703399707
3994,0.02256351649524707,0.009799713607021216,0.008936468796245923,-512705.1099919574
3995,0.0150328235066722,0.005415073238447338,0.009432376845544533,-793552.7055131444
3996,0.0469023436497711,0.033340131734873095,0.046055133172863284,798849.3842383897
3997,0.012842347073389188,0.04285066679004619,0.018113640342699196,-231706.1166709212
3998,0.007209749056124282,0.040235355000209846,0.002982506593137507,-1170973.9315032705
3999,0.020242641946748314,0.04096573342558218,0.030859246272325464,300985.8713459428
4000,0.025903284769984658,0.017681696075179037,0.003752791519401011,-744343.0833425352
4001,0.04954859930179494,0.008738686336252422,0.012765423748802192,-553839.8039726568
4002,0.011795788124730889,0.04539707033428516,0.038184419636176525,153217.07030553152
4003,0.02286648997196683,0.04777115169759296,0.002639169039322087,-624915.7974576043
4004,0.04468351906108261,0.0030213667844079584,0.019556534796728187,-448361.47034769424
4005,0.0027002439188244854,0.04994844958788427,0.045719475125030086,-780042.017767275
4006,0.02923994776231156,0.010892228699912278,0.013838886259873463,-459094.65530588053
4007,0.022477168302856017,0.016139009124617288,0.0010656952717470359,-826568.2643171741
4008,0.03281280040585673,0.030671395204665067,0.04521553516094204,856257.6388820925
4009,0.023842702005272522,0.017235448089919392,0.02557585914588835,-46086.11477460441
4010,0.009734749544791983,0.03127701759123932,0.03850164413950808,-143634.091733825
4011,0.007673085668784607,0.01591916088176646,0.04339004896831994,-683882.2234672594
4012,0.025276587431691096,0.026591832333877338,0.03612040985266758,309923.9350362947
4013,0.028894640761066327,0.003478988403690958,0.04019808559315179,-418151.143055966
4014,0.04614180186242339,0.002663861649540611,0.006062487822877549,-553536.365171003
4015,0.03509876011037402,0.030223696625726278,0.019125849948587292,267253.6430105316
4016,0.02696243244701857,0.03516692840005294,0.025223823094046468,257200.00974316872
4017,0.007009416231782462,0.004471801456664509,0.021942936759419086,-978565.5291910255
4018,0.04614423789244169,0.027888958735424692,0.017911003450892454,-250522.73397879238
4019,0.045435308476051775,0.019431607808946906,0.02545732404671876,-194785.1879308137
4020,0.00582496653143606,0.03687004727596906,0.035015147857185784,-909630.9376568906
4021,0.039712199642966454,0.01625956567138817,0.021802660953309596,-448696.2920911448
4022,0.008417085576359918,0.04822524380482497,0.004303867370394132,-1067183.3247829597
4023,0.03245066518374037,0.03526286972825931,0.007886823682548982,-507066.5834996153
4024,0.018266160291524492,0.002156328338124164,0.02783041287933205,-571979.1022336215
4025,0.04974690714118121,0.021494247841107945,0.04950041101864683,-137575.33107641444
4026,0.006311271190448126,0.019622717163389786,0.045098248502423596,-842852.6438198551
4027,0.04383477408287361,0.01617957889348921,0.03393052918841658,-285787.0632155408
4028,0.04430800857788954,0.03834387330766139,0.031423809846645875,691164.5650782168
4029,0.007628780728001128,0.0036501346285281733,0.03073110899082805,-1165543.989133592
4030,0.025013783284455405,0.01190183298657422,0.014638489747951233,-379832.0841828204
4031,0.019604358860070503,0.024776042606125284,0.01951294845442063,-388179.5129903075
4032,0.01936458360429833,0.005786640565567647,0.04327952091276716,-264713.9438633013
4033,0.030457704088904716,0.007305109230100593,0.02119372014389679,-437360.7142190497
4034,0.020835795601477275,0.030031043924456137,0.03044348089246658,97883.5482126553
4035,0.03226110684898812,0.034895152867190374,0.005167702306450823,-653076.950593102
4036,0.015246110028640604,0.0008673909586336182,0.022732075604019148,-835981.8451864023
4037,0.021471503891514365,0.036716346508973936,0.008355847330393058,-627710.28101861
4038,0.03157472285627554,0.01533470989650761,0.01909582374048496,-327309.2237985798
4039,0.03596434311857271,0.0035774024286787665,0.017139144446558126,-547021.4166673165
4040,0.019566161506982593,0.03578746559258344,0.009961220753535033,-250922.51939650124
4041,0.047370649684523154,0.04988809763970791,0.04094550704100277,1253373.941683711
4042,0.014985625073176407,0.03319333270364273,0.004157401584896653,-843332.4906940965
4043,0.04356396578532554,0.02579964356301369,0.008821958315989286,-466461.33759326464
4044,0.016370827978085128,0.04003713722439874,0.04351133837135232,624717.9017740011
4045,0.025985669346721176,0.02401557501553366,0.03753673732766297,244604.62464495096
4046,0.04130948112592775,0.03824234061979103,0.019221402511710384,-297711.47259335895
4047,0.03209628808046597,0.042867995413546384,0.007588031702370979,-501843.347954939
4048,0.019406834255748157,0.0028309441937632352,0.020443864284369995,-685094.6031591208
4049,0.03861410419593245,0.009851422171279373,0.027094357556219185,-573461.3640184051
4050,0.001829286671091357,0.04488249953658291,0.04100023474502257,-1040083.4429047019
4051,0.026220459589353297,0.03528934979859749,0.005195808243442946,-651254.6176353659
4052,0.042260474819868526,0.03576307655358857,0.005998369836254025,-454251.78807985364
4053,0.04903446425593888,0.0011265222103223338,0.03142554312963868,-478714.493076352
4054,0.008587749837040836,0.035962882460976835,0.003520312698438949,-1116974.984294933
4055,0.004055044142155806,0.023314587028156614,0.04970047327009565,-927664.8118510251
4056,0.013825811988532562,0.030626408037826132,0.025929953718711776,-354372.6128819643
4057,0.04210598048252188,0.01442948038525801,0.02774721903557431,-302972.7355574764
4058,0.047531175755259045,0.01662929041680288,0.021970279065509052,-426529.8640531892
4059,0.04444066572518357,0.01662494286172289,0.019033688231690778,-272085.1086675022
4060,0.015205940443884914,0.04047656876625365,0.04651934852188899,550677.6467631485
4061,0.031554944033345286,0.031181506562982627,0.019500180985658755,-44955.40746162964
4062,0.0006241874785748336,0.008696879941178666,0.007371917729511724,-1642435.8868879024
4063,0.005794100140651837,0.03270236580266977,0.006817447618689881,-1313910.021183631
4064,0.004281697626835962,0.01912907532809291,0.012451133148394928,-1359843.905262207
4065,0.007293027281794113,0.0073063937779284,0.01281028533913829,-1141189.9706948292
4066,0.02684248816880207,0.03790478000456257,0.04263883216260697,698443.4129553132
4067,0.03757089248694251,0.03141066298520854,0.045381228875974164,935974.2978942833
4068,0.02598684013671253,0.03166784204268457,0.020581027516593423,31445.843875425195
4069,0.016369210044037304,0.01658558897306267,0.007415864085614638,-659441.2865350529
4070,0.03982988253369257,0.0027684042166771896,0.033734262188226,-453126.2757543828
4071,0.043223009641851794,0.02487141734926836,0.0035100390920775105,-578626.2588298377
4072,0.021420873081844545,0.017161330144117495,0.04927696596497154,91120.77960453228
4073,0.03456326008094722,0.036067990241445996,0.02579134594811155,467442.63987381756
4074,0.03547071272210483,0.03612854883610841,0.003317944037305243,-686596.6863666637
4075,0.01113032622386352,0.0006483777714443029,0.025490370296428595,-893480.8166139142
4076,0.04378999274180133,0.03047772673476642,0.02501037639038547,190774.06147866385
4077,0.046298292380532,0.008610925551087695,0.0037302154078842856,-543563.4769073331
4078,0.045865286820485886,0.045139087745940665,0.034148624310647475,954827.0342689407
4079,0.0122989581048026,0.04848820123521854,0.038267317590191335,159716.00217150184
4080,0.03369472917923346,0.01114556620077239,0.025654458581655784,-126608.63295470778
4081,0.041128812064849994,0.0430130112366143,0.0280715057900634,500011.9904639595
4082,0.02613969218596321,0.03488419141538203,0.026412442215623645,264358.4495967691
4083,0.020884051903283046,0.0042709505712194345,0.006302483785779006,-886998.1681790601
4084,0.03801377341003337,0.0012332032312134034,0.002615251289880433,-653264.2551361037
4085,0.04523217890432088,0.035199855672734245,0.00021063609570730614,-378128.3373951967
4086,0.015602168717743637,0.03816592302977724,0.020880039998862784,-24991.167660396095
4087,0.023439891142905584,0.022939953052302772,0.010106720162952033,-569717.1799963815
4088,0.03606957189491305,0.0051503165260684824,0.025362555277333554,-573332.4199945113
4089,0.00849779137296809,0.0023266404788578,0.007162194222358415,-1148704.6252837079
4090,0.04346674681558709,0.008807383239023059,0.013918460450617526,-570160.1585806257
4091,0.0069047394110203116,0.036777255082887934,0.022272458362825077,-729032.8568746799
4092,0.047181751932253546,0.03321622911239512,0.02656946102433859,101353.26214720932
4093,0.0328315465814084,0.002021269160483208,0.047533013006434525,-670880.4891035237
4094,0.04782148052086241,0.013806993427776483,0.03141477413715668,-345807.28894085507
4095,0.01009576220699373,0.02737358973002295,0.03853946195621967,-449371.0022802324
4096,0.04699108624026961,0.016960846163283593,0.03467526315213808,-175286.4634527327
4097,0.03582135571735897,0.011057440058237063,0.03145160657466961,-328581.59071295126
4098,0.032771064459388835,0.03820380531730172,0.049997362872726686,1068093.7628956805
4099,0.002011618471324028,0.010115252183877904,0.007253921595987034,-1512749.3479224327
4100,0.0077217026210351265,0.022712433031098253,0.04392682783064687,-652674.0893793326
4101,0.022436163453387753,0.03342401989172066,0.018824957126510958,-45928.64972633778
4102,0.015983165765555758,0.041711759241452116,0.03277737550592098,162866.41529452024
4103,0.017544764404126802,0.04570801306235825,0.024925578255882236,-17898.277312533384
4104,0.009413737364964425,0.02416109312338406,0.033734971896673786,-584376.951684717
4105,0.018355629462808117,0.042189236813769675,0.026657199030305046,121471.2291493994
4106,0.023388238996723317,0.042935571163185936,0.02314589032330765,213775.8482740713
4107,0.020720507092540825,0.005185819766674799,0.018124593942848263,-735534.2812777474
4108,0.01985241502815409,0.00903111596122449,0.029391160085658386,-393433.42953902343
4109,0.007192103527517386,0.01118448943019455,0.02805459928625703,-753716.080521416
4110,0.013449178236236854,0.031983415506417666,0.03452565664603523,-296090.0274022572
4111,0.015064520530332515,0.004369384074835997,0.024472591691445916,-717790.2708603677
4112,0.004644921004590858,0.02576178407619341,0.03631089210644801,-869154.0114576385
4113,0.031016489573540168,0.02241338206060088,0.04729292739487738,124528.71483879766
4114,0.005087361654108525,0.044000075345596565,0.04000644363206016,-688376.0160355062
4115,0.02098692901822923,0.0076433585950357215,0.007793339288882062,-578765.1505622199
4116,0.04609028803713987,0.011685233213913005,0.043705785399391434,-241570.82051185865
4117,0.02516476099651445,0.02308673183636833,0.030975563379191037,-159007.68318214812
4118,0.010751954144661647,0.0214185337029847,0.046924221940246494,-427991.23510440934
4119,0.011912846448937493,0.04607917794398759,0.04971048483045894,410838.84222029086
4120,0.0025953594037748384,0.02656895612956858,0.008590964984684429,-1502680.8770047398
4121,0.031085712797833866,0.049477132160743786,0.044844044770910294,1160617.2259489447
4122,0.046242423080317674,0.010667490665604969,0.027115979944465074,-542378.7770810279
4123,0.011741550819747532,0.04497123537888256,0.009557699653712327,-722499.8756846295
4124,0.00769794562045999,0.0006081315857009384,0.009097393004331085,-1225493.8906811208
4125,0.009488142342726642,0.003874509376280583,0.04338705517065795,-789316.3660505784
4126,0.0389998904348062,0.01272407486736284,0.03916288516556013,-293757.25278152333
4127,0.021108227339839913,0.038776015467409226,0.016150382591758678,-186673.74698131677
4128,0.028232711324393856,0.019080527097708428,0.009383790851173458,-358215.6052396474
4129,0.02928164420010004,0.03754153999889256,0.03765535622970745,507160.289382747
4130,0.017814470915962177,0.0259355884202914,0.03818892992925432,221161.46761471732
4131,0.0027248797261295423,0.0035944166650430155,0.01881113699860387,-1198852.4370538192
4132,0.011173580051448341,0.01873230097751102,0.004687653992981178,-876392.6897422058
4133,0.02960040153376438,0.03358702529971772,0.039592025394695314,565998.7644591742
4134,0.032526146903766345,0.019819069750303793,0.046746411240892884,375226.6717341405
4135,0.03631660080139953,0.02638406229133878,0.010342520416779612,-654662.5249269682
4136,0.03244874933681079,0.029586026254297806,0.03416649994687733,398273.0409655952
4137,0.039056238265415065,0.045752480948911205,0.04745282956790729,1550342.3403883313
4138,0.031509275106279815,0.04829780178766717,0.04557111995002838,1218400.3567901193
4139,0.00013071785076105292,0.03188087331230039,0.00892347049170318,-1618912.177374257
4140,0.014759632722924921,0.014875009986779443,0.024156481981855372,-231771.3363471402
4141,0.0005433088996683211,0.011789820401232826,0.0014560478479918315,-1274600.087246595
4142,0.0325279282859619,0.04446437893464166,0.04988943299159661,1276610.3200889025
4143,0.022427844589104875,0.01300705551470764,0.04265517983653462,15943.895223296848
4144,0.00565792587702364,0.04871194905280704,0.03574187273591011,-653994.5501941061
4145,0.02519673326837071,0.004832526866211668,0.0009097967854885703,-592218.0698404027
4146,0.02722660987409696,0.020692525372001072,0.04213322471810184,-61092.80378823323
4147,0.032115273984671844,0.021594817324784757,0.011300353005059695,-378601.50059088744
4148,0.024021110440600308,0.008149713939307829,0.03335063312365927,-302959.8945549557
4149,0.030286453623288002,0.04050356840631014,0.022476463612113813,276559.6767385301
4150,0.01393242665137645,0.041819767961787775,0.034549854072994234,325788.4004451063
4151,0.035335458202967504,0.02640422857031728,0.043798930744343656,367755.5937375309
4152,0.011389175373576794,0.02008460126764603,0.039811628583241186,-484065.94837307784
4153,0.006648045098434058,0.040405474650810735,0.017629761036542013,-945722.728869915
4154,0.006275184951518348,0.003957474276761452,0.042151435937686714,-1209432.3928633123
4155,0.03893077728128178,0.014402067269475821,0.005818109461873911,-676858.5237746071
4156,0.012361721301885904,0.010649381784683788,0.03665278258460991,-357019.7783321011
4157,0.010778154217845877,0.010804926088381257,0.0016134066249427704,-995175.0034018082
4158,0.029842984415475907,0.034448977412805365,0.0326745234474042,623876.2213424658
4159,0.028429957807803927,0.048303747442041765,0.02363692560885441,403324.6413575238
4160,0.04300682540606174,0.03230049551886694,0.0042080970343918,-702804.1837426745
4161,0.040504423048804465,0.029219427084490913,0.03267628296627173,591352.7517180841
4162,0.009011371781192596,0.02187450470711787,0.04402912371871421,-578674.4898012175
4163,0.010771559654315766,6.245326859682932e-06,0.012875435605873753,-780359.0365452989
4164,0.0243771224588206,0.04106390216509607,0.03216454502866755,533357.5386855882
4165,0.04595317344785879,0.022778221581394677,0.019540761147851866,-383706.64734219015
4166,0.011570910829785664,0.010903124226955208,0.03680549485040302,-760720.1454747304
4167,0.004017956152265456,0.012135679241650432,0.04429476297700649,-1048900.167101546
4168,0.028846040904982648,0.002329380453416613,0.035212752416489274,-613266.2718281213
4169,0.02533411838765582,0.04272608637490078,0.03412169362706315,435591.71389483265
4170,0.0002223293988894315,0.010286954358746032,0.012898185028247251,-1556188.91890379
4171,0.0351116144580825,0.025465708883504714,0.03737237485455815,334170.4074804075
4172,0.02564335993917313,0.01636923053483005,0.005183032335434468,-536143.1115824194
4173,0.010131104933436814,0.020039004017284087,0.027572715409088934,-447511.1793040678
4174,0.04693187015953113,0.01198600885332506,0.03330424697233419,-308824.15124216076
4175,0.007627295574665083,0.0356876560961167,0.0005670438571989512,-801402.3770776193
4176,0.03279599749648079,0.008160882835726219,0.009016222319041168,-582746.2358409951
4177,0.027945381665728866,0.01877057729543562,0.02356525752754181,-250931.1437473658
4178,0.015444444127812896,0.04767335247641626,0.014532805004094441,-222577.91877265906
4179,0.027102371236775,0.04271777777704226,0.03320904061304106,532680.6767158749
4180,0.016138847349086032,0.02762183416834097,0.004149556311636371,-707601.4738788878
4181,0.02728432013538461,0.0215694544176771,0.03789668535367221,27569.61535048874
4182,0.04239514215670586,0.009980826082371953,0.004076795273038153,-500617.5012353145
4183,0.01952784906224178,0.026707520410027354,0.018840097415751128,70608.59600435813
4184,0.031428058549904006,0.025282563985953757,0.04683130173325449,579376.6129761119
4185,0.020469556165979653,0.004124708647429121,0.015096751057073855,-414832.20760950836
4186,0.030294693118162228,0.012801254930354306,0.01344942259028169,-225891.75771766336
4187,0.016978624201117544,0.03730708899545276,0.04700666171469808,598590.4695929782
4188,0.017518831692389,0.009774401988024595,0.021031847608355154,-383119.76243528165
4189,0.017591984648981308,0.0495012457061588,0.023193412925899628,-51250.95284365169
4190,0.0339641676405932,0.04568940333224267,0.03145307886819417,671641.9524043986
4191,0.012468923745992695,0.030370504766664017,0.020093816803255806,-438930.86591415055
4192,0.021117493471940352,0.04896622906852025,0.01392955067974263,-54589.54677519851
4193,0.023446757323915542,0.007993352284960014,0.00892720993427444,-214219.47389458714
4194,0.030174221204291696,0.037550785407635734,0.03182299368084226,433710.09716720454
4195,0.01646419989514854,0.002980908628250989,0.023513193107434605,-349801.90226428356
4196,0.0252134826546982,0.03853258039799093,0.03201447811459774,464317.79957623547
4197,0.043562931380049345,0.039149143934754584,0.018293889190547342,-131553.56603895186
4198,0.03161107117623491,0.03736432647275633,0.04784401845863725,723732.0520926446
4199,0.021117608131112294,0.0324140996155568,0.01963319176408171,-259175.16846868297
4200,0.03689140894348935,0.04559965856552786,0.04596130078597876,1177914.2070547864
4201,0.007854375869375502,0.010204829881043943,0.037746472539489935,-540162.9547607525
4202,0.0315504942971201,0.04525536434274774,0.01569002797077677,-56470.88406174055
4203,0.04240104055731315,0.034188792849192996,0.009772815507829975,-421931.0907235372
4204,0.006324718449781963,0.03513618010043038,0.007923075636213401,-1131235.6340868317
4205,0.03971645198715741,0.027854752006365863,0.02384335312313949,296795.01038954017
4206,0.013776451796070982,0.04919227974624299,0.03610835554552632,367075.32869826746
4207,0.03890318235824385,0.03843554638326691,0.02920077885882983,485691.9785480792
4208,0.0469849420979439,0.029191075169133843,0.026002279255207473,-153568.72027993176
4209,0.013685522121143363,0.014086795992083673,0.03684419529910218,-598885.3854506199
4210,0.016738371081980275,0.036435537257333894,0.047635337940741256,321240.5989349427
4211,0.021965371838937944,0.004866282143982098,0.03332732406647181,-557189.1318038236
4212,0.0004761515847742815,0.03935017606361484,0.026282655851935923,-1446752.9686893024
4213,0.024486610200432746,0.028472108028884363,0.025820427196735798,-1300.9073141296226
4214,0.016188863589801133,0.014075445483962097,0.020764873031194758,-429673.0068247025
4215,0.04474546409577834,0.006768522989392151,0.016238229834329165,-496284.1312766408
4216,0.00961502139747022,0.0213568488368691,0.006674920956158559,-790806.4089618847
4217,0.03803978069511161,0.005173369629228736,0.03326310468086354,-415944.0063644298
4218,0.013385516243451174,0.023609499842883137,0.00999939808587707,-451826.85836669203
4219,0.03651118397378596,0.04741379946341622,0.011087264369649796,-350794.1421730381
4220,0.04765766038564142,0.0162636900505717,0.027892358352595084,-312154.07358258695
4221,0.035079497554278805,0.009963430803259683,0.022238196871631383,-390334.365692358
4222,0.0033913740332025045,0.034852688801401,0.020830805986223923,-1318382.9794669552
4223,0.04458222663197955,0.013699594428656897,0.04618006621619635,-421772.21942276816
4224,0.007051992234142252,0.030348323300694164,0.015390408993608946,-852081.6914701794
4225,0.00908908054766437,0.004696858585958275,0.0327821279414345,-836435.561260023
4226,0.011658396662962273,0.028640720603552383,0.0489709361417639,-38185.25069518759
4227,0.01579809101397658,0.0017472138858364407,0.0071411307198210264,-803874.6416673444
4228,0.0059661004705585385,0.02316417636026179,0.037232528483031366,-925628.1514367881
4229,0.01482221928909292,0.007292138542192162,0.03203833831644635,-647867.2832827475
4230,0.015059010442462124,0.028758517465611633,0.0466893279836376,50837.412289886364
4231,0.01456734774632631,0.02562458072431343,0.040340595681560815,-242462.99739043476
4232,0.03458590562488141,0.03757390873895929,0.03862846874280501,826608.7168060879
4233,0.026995801016702153,0.026803105395113255,0.03594447902242237,259288.68320871532
4234,0.034882413505677785,0.03350288320148426,0.01910673460713318,236349.36803572343
4235,0.04142713228024384,0.011810144468544465,0.007786598317635613,-566535.2684413558
4236,0.01725811095578508,0.0126915620202478,0.03315912561015782,-624230.5139715464
4237,0.011550892557498044,0.03282449191754345,0.025661139742039426,-358094.2951160265
4238,0.0076225034037629815,0.012919813206051145,0.026086339215161142,-887684.2477244338
4239,0.03665526519618491,0.0199125822087338,0.011641632108902001,-478763.0151431002
4240,0.014753910454689441,0.004755859463669843,0.001257475054511653,-870169.6698198698
4241,0.04865646559984271,0.00482049671829577,0.006244367255532502,-448185.1905449081
4242,0.043548204253982134,0.0331752617859629,0.021803626562266316,7960.89043300101
4243,0.03245117028629248,0.04674924117652052,0.004968865571785297,-508811.9323139578
4244,0.012185551358766611,0.04301502017353705,0.03903196726505535,186098.739556688
4245,0.04971283607785954,0.015695440753609624,0.04724431985692726,-33680.3574005016
4246,0.01718444156475021,0.03575465955927466,0.04413714738107932,293446.9411801766
4247,0.008539104762918087,0.010281932751760016,0.029047932401617335,-813074.3772300035
4248,0.04219123850177571,0.003947476761105584,0.04254404048779518,-101567.65662519693
4249,0.017156026477254827,0.02031133069862509,0.016993054784377803,-587030.0263407177
4250,0.04557399523038438,0.006539716329141954,0.028713724058817166,-308760.3712323846
4251,0.007405404031289586,0.04642973150474207,0.03989656567678097,-181312.4743406628
4252,0.011690963713053892,0.014888913404407678,0.019075766398133878,-778205.5088213347
4253,0.020270883764771826,0.04086714293160276,0.02822666776545952,283847.3055139801
4254,0.021397465744586404,0.035972232846817644,0.02289324381719033,21471.71586736965
4255,0.006412000844239524,0.005374459213476419,0.01629783398975859,-1146238.5858099684
4256,0.030143511880758606,0.006742066382411722,0.027506708534870368,-645703.0026834174
4257,0.013480482240436676,0.03477067078041459,0.0014131350588185321,-686388.5913870444
4258,0.02345117157402865,0.00261320745071163,0.016525388763766025,-637641.9384327409
4259,0.0007787572143439559,0.023454938028896567,0.03835079342390058,-1394957.9867432788
4260,0.005011001887297229,0.03676113459970136,0.029209763354616558,-861376.485307734
4261,0.025230263656801005,0.029974163114012083,0.016794856586459777,-45270.187810073025
4262,0.03551697768841447,0.03898329209603862,0.03891119327934387,609392.5712665996
4263,0.013472989469684421,0.032695350484492625,0.00740478628726382,-780100.6234139932
4264,0.024770980679813356,0.000131463002975879,0.009679337950417055,-752701.9722830995
4265,0.03158670579163028,0.043718075260156475,0.0024514149293012157,-628130.2568889775
4266,0.027927639608716505,0.03183875100525153,0.046619549059137316,510688.19639955164
4267,0.03275718973224783,0.0051516351235369184,0.007337212127224025,-709154.4504359385
4268,0.03178820644434989,0.010780983838161635,0.046415273743864414,-188884.88070531868
4269,0.04603436003929431,0.04743279300786067,0.014647630390609668,-451987.91909898707
4270,0.03584749539801582,0.033150695346742476,0.0017801890668886046,-681307.9075367168
4271,0.013278253817313984,0.01033833648397342,0.018540430086916998,-507818.6016127145
4272,0.04765268582726125,0.042280081947916916,0.014671229568413846,-412064.441875593
4273,0.026501576554966155,0.009613306079333096,0.013871699614796913,-456199.10152882495
4274,0.0032501624507442262,0.03213032504584183,0.032846038724816444,-912183.9889311922
4275,0.041925081040172174,0.04357759067136271,0.00800296995968614,-380268.52699106716
4276,0.03715204730814936,0.006735381641366617,0.018685750587290547,-464037.73505077563
4277,0.02577682857796106,0.002473495704353801,0.007838185577272717,-661549.7425611409
4278,0.01355580499950191,0.006377116481709466,0.046704813610316656,-507675.5331952601
4279,0.014415959404355817,0.025058583225445685,0.04982671189628431,231199.43925911374
4280,0.028332133846562198,0.020574788749604236,0.04648962029621426,349439.23482560687
4281,0.011124887768330427,0.008975037041935396,0.02676821845203918,-809007.7564758786
4282,0.021365086891569508,0.039849303865773254,0.0021005020652183626,-646463.5041062792
4283,0.030886291220560996,0.035533957144893824,0.04859583804119835,982257.2141056963
4284,0.007288160011991774,0.012312160935473382,0.046622161578462114,-1079409.557074363
4285,0.03153144227416503,0.0019024516367755818,0.003867200112788949,-944964.5220597553
4286,0.03927202803138342,0.028373724922820788,0.028270774080943695,330883.5613287785
4287,0.04399328216556427,0.012054895968561415,0.008021549091101,-603006.2472271031
4288,0.03069029738110403,0.04412115488269417,0.013262532233380909,-120243.91528480919
4289,0.0340647182395676,0.007618951592913709,0.008595434791457445,-751732.645516269
4290,0.04507550289313687,0.005898249745318768,0.001217276832759734,-564572.2862146223
4291,0.03874702240553921,0.01812547742625902,0.019832927610106545,-444021.7857719203
4292,0.03999287724540978,0.008996789578867409,0.032516347076051784,-311893.5056024764
4293,0.015676416441881724,0.005213423032342207,0.034374802448504396,-809656.0653412387
4294,0.015933206727546806,0.04333020521400354,0.04595178251159504,928074.6256292396
4295,0.04245258809604764,0.016117587371773098,0.011829131217982809,-595519.5907044326
4296,0.04464003212038999,0.022647349193823066,0.03538698617790079,322545.0957210631
4297,0.04135821007053172,0.013884332743391126,0.005954871396739509,-600348.9709132744
4298,0.031241378167164293,0.029509612788161256,0.013510003632928792,-69556.0290390201
4299,0.02923533606926711,0.03951786272391715,0.01750054911720637,1469.0413286180856
4300,0.012115885946278611,0.03625006068047781,0.03929360083408974,-164675.52254869926
4301,0.04771447189344602,0.007379291145873557,0.044463205094409736,-305170.22914688714
4302,0.038254940559495125,0.03509499539654439,0.015652681459518907,-230012.77327534402
4303,0.001109647559407706,0.025377524705972116,0.014288468824285812,-1333664.3287386852
4304,0.014491050946334561,0.046356928859632676,0.00764844460266046,-581935.3882063373
4305,0.04671161897952769,0.025190335500537,0.04191396380304684,-32337.01703697144
4306,0.01417937857209552,0.03169603320423676,0.02782941978617084,-383799.47434111877
4307,0.04620830447089169,0.008964921342121053,0.01022849448712398,-472100.9368358324
4308,0.04744821997267723,0.004898231039305251,0.03173412345219982,-418752.36338450486
4309,0.0030282056607626564,0.0038495404060301663,0.029857437145086093,-1191263.50786363
4310,0.027568398107702938,0.02865130993767964,0.023682604827497147,-74604.37574425896
4311,0.03711796702908024,0.04960942681824493,0.013789062319517782,-438180.8158778682
4312,0.016171983365747423,0.016152477117160734,0.03816344731529262,-497992.4546983885
4313,0.017400775056186406,0.03383685337913253,0.022294377850596445,-250948.26653700834
4314,0.030390233351150625,0.04145076864024497,0.025702934377710287,252321.1830110618
4315,0.02375866004233528,0.013348729180265152,0.02579522909098919,-262196.3334110719
4316,0.013120613645480195,0.04217851028589794,0.019443201343079194,-236383.47096435502
4317,0.006455381591747695,0.011998376396318,0.026729073373362812,-963820.5864181827
4318,0.04581437579148762,0.015028074928738984,0.013219310204965579,-342186.42944874224
4319,0.02032799174050677,0.04838772391460733,0.0422609837230677,889127.0848897232
4320,0.007483397553734578,0.030687664355013206,0.039593210167201735,-397139.50389746355
4321,0.038400517068511886,0.02444227458773079,0.03659156928370211,392513.8585588526
4322,0.029179330529649185,0.010072249142610136,0.002802682031825432,-653142.4714289464
4323,0.018474984002516858,0.003096950097376994,0.01975067019604461,-843978.058988228
4324,0.041443950078537996,0.042214707420179076,0.0017036960670008929,-621617.8387389401
4325,0.0034767733754747067,0.03349335437956224,0.024999934747109993,-1151346.1311724407
4326,0.007467919636519544,0.04027648088660466,0.010824808135321096,-862919.4047719677
4327,0.003907462734785538,0.03747535690500043,0.030406298731598204,-1039694.8183584398
4328,0.019722136936566183,0.034636310189176726,0.045569034434560146,543366.5635116963
4329,0.0017091221383323863,0.03138397188376677,0.010908364850777992,-1244779.901979931
4330,0.023706887997069194,0.02119905644416848,0.01949898339172649,-325671.12109142385
4331,0.0095178050123731,0.04013249682224911,0.018976029246385015,-829971.3361236028
4332,0.044359813046823994,0.01773341364732454,0.04198566723395767,-88644.07704476184
4333,0.02722331657623439,0.01928126174298961,0.0352016107298998,263253.3378498356
4334,0.039332731230171114,0.02413453951372409,0.02127102141917684,180996.7437987031
4335,0.02887094851861611,0.02925816892528591,0.021273960792734373,3820.372944045102
4336,0.037883143922131886,0.019986072387690398,0.022649917144124638,95721.68260873151
4337,0.03026591121397562,0.04934244509653324,0.013034305550705151,-70448.50052741884
4338,0.011597639995576243,0.008844363325649135,0.034472210715406675,-447688.1799604357
4339,0.022454731870920386,0.01943031700371374,0.010204518707443433,-218172.01879182787
4340,0.04455691887016692,0.022158651761119294,0.03038466557431645,-266499.9660716411
4341,0.0056264789146264205,0.005398610834245055,0.00336772708319979,-996523.8758039606
4342,0.018367304041914678,0.02364433010959558,0.012228907472461843,-269518.1103802162
4343,0.01748387529386548,0.0003130017011884867,0.017554423263069743,-901603.582512352
4344,0.005958566741542376,0.006419223918694478,0.00022530487800016542,-1161070.5242703366
4345,0.034819028303255346,0.0465641887024692,0.03107727804260786,717234.5556487007
4346,0.004810102596395483,0.049482472469625206,0.04877925854382567,-482491.22964321764
4347,0.02341172678287444,0.005393460920314797,0.036036965482360225,-246639.03299574438
4348,0.04807341022417186,0.03893498020693464,0.03121014272854905,454873.81091653253
4349,0.030541595118553855,0.04889590571028144,0.003655966840988473,-575128.9040434726
4350,0.007477800979531307,0.04154057223698406,0.007255654015987951,-1091839.7209180694
4351,0.019164824346451483,0.014074962802737519,0.012172235822019662,-402132.1196818594
4352,0.0012860975554213339,0.02831256317674056,0.02006197604167305,-1452944.421928781
4353,0.027579510631850563,0.015225410324875184,0.04707304275271313,406419.2553206098
4354,0.029567359612076374,0.04806035232661335,0.017500297712932933,131220.33963548957
4355,0.00011447686731610452,0.03906327824812203,0.04136894272803211,-1179071.2957945978
4356,0.002935169860016801,0.03126846142311595,0.03305089335200601,-938882.0625494515
4357,0.007286693352378266,0.02762622764262906,0.012159944033997184,-722121.4678229138
4358,0.0008225851602258083,0.043345554518805895,0.02458475856132321,-1263347.1534006721
4359,0.03908495504553556,0.036144651611455435,0.04968526305072646,950285.8034395733
4360,0.02189767019505966,0.021377530337858882,0.014087778352558512,-245917.61115284427
4361,0.03125736067016074,0.024305625027764212,0.03643805610708344,454927.7718862581
4362,0.017825584922071366,0.006542237080466296,0.04312177260597271,-329658.0723162701
4363,0.04140234709823423,0.01755000935578721,0.034517585875599964,-276716.0661644486
4364,0.02462014531378059,0.03804860485655501,0.019506618433225622,91818.94486547138
4365,0.02678196176956148,0.0028908052032373625,0.008745499079404069,-585777.27050755
4366,0.03908828038875515,0.019078274108643874,0.001755271211479509,-593809.8936242842
4367,0.008381814285597334,0.020579901604280727,0.0358956553508386,-691394.1636207689
4368,0.01817425209036155,0.037259287718943455,0.042903029364754174,450224.2150361432
4369,0.01705683071028563,0.04001877854272127,0.006344033296509477,-671911.099010353
4370,0.02076417625358298,0.004878119814079629,0.002626399439738786,-466790.6348179868
4371,0.0032263688742723453,0.005237601354081823,0.04178629617081994,-962975.3699852445
4372,0.027183856181684504,0.047369409388850536,0.026900015065625678,582522.4116999074
4373,0.03143556661551934,0.009224198057024652,0.02702905103168542,-384596.16480994725
4374,0.01926512744016634,0.04657176710701851,0.046696060789089604,1049918.6930594025
4375,0.009924930625112051,0.0310065431969183,0.0319087901485489,-335375.6886886781
4376,0.028126753972900893,0.006216485399757466,0.032700765942043096,-341448.9868102727
4377,0.039954264246210014,0.017261301692656505,0.025727585097207864,-236773.62226324843
4378,0.0058163973174638955,0.046534435574351385,0.005476892658616001,-1087335.700236966
4379,0.010418855333412353,0.014923923790001748,0.0412895119591011,-517852.12475444685
4380,0.035032796025117746,0.0003507219001551265,0.009178077357970526,-678609.6321543284
4381,0.037507558959595094,0.02019172455004062,0.0013106766233629997,-503065.96997709054
4382,0.048195843916001235,0.0075616456470281035,0.025523332002341383,-315047.12125951
4383,0.01241580488224217,0.03687346601126798,0.038836304952364405,-21196.877379461013
4384,0.019861020176244654,0.03292248107295159,0.045453679227324274,456593.98870826233
4385,0.04074045592463032,0.020744885882245736,0.022073802694831897,-167022.83746306063
4386,0.04434391370135103,0.0017186400213171473,0.0011405786156913178,-593303.0334673409
4387,0.010289767078251105,0.04138108223426718,0.007660659380860042,-687824.9642031027
4388,0.014263964247417632,0.03145343450700879,0.009212140503069038,-682087.5416777987
4389,0.015155817062178674,0.02334563635615961,0.011405464188396908,-638046.3007971711
4390,0.049620684198896654,0.008172300866063393,0.042496855246012655,-379617.27497673733
4391,0.02350499157493596,0.006456183986009423,0.00592430785812903,-412158.45385560795
4392,0.02501480280254277,0.01767600857346051,0.011730114955649684,-336142.45133769204
4393,0.04794695685828745,0.023168987031659545,0.04644054906861639,178670.95260086984
4394,0.008199986303240942,0.009173303361500613,0.02980138454712258,-971772.5631144891
4395,0.013493782130841132,0.009246892780563022,0.0047342692706655535,-919135.8130054496
4396,0.003813533515358192,0.03765841927067132,0.014108157318490827,-974846.9890740053
4397,0.048920957665381744,0.00915605637395624,0.017722332501192397,-513784.46462967934
4398,0.018745430974116673,0.025007639636841494,0.04353179344897268,282445.0032793807
4399,0.04173851049820937,0.0004978165431897664,0.020462753347913133,-504494.5579599165
4400,0.0413968365520291,9.89039133550973e-06,0.026681978610912194,-383412.81391207915
4401,0.012973781066660096,0.020638427462105032,0.021015234993940403,-778373.8834313204
4402,0.01958772203587572,0.04459750611056315,0.02682318044847673,291932.2205207755
4403,0.04518733619139924,0.03633712036606755,0.017556003548700284,-294521.69829035096
4404,0.02467818407744775,0.019492926910264587,0.04142871391001608,169447.73864272944
4405,0.009379890598548185,0.04682061411307758,0.029021224712595807,-242989.55021115555
4406,0.0305878976984042,0.025840070012598568,0.02772482385224588,6493.466486758726
4407,0.033383770821141356,0.03275176275504298,0.010707354443498213,-578463.9118239718
4408,0.029122008043653703,0.017731322034422126,0.03185151529014394,96795.15173152232
4409,0.02739172901339594,0.00898399668562463,0.0367366958769518,-217186.7873717072
4410,0.022850672373974514,0.027572077614306852,0.03363214324624065,347709.8324558425
4411,0.03264358869585685,0.03744644100450223,0.010337586432155871,-348041.3913584821
4412,0.0055195616868678465,0.03345897873371722,0.011799247333284107,-1022214.8945197726
4413,0.0057302434274913334,0.0065618746404704,0.015640006194975704,-1109637.360345482
4414,0.04958935240246226,0.007863016334354251,0.014926828114923392,-653440.1632636486
4415,0.04603670759410715,0.04816540315704013,0.011442168057575903,-427499.9414087491
4416,0.04402263485253288,0.006945897226150683,0.03807682056502579,-265582.25970825
4417,0.0006504080323685769,0.020330981462048005,0.01236676033586941,-1344308.44414425
4418,0.03520040070795614,0.0008028065677592345,0.023245085302576653,-704614.2992300729
4419,0.03483645123724676,0.0023352436625091455,0.04487000910649862,-415718.74686440814
4420,0.018059870369822446,0.008263291612112129,0.01127322480152304,-610001.1321025867
4421,0.01694529643902316,0.009918755091114607,0.025528937695760145,-561003.9460216849
4422,0.0316465868249678,0.021671505444166236,0.021351607494756116,181863.98442620863
4423,0.03908497596843513,0.015050835647894258,0.031138441695362104,-34560.543388221755
4424,0.04464607925217363,0.01107571825480061,0.030995036501222862,-319348.69727154064
4425,0.047398589002739216,0.026489762747772722,0.048844886184856516,503525.7466092742
4426,0.015502302209239822,0.028214694633309906,0.015551787560047643,-511147.16470410494
4427,0.00018597125337003196,0.04986540502228292,0.012003003401863827,-1232707.4372370618
4428,0.04865509926183659,0.03265164133235635,0.04519668044742864,658470.3244383459
4429,0.04836013735268165,0.02839146031709915,0.04998456721506291,451988.8627598522
4430,0.038366495463768496,0.02619072780467867,0.032747164209544294,525018.4393829018
4431,0.009713567866329965,0.0005516310720174944,0.012839467380357107,-1124396.6832844554
4432,0.02174854308599535,0.011402629343087702,0.0257017948993099,-178275.31096695721
4433,0.032897207111233326,0.032789692455001886,0.04468822152665643,725784.685244372
4434,0.04831595482416049,0.04453475066799442,0.031008747967346307,682146.8174883797
4435,0.010288207729556454,0.04717255795849634,0.008743019738365327,-740542.5010962342
4436,0.007571369125523259,0.01587846639527175,0.02868027806691441,-806566.5279324802
4437,0.034073631599290215,0.0006646338672817997,0.03890111358598751,-426944.07923707226
4438,0.008750977454362109,0.01482424257565106,0.01610433628978258,-888710.0180613704
4439,0.016622299944937125,0.038018380110473565,0.0020472181101089783,-647367.998091798
4440,0.009825890919615977,0.001115961557622408,0.03891497283558831,-818354.7607737043
4441,0.04918611691825618,0.032977357963328215,0.029506959045940563,34778.52947854089
4442,0.04540331066942514,0.01274769931817414,0.0033231152569002612,-504779.7785725983
4443,0.025498495248610788,0.013017435158691438,0.022554080734045103,-104767.95673695987
4444,0.02281499252909047,0.015941591203403473,0.024316229079152676,-63960.964864745176
4445,0.019007594027495085,0.0056529668390938375,0.043336285370288996,-378503.4007021095
4446,0.0350636857215113,0.0020654432499920272,0.005789321263565317,-515106.85111916054
4447,0.004825723535601201,0.003087177350441384,0.002952838792027385,-1415579.3183646668
4448,0.007855616646810016,0.04239347042649641,0.041411664809908794,-506990.50169545034
4449,0.03915732376391926,0.030735325326928638,0.03617467766068173,505780.8763292284
4450,0.03692406054201531,0.04446564351538337,0.03661715148178828,715473.5667789368
4451,0.03682296540104828,0.040204058635674195,0.027817742796381596,490982.3333129398
4452,0.010651439502130461,0.004227123878452916,0.020952178019094943,-1010149.5888025152
4453,0.004584283584303128,0.008465201577716559,0.00119200058812175,-1230826.3605302793
4454,0.015010314551825494,0.04849989112010092,0.01894656363322053,-169187.11887130723
4455,0.012044630302554066,0.02017247385691158,0.01506692601033387,-535566.0967796973
4456,0.03369384114641804,0.031723338057954034,0.0013671453885248097,-607440.2918030992
4457,0.02556615779033926,0.0018099843837718567,0.03386816332071375,-579022.2595880246
4458,0.04679041653136293,0.04537439393637095,0.010285605604546328,-289949.09905776626
4459,0.03713225738606967,0.03965329855202826,0.043218376655469216,1029380.7959373061
4460,0.01297993354002605,0.022541742298608003,0.011075221451829521,-613037.1835091697
4461,0.001215472860559569,0.03295063139324786,0.02157318089465728,-1409051.9417030376
4462,0.012405844028178365,0.0423551973649806,0.024784031998960145,-258878.17240566312
4463,0.04973288386062953,0.039667891346948356,0.043460559986795995,1069349.0154996072
4464,0.03866661243988359,0.005296244947531082,0.003251450032683534,-590040.3688808362
4465,0.045753938630723176,0.006909859401990104,0.019561307533713015,-505301.3354730263
4466,0.030495550577796543,0.010594917495099783,0.01126425218538884,-463581.2923592531
4467,0.023312067114568825,0.01804475457299636,0.03382878335099022,-248885.7772454239
4468,0.003753809776031375,0.024437933473890984,0.008712995885775848,-1058131.2343259903
4469,0.030336250450037405,0.005810664588017156,0.009881593326470685,-850090.9571915985
4470,0.040194449142165675,0.011758349501900689,0.036853266939691286,-348065.0073116433
4471,0.01365313498440955,0.011751375261691555,0.01495773914406337,-629493.2202658379
4472,0.044046599221137434,0.0198582829668364,0.012188026494198685,-532904.5175618925
4473,0.026831973684845658,0.019282070589256784,0.03950987598858316,17183.693310926235
4474,0.04952228091565139,0.026328722133291682,0.022587444882642468,-287870.54101155314
4475,0.01715176991569428,0.04866693661350689,0.024164163800234104,198558.3028456749
4476,0.00889984299680247,0.0484607952692338,0.04804410629996785,46730.74148730153
4477,0.021786252616753828,0.01740930065164786,0.03402187233443177,-450190.64883205725
4478,0.041446206539280495,0.024926606614176373,0.016540649552651672,-376745.2524787799
4479,0.015069700543150672,0.016329936360720904,0.005901647006120503,-683608.3906420085
4480,0.03893102181776044,0.005247993175956822,0.019915724746692638,-393183.70714664663
4481,0.04174716685704325,0.020205294784595,0.014738089896297619,-378820.79749014124
4482,0.04741268619016337,0.006327187676650531,0.044242695139223714,-432517.6284980821
4483,0.0031038399368402306,0.020676470642628498,0.031586052774893354,-1052437.5101088434
4484,0.018501919207084046,0.026730321048072922,0.010200083329359112,-495724.7511959154
4485,0.02845172587334184,0.006727935844961908,0.03980481580447882,-322653.4192055456
4486,0.02918949567210649,0.02409660574094263,0.002733339791654066,-739006.9744953051
4487,0.024988716795836113,0.028178471518062017,0.013283375670358227,-377267.7087413228
4488,0.033879517045411096,0.0038382574356760294,0.010434454072424788,-622609.8085196565
4489,0.03687742586621176,0.007361110946301208,0.012277440981130806,-506157.03427254874
4490,0.03254276739521921,0.03644208519055562,0.0025744627311716007,-732625.881696184
4491,0.006329470662610754,0.022305900292163134,0.029639747241609816,-819300.9088469062
4492,0.02268906171728054,0.032353499640587896,0.03779964532609795,126014.66885581493
4493,0.04747719237539512,0.017494035656472357,0.008155238425223305,-569687.7171038069
4494,0.013204200214410195,0.0074082222525895525,0.019712282098645808,-641168.9391682616
4495,0.04362836329507828,0.01735299484721783,0.007441135111129838,-654174.4115678135
4496,0.026131644101148467,0.04959719083300701,0.009409060933437975,-204998.15423886685
4497,0.03889374758783609,0.041167947178715136,0.020066917175050093,243943.21665563603
4498,0.030977571933226245,0.021618672537559433,0.013116346826998594,-328297.2803821267
4499,0.021305940003618015,0.0047645068315035795,0.03534780568304464,-593387.5846481
4500,0.04145965158146521,0.01536999666852414,0.028323841218999127,-162041.8126630458
4501,0.011607426601971822,0.006373022508640586,0.03318092825560799,-864293.7000208971
4502,0.006705379825395619,0.03909895346030837,0.013587727437546205,-873396.7766845024
4503,0.040925669650133036,0.018425228719521347,0.01844212963214924,-379361.1484051056
4504,0.03752863803362422,0.02551328873177356,0.010048871320493697,-410939.4178030343
4505,0.04252042740267176,0.017007660461787977,0.005138838041920075,-637143.2224867819
4506,0.020800052246143882,0.028698088158483948,0.030494266696954875,105321.94107978983
4507,0.04178039226519101,0.027070341189673733,0.011185524153367505,-421626.31704719766
4508,0.013083316536795404,0.005042029414720134,0.03679621446181309,-549133.7982544864
4509,0.005297077324987898,0.03029063161373978,0.029847369702330664,-1088950.861027987
4510,0.03927517784876789,0.0037314849842710555,0.010145567175558569,-536265.9668979277
4511,0.04547811885115693,0.02861184147310061,0.022884510655503926,-286613.9452142709
4512,0.03738381327311409,0.04512652255445792,0.013150481847477448,-193206.59187504422
4513,0.04507378144056717,0.005434731302037682,0.048884152386493906,-224234.46861526367
4514,0.008242591254980508,0.013311818430114697,0.004829697004582062,-909670.5020353964
4515,0.04018382534433002,0.049211603102083945,0.014848825428488406,116582.5833316259
4516,0.016280598020089694,0.013948995169000129,0.007741405010746255,-697328.7601493456
4517,0.03937221083693463,0.0030359920004561225,0.04838870652371414,-384280.9355363822
4518,0.04636577622545242,0.0059219542642123205,0.026476192560524123,-337155.72748519294
4519,0.04964256793221685,0.04263096245242132,0.03575668629792797,805785.231329282
4520,0.0011230472720450968,0.003418872268412071,0.039700854922134626,-1573719.6357298049
4521,0.018822242709548437,0.03342159387295238,0.036959081352157905,126854.20186077523
4522,0.021109208876254455,0.007169087535038976,0.01933472515396059,-468996.53488848225
4523,0.04355242211593023,0.01655428895159894,0.003132472129728653,-518915.4214570831
4524,0.04795657085923909,0.03403384544869342,0.027042837596878297,-46226.85585029993
4525,0.041455367334061896,0.020558033904854795,0.04925578970052977,76101.69923217993
4526,0.04287865346989119,0.014027237082799538,0.018552399358881994,-360974.2715328901
4527,0.013787148209922285,0.03296704214241194,0.03196659655337023,-410299.3892423174
4528,0.026125293675635854,0.048292018728641556,0.023613764408884488,360891.33871035697
4529,0.03918611970982827,0.03290475585883349,0.02590924700723342,418784.6442395723
4530,0.0021047553605699153,0.03287475119100658,0.03212975421381127,-1101609.7277586425
4531,0.0062436997296274055,0.039795748768033296,0.023349704172252107,-1011479.0882515333
4532,0.016207300720240438,0.0411979692922983,0.017168547974891184,-368355.9842719176
4533,0.03109253956419132,0.030895740072824612,0.0026402991286633482,-682077.6658826015
4534,0.021141681528735797,0.011138937496597823,0.009978533095052795,-444643.7014387743
4535,0.032748094431360494,0.0005704997642876853,0.048453948910724826,-520265.05499289354
4536,0.019769550300241058,0.014940176422245256,0.04599871999687287,-86319.82234706475
4537,0.02433360710534225,0.030716262574263888,0.034792537431848077,409468.1395481273
4538,0.04357056367422318,0.006487099490852805,0.004082658954601181,-512063.12264104973
4539,0.04968553921673696,0.0004441900813035249,0.0354097376807513,-416166.48543432204
4540,0.030553268097931054,0.02762755108545835,0.03929139795900467,401970.13066876587
4541,0.04962364738177294,0.00234429107469637,0.030726524632159014,-478347.41289903456
4542,0.03583888342695254,0.015296965308650929,0.04464306924604656,-5585.700430354926
4543,0.022849642072485594,0.008223923097597336,0.042720390801015,-288187.54926329775
4544,0.047146281021232195,0.004975745918437181,0.037584043357727664,-432211.1992560826
4545,0.010750710958260985,0.0003361108834510851,0.013030691144269413,-1122279.2424864238
4546,0.04274549176103735,0.007059193839186618,0.006533444149923029,-610558.1620329656
4547,0.036952385310007815,0.020317981928231907,0.0074243036267301,-827493.2099376415
4548,0.011500018824108588,0.03973009624928023,0.031163439502900982,-123858.37006097398
4549,0.03804643862832493,0.004888661949401885,0.022905214142485628,-486589.5852529457
4550,0.03985531253906661,0.01328963754342155,0.00845944841880143,-666088.0093111981
4551,0.01908919469085961,0.016668998691939035,0.00927363894411018,-387150.51689662854
4552,0.04769724626781293,0.02415492022777201,0.030403817805496232,-184230.75045335866
4553,0.006055345437479754,0.030501754406575644,0.027766134660423186,-849926.8737110825
4554,0.046596466388651635,0.02061584005360219,0.039103105023810855,-139917.1083859462
4555,0.015209048923106101,0.028947017816394027,0.0463485198622099,90724.1556393243
4556,0.03125356553794482,0.03555793418832542,0.043799226260129526,852502.3765282255
4557,0.04627121816543998,0.010413743760153355,0.009791901581459261,-571912.7391923948
4558,0.02752380634543929,0.04977581881531806,0.024507616165539,475738.60884610686
4559,0.01654524815517136,0.026863063746654425,0.003219788705785093,-757525.3615434113
4560,0.008860338515495702,0.007446020867325498,0.0013957772535525938,-926943.6050951381
4561,0.0361106151522642,0.016273727293091178,0.00842681556210449,-455279.6742171022
4562,0.025612188526281172,0.01617222029860324,0.019650888539903957,-267929.2283122568
4563,0.015776590853090557,0.00019917571794160762,0.03441644322094625,-724703.1591062316
4564,0.005534523936702985,0.010957119853148473,0.009515852178191576,-934133.3251446526
4565,0.016568364774935375,0.008009883974817805,0.017347606209397706,-426181.0091193892
4566,0.012163217290386708,0.003060755658620551,0.04352814885849146,-577300.8546218751
4567,0.015279055354935574,0.004764107318819028,0.026076318947606147,-558508.666680885
4568,0.006163775918440162,0.03865466007284235,0.003078897161991978,-1211438.1302972666
4569,0.023231797497211566,0.04719131650578892,0.007948452682920677,-127371.89519871761
4570,0.0100684338452749,0.030023245569760788,0.048992703579766976,-317369.9001356324
4571,0.019291787414279688,0.03243225463886033,0.007615853139081696,-441680.5473972278
4572,0.032069856663215116,0.01263310324774466,0.030664380374566532,-321833.4723189938
4573,0.004433060404180472,0.026248451085266456,0.01187024973366202,-1083946.7772244557
4574,0.03408543516647067,0.037383489353415775,0.04240712652796987,706054.1805223512
4575,0.0496197684459541,0.022967738982661603,0.033529720860366215,-126708.58880059747
4576,0.0009211858126060846,0.045254351665310555,0.03078715727642895,-1097602.9855332926
4577,0.021067248963661855,0.021715637138032536,0.037899782318019784,82797.11745800915
4578,0.041673500176794706,0.04039518381574259,0.025529232652351186,374112.301669771
4579,0.018557331878401584,0.047276968070776776,0.0317099762385105,357585.89256750944
4580,0.02718267044971058,0.029915946601414636,0.031493325409314134,255680.49629818441
4581,0.0356536442053452,0.027659234752058295,0.04376776772287393,627393.2234327322
4582,0.042985710713685815,0.022112887232641872,0.008426805606276828,-423235.14542217884
4583,0.028832785688555043,0.031036976106559106,0.026168978697686765,74659.57716055242
4584,0.04452889066369831,0.004651012851218295,0.014370925241760025,-556312.8918467179
4585,0.04328949231613093,0.04697066565111028,0.02129625373512843,-135807.67716083382
4586,0.009632199092046895,0.02101647482549674,0.0228083222712068,-729236.5138261629
4587,0.025978468908127512,0.013717654009147557,0.015631370355841123,-322208.39029364684
4588,0.0327793815673046,0.03108970754983197,0.03310512575576673,422510.14191181905
4589,0.018864249159879054,0.01682284192499461,0.017576933648646948,-449476.8138242646
4590,0.04755882427448342,0.019762255157216142,0.03030661981689628,-158801.0331524696
4591,0.02614215935832693,0.04381109079972461,0.018455840038973954,98512.834748039
4592,0.021707222217808526,0.04213971443911052,0.008047880701495291,-273973.47478870006
4593,0.029714727393765003,0.0199954103821902,0.04928957794626138,293496.01973204623
4594,0.03606920584003099,0.0005278131403064102,0.0419736950223322,-355897.83737705316
4595,0.035158982809065584,0.028048045779132166,0.011806423794215854,-395989.3648415552
4596,0.007465832520384514,0.031419978142920905,0.021997013640688196,-642457.1984640403
4597,0.043081015611556486,0.013118678513883564,0.03187599904231245,-156448.07309912148
4598,0.012442151832950882,0.03181585395466442,0.0024172321107856667,-937971.953620908
4599,0.019585371340719228,0.008634280793287569,0.03029669981117373,-410247.7397571047
4600,0.01583640265888659,0.03857663088383747,0.005729718021500913,-674273.1388532756
4601,0.027810653345962118,0.02968389314708274,0.0011052049860032999,-540637.3483575894
4602,0.001799285542524931,0.01541200861640092,0.03045377197059561,-1538791.0161232322
4603,0.048131499758110326,0.004539175499433151,0.03515813866054029,-370220.14798790606
4604,0.034635806106138846,0.03347371217517384,0.02580736707661009,419018.66036599845
4605,0.04834129753050719,0.02508875692443407,0.04191485395996039,164042.65615768076
4606,0.013126030143733192,0.04031542496534276,0.049827286696946665,260208.4662569569
4607,0.045504299388688,0.01520358593759727,0.04230787379241997,-119972.59201379165
4608,0.004762856151435991,0.03388537798065263,0.01710731164933433,-899131.4022286197
4609,0.032933504479779906,0.02061245037897327,0.000451657491266122,-571749.8076406989
4610,0.01156382770239755,0.0021193116429158,0.02136349613999257,-925508.0535579048
4611,0.04200356433640916,0.03689983794875392,0.039445609312203284,627768.612138074
4612,0.04035998244023646,0.018596989402173775,0.025301286474669928,-136634.72989232978
4613,0.025422558504270054,0.005660425846803619,0.029907106106413714,-544600.0813434563
4614,0.03600898895001677,0.030548390955664712,0.03729829673547613,495138.16528053815
4615,0.005944563406242837,0.03807044731670886,0.010407005168423822,-1166655.6348346402
4616,0.043841341141976645,0.012246565617539779,0.024599619184522012,-492712.0354890953
4617,0.024363314832831714,0.013442516019600677,0.018085479220979722,-304793.8948103945
4618,0.0092798374537796,0.028505034872927472,0.04565140126667401,-455115.3084615078
4619,0.01583037861808252,0.025403130488572886,0.04309403059543248,-4283.81480715888
4620,0.022624952347273627,0.041563016422895976,0.022319533258493486,172460.54708770668
4621,0.022012123335543667,0.0078619981089671,0.006248941221330701,-521647.90090769005
4622,0.030574837214724388,0.04136667623393603,0.0067703243425096815,-593458.5249600098
4623,0.04550469730534939,0.017943990093216823,0.02126286032604109,-380706.43896366865
4624,0.044722670100906456,0.04481482251607032,0.026242943845578598,423321.51766078215
4625,0.013838247222667044,0.008596973616908794,0.013579002371527328,-608341.3779761173
4626,0.039031369881256245,0.016229540110682478,0.03472807305165043,-76443.03114029721
4627,0.009760041113979857,0.023925181634444983,0.017605310802941112,-683699.2057066947
4628,0.025180616166011534,0.02849726454600883,0.04954674823172226,501930.9624397509
4629,0.04499475235946011,0.034793323876209536,0.007687173526520936,-292763.7062573314
4630,0.04595142781696092,0.04462930353539998,0.04433517150371194,1185712.672608186
4631,0.023950843217652798,0.008535335553052843,0.037720160748446085,-143802.7905131041
4632,0.019425751949521175,0.017228414484611747,0.01953910062796387,-364932.1578230624
4633,0.02795352787329062,0.01667594153720795,0.03449603054990592,51530.744251973985
4634,0.03238618978718313,0.025443130691345017,0.002698661584274764,-542960.1733911453
4635,0.04682713411855862,0.02058481415601951,0.022472659714294366,-408992.03533314035
4636,0.022801625612158285,0.018251397911923456,0.033729395530900486,2579.902663622046
4637,0.0006958847911924638,0.04367541646553394,0.005121951263478014,-1533347.4134621564
4638,0.04998568375524087,0.03140413145883605,0.0033123237052341994,-503819.8649802586
4639,0.02812185297134205,0.016565389623280736,0.047652161156311684,197020.4064838709
4640,0.03777355023909424,0.02535073343242182,0.021488869975373727,34241.7660004581
4641,0.049793443289476824,0.03336920424803804,0.025696487119562045,3785.1464220655416
4642,0.01989720587101477,0.01622914287202809,0.03527097119008147,-365733.84759000974
4643,0.029394275745301363,0.04240924176519663,0.02767803616516872,507432.16309552744
4644,0.02911656950659053,0.023867824742159024,0.03813104731455333,263405.65187500603
4645,0.020749608804925913,0.042596980236495746,0.01635223805774,1216.3030985457046
4646,0.034631252319048275,0.04464854495498261,0.038453693184806056,957177.1721535388
4647,0.017130407125797564,0.03531695014753865,0.010349240730498683,-411784.9463770225
4648,0.002908253972590469,0.03956908698224254,0.04040045576158328,-714616.7958747823
4649,0.001146546945779875,0.04738975069349868,0.02229499134525846,-1290160.8357103022
4650,0.04526360737176946,0.03940872628224534,0.04503267639043562,959026.884559953
4651,0.041668781655853436,0.04869976847934121,0.03145505006378934,778508.8158911928
4652,0.011362942352625105,0.019478156536649378,0.03759396243095406,-269346.4638836474
4653,0.007848463940153079,0.04649211680895099,0.010263945681446575,-961835.1209385962
4654,0.04379873690898052,0.024186197241929393,0.042031007418567044,408262.88750911166
4655,0.04791478487388895,0.021107372603786242,0.03483022704589518,81517.91898192391
4656,0.01133588017046759,0.04003928583392693,0.040996282464155376,35160.83188993938
4657,0.014762285201639802,0.001207038123534493,0.02156026258899123,-602303.4832578431
4658,0.0085000267122606,0.040927554013443654,0.013054863900857812,-739068.3641312956
4659,0.04718463962732636,0.048590448053844465,0.04544179620352307,1285104.8886945548
4660,0.029980723885308716,0.013371400199295797,0.04036292074165179,79907.89180519979
4661,0.035079769060400716,0.04885841735251312,0.018862600365811923,222639.37900938946
4662,0.002938399958386007,0.04991931644194732,0.041913181971943776,-874712.2376883695
4663,0.011074484414927456,0.03628139329498269,3.4508753238909894e-05,-736771.5445436554
4664,0.027890452894179026,0.01814191205008142,0.019066652061881347,-100453.64548733032
4665,0.012225990308603791,0.013742260781667204,0.02273343319280756,-673591.9392568979
4666,0.012407251773888779,0.023321997343471897,0.02886738602852278,-337352.3835403404
4667,0.0355555711426255,0.0338572825341409,0.012099463655226168,-234244.88892499413
4668,0.001959479521405655,0.04163409330465653,0.04361564214822966,-1020940.9052680337
4669,0.04894447598666358,0.04798557786180939,0.031690701334649206,639903.0416701331
4670,0.044713585197078916,0.022400420966069437,0.03936678198625215,-81996.2148030862
4671,0.04776672711283589,0.03981392786038321,0.02078826829759002,-218354.72357298777
4672,0.018887962353338252,0.014577137709366124,0.018353176215691377,-539831.102034409
4673,0.04102883308961015,0.03507501606092884,0.012493958977086224,-212522.65651503493
4674,0.03557675642913751,0.018969773301999605,0.027888625351832272,90756.14042850952
4675,0.01851846363846731,0.026081467644292006,0.03649019475462724,-27336.326098352212
4676,0.03655653253102495,0.037659128965054744,0.019551939774509804,86400.22752238845
4677,0.0345247721456677,0.011935581572354132,0.02387142102099328,-229081.8876409271
4678,0.029155345840163827,0.03432410936360127,0.04559979958771253,623842.0371605938
4679,0.015238431826989546,0.042264295732247985,0.015556212600466536,-513261.31547747314
4680,0.02759547095176635,0.041404992371239964,0.036157480263484525,559346.5580040326
4681,0.04314348344386648,0.040744059625818674,0.013817363096726855,-356846.7687123674
4682,0.04964683358559056,0.04684992161035364,0.02150873106191449,-37730.52789943829
4683,0.002360473784443812,0.015174833659456505,0.04180762652982134,-1308753.153897578
4684,0.04754352097494169,0.041583597712994136,0.019837161830229808,-190068.34742775868
4685,0.0028268249843165618,0.025879142200477035,0.01881912544315787,-1459930.1812742257
4686,0.00614861935890424,0.005292667319455275,0.00765184418280479,-1148566.475647818
4687,0.010291183669231985,0.0376893204682736,0.019085173525035394,-558100.7029794153
4688,0.021846906509758936,0.029919066749155898,0.04800667387160082,537995.0847960943
4689,0.03782345244501693,0.032285630694060055,0.0371916066803909,529609.2641787792
4690,0.03596462605592938,0.03451246304971384,0.02482035597499284,334909.73390757386
4691,0.028342354006998933,0.02307457332244734,0.019747924852349902,82058.87112163234
4692,0.013538403587812648,0.01776066006311951,0.021426480865482718,-464150.5321028407
4693,0.028968970249224298,0.024993754860150697,0.005397447713862958,-696065.2238586629
4694,0.01699868277286302,0.018809673430081504,0.03534629825565462,-373150.51851633453
4695,0.016644604217772724,0.00039779077923189355,0.004216831166502083,-704165.4332085844
4696,0.0248499208985115,0.00942477521361853,0.024731120563961637,-382929.82205569244
4697,0.028710268604306123,0.046671895128467734,0.032778996217440994,771750.5829581848
4698,0.001552036131671636,0.019036525914242226,0.03967284853907693,-1274900.0953774434
4699,0.013028122799496406,0.04624865357501205,0.02645053542818189,-142761.96222956319
4700,0.00462238459111029,0.012083527009014017,0.04531495995443313,-1054119.4091312978
4701,0.04957298755874049,0.04315079462836768,0.01603383423259606,-159751.75279345672
4702,0.03844095062550493,0.011111382179812786,0.019226114372406386,-326431.5173245969
4703,0.03485840643003487,0.048445066959228095,0.021959913839070356,343490.14728535234
4704,0.02479182105166683,0.011008426447552722,0.020161137137468255,-189853.8210310523
4705,0.0031509303847822192,0.04292929478134194,0.0011667294607100199,-1360948.6968773333
4706,0.034176229229667586,0.013661085072708351,0.023805471601658086,-407062.1731735144
4707,0.014077922004987876,0.02000353340134522,0.027338894320952295,-355153.9455243549
4708,0.032044670571609736,0.047014307154955824,0.016610045088782395,-184803.35490647447
4709,0.029242875648687595,0.045086107360412214,0.014511590397517128,39602.78307460332
4710,0.04325249905627405,0.04787775481949246,0.04237468528134569,1174965.3217249848
4711,0.028493025067079847,0.036105776999664746,0.024053293427552188,413646.3360655513
4712,0.02986279022248675,0.04872370334891361,0.012556027807777249,-103767.28579582827
4713,0.03962735612703221,0.025311657487740166,0.008843662671593634,-521354.95871005725
4714,0.0321767690352222,0.039621345326753835,0.02843779096616847,384622.58540409215
4715,0.041871640049582964,0.018293430704349366,0.045688414949372126,141950.50879257845
4716,0.032416004999316364,0.04015796624657816,0.013649256242915398,-166300.2675790492
4717,0.022306415595145835,0.04548087058700727,0.0025447775250940774,-410854.36753029644
4718,0.02019908567815903,0.03901593290269179,0.0371907345089001,352211.38391737326
4719,0.042581141538468315,0.03696951673393716,0.04735460745845032,1010088.576334721
4720,0.024912977767502294,0.03121449184266455,0.04238528792801133,486081.20503149106
4721,0.03508454749281736,0.0051028359436834595,0.01834982262973958,-484761.2400239032
4722,0.027629539916593605,0.03773587719307844,0.027178378440928665,28911.1722987131
4723,0.0388774620691896,0.0418804738231454,0.013256413514759053,-219978.7454905396
4724,0.030804908658105673,0.02785551887403915,0.01136586263274339,-365608.281985364
4725,0.024493904461841572,0.027428414228435873,0.040866993760293235,72893.62711776867
4726,0.023049468732114015,0.004045799123797472,0.02436479791161036,-713384.3788405827
4727,0.041897547218821635,0.028562772616377283,0.0159432613851109,-507746.52198080067
4728,0.04604854739921292,0.007782569231303088,0.016343882624665112,-572704.9151342436
4729,0.021856734531479002,0.03689889439629382,0.041787339606288054,295117.4178689172
4730,0.0029280238122599725,0.03960179102317973,0.036026420762533165,-1075181.2128876166
4731,0.04473261524059082,0.04502214954127711,0.038876277933022424,1111590.5316323675
4732,0.009510134213184352,0.015693575332802533,0.0468159849424249,-584014.9475918717
4733,0.02990866499269289,0.02693803671946439,0.04578547200219993,772806.3469384143
4734,0.043709928704983234,0.03637480766581904,0.04411261520797718,883580.0153323307
4735,0.005691748859774199,0.03787719832999541,0.0482820101098434,-598725.2365191806
4736,0.0024488396140702196,0.01115228258953171,0.039698419443270946,-1351110.643837171
4737,0.02600235822153262,0.004330917727063066,0.01339790145780106,-584179.5797658612
4738,0.016202979996132384,0.01605313609229744,0.043883637473441595,-368203.93113947526
4739,0.03310182286790207,0.0367458639184506,0.0006785044444275802,-630340.5310847033
4740,0.02137560014802159,0.015891031403276346,0.04259627011200869,4916.1012582300045
4741,0.047693482695992585,0.021167042479350265,0.04865303072856494,27317.01760330429
4742,0.0007179602021884058,0.01628597021043029,0.0387465588964975,-1356112.7649996076
4743,0.018004981523751653,0.046048116518895815,0.010923244624906526,-131322.17204650186
4744,0.03978333636640554,0.01008511262012622,0.009855245883641884,-660282.1353278471
4745,0.02228746791916372,0.04724702941651662,0.029272748095117415,593035.9736754934
4746,0.03175164474367901,0.00048663362343081,0.002830760231588259,-684145.2106250763
4747,0.0033467012830511733,0.04098210873306161,0.01184260608791678,-1254863.9191230857
4748,0.016441909231937113,0.03049763893144903,0.02919771588266596,-53681.06213628727
4749,0.02052647487842202,0.0002150103017419247,0.022480128752540785,-696189.1576436368
4750,0.03694413078600116,0.01176196576627277,0.035417900513690904,-411137.7403713232
4751,0.0007576409908639115,0.04540039021572659,0.04750196038278954,-1143046.23394924
4752,0.00012307417122796595,0.022890920690325618,0.020691097011933453,-1684082.5634183988
4753,0.04209416779597533,0.027036079566163437,0.030568273496802547,129247.52472911404
4754,0.010125300154321122,0.003853233399854045,0.03461655485913126,-851619.1048076379
4755,0.03103379959847142,0.0416164366991639,0.04223417237210278,834142.3157872095
4756,0.03155176369864683,0.026918069147514406,0.04570041345059256,527883.2506744406
4757,0.040063206792615866,0.04412124974837891,0.049792044913699644,1317347.6284159857
4758,0.020175289388325624,0.03584673311453754,0.03440339076157892,145083.61554037323
4759,0.008707135666639998,0.03182742998465216,0.02140446379394519,-620957.6366172908
4760,0.022531779505685558,0.009006899492702848,0.03723696730679844,-31030.15457673877
4761,0.03489704948391279,0.026614506950108183,0.007835959561291073,-704569.921058508
4762,0.02784323926785634,0.0050066711073510186,0.016968601307112825,-479395.72998717375
4763,0.018617892139635644,0.04417126962703223,0.02077810377221926,-95880.1638648782
4764,0.02992349343128985,0.0437389493951992,0.02128797193778148,293572.09625577583
4765,0.04418517600353661,0.006823065626331987,0.018242157857997994,-405685.64300301496
4766,0.004736362453323229,0.02804648146406424,0.047864103020390125,-700113.8351125955
4767,0.032847591766063264,0.03130378086743743,0.013907931612156916,10162.361492268219
4768,0.04655533793115609,0.023576739238784727,0.013350102652290958,-390932.1206497777
4769,0.04938499902165038,0.02115619668973695,0.01857494912047721,-302706.86162451474
4770,0.0017480633649417212,0.008914748657234128,0.04045956775361402,-1469024.8173831683
4771,0.024134755230107514,0.04774373634625968,0.004194290161179066,-495701.74114610575
4772,0.03079717211992159,0.03599920737716577,0.031059156323230176,442414.5560726196
4773,0.026493878006292777,0.028914916016935546,0.03447747956882101,157725.47428245578
4774,0.043163177181876455,0.01681723221423429,0.022982704022083383,-340180.09399101924
4775,0.03179547933085854,0.015710797616322377,0.008939143297334768,-623814.1397805609
4776,0.048308437838906655,0.009736444439811864,0.011636654770112538,-416130.6582859723
4777,0.030934305024129624,0.0038684154960751393,0.001702382690760329,-778529.956142695
4778,0.00320068019026743,0.006163182289288416,0.02145984310670936,-1186576.490168011
4779,0.041463032173224564,0.017098594654776367,0.021376570732370988,-241083.8433871979
4780,0.03001255464179335,0.015107221281188061,0.021626893938399023,-252144.31003363922
4781,0.01931558434321804,0.017094177082500994,0.019419658474101875,-581686.4978350967
4782,0.0005558855206031666,0.044313033406079234,0.048867339872434544,-840671.3710467161
4783,0.043124809570806916,0.00028711370271208294,0.0375442773347311,-390385.4732537371
4784,0.028655008629335676,0.004708745550387517,0.046642956743979884,-301577.57551459386
4785,0.038810856461131846,0.007264814322404684,0.048202071484674806,-256442.7331455129
4786,0.006309937640532004,0.022733993925464175,0.007948786632958648,-1028844.3539032601
4787,0.007509539752895223,0.04839028691873051,0.02860613906961701,-541650.2802597388
4788,0.012958745884650125,0.03881996854332667,0.043762219965125373,214919.9211951714
4789,0.04588019683938894,0.046649248548343604,0.04527909148776477,1264948.8880762986
4790,0.03194661979632853,0.017123332490352857,0.046278383871944107,41816.02681536189
4791,0.006124826400019301,0.008439990752540876,0.021691377024784693,-947698.1253250239
4792,0.014183247110659082,0.03078664071119357,0.04526509614823116,248407.10294200428
4793,0.024551566318622382,0.027693529670926614,0.021156686449054624,-43715.50161873042
4794,0.03537845799879693,0.0050344389923106915,0.0024294942963280775,-641902.5446380337
4795,0.03206692372165814,0.026743927257707596,0.020367901450968885,148023.0753721469
4796,0.0166996320939586,0.002590372202156277,0.034027808120699894,-418619.1662739365
4797,0.021073376791035867,0.022263401975980836,0.04467224257059459,275251.60644401965
4798,0.03687739412617394,0.010972157434664577,0.03285832482608913,-196333.3399378829
4799,0.006612765925182885,0.009703193392607157,0.03570746203662173,-937405.2065109333
4800,0.006294520912494878,0.014009697568548897,0.04490301339917697,-742229.0788723078
4801,0.03691577391407729,0.046472975882050994,0.04409166709806017,823978.3677190009
4802,0.015628971098765626,0.03161887172405183,0.018934783906088666,-271769.4851846428
4803,0.034855216581305484,0.01742285108254565,6.58685940029602e-05,-585808.2320462095
4804,0.004696910758589273,0.0385506163111387,0.004200262238613051,-1195534.548610695
4805,0.029971134162012122,0.04288892561795962,0.037055061842105635,877699.4814228957
4806,0.020671939740977037,0.01043021076465765,0.046126874387091385,-290321.7445309513
4807,0.028319984089252993,0.020271002963352793,0.047102884951163916,252996.79750306628
4808,0.010750887193595543,0.022114093622681075,0.005432285458175318,-828581.211686649
4809,0.00624401304497691,0.019929812799841757,0.03498301779925496,-1028229.2456252
4810,0.01694469720770917,0.03447989863015011,0.04025952346261963,358388.59600535297
4811,0.04387889573266682,0.0022359752026868463,0.03868658274865458,-563406.9428882902
4812,0.0073571061112009065,0.03491311466496671,0.018583123280000086,-926503.4000789477
4813,0.03538966488474309,0.010691212225399843,0.03224953594504976,-308013.1955885739
4814,0.006275704353097028,0.008487277382840348,0.030723096258227986,-955260.4752530522
4815,0.016838574582518036,0.035188903655690426,0.03425797177013437,-111660.3908873832
4816,0.03108169951275392,0.03652702706171589,0.039696762033183196,748320.8212964943
4817,0.045571164123591204,0.004025791474088008,0.02857745073892249,-627832.1446144957
4818,0.037438841681020046,0.010847072833493865,0.013181057148847299,-399149.2504030064
4819,0.013348217216771041,0.028616648573725912,0.01830852842328299,-380067.2967321979
4820,0.03330473700607996,0.030511984098396817,0.03285559165515243,383227.9810025689
4821,0.01261588084046132,0.038368568791149846,0.033201777538434694,-160241.14668853482
4822,0.006532480631572546,0.010008642620453319,0.015048257315323256,-1250272.6464182392
4823,0.046802075391936565,0.016317493180211667,0.0009939541332659619,-599623.4997289199
4824,0.007081286882942495,0.0016085911825406418,0.02014196220716083,-1247491.8204842268
4825,0.0398576700484852,0.02252178902945017,0.04194970673965734,344959.80224293575
4826,0.0023764660680368702,0.0234861432072382,0.03935376860647105,-1096933.0498604465
4827,0.03373611088269753,0.04264127685702335,0.013691736195478754,-106280.20164061365
4828,0.025042539814402433,0.0338439289171114,0.00842449780793938,-387352.64108349
4829,0.04079033573385185,0.01557350253954864,0.004665365195784738,-738780.7654339824
4830,0.03828506453409803,0.035250898986599014,0.04418398766422196,894524.4358680489
4831,0.04460373727185621,0.013926289229078875,0.032068138760891,-192700.85454042288
4832,0.0499561498085996,0.012190327423053605,0.023643833427930906,-455530.6641504933
4833,0.045508318232025426,0.005153982076329816,0.04641249487780975,-428236.41371699545
4834,0.024407779728088816,0.044652039428600084,0.031068570541344005,652300.9745357791
4835,0.033571777351153916,0.03864928757139966,0.0033568045992084018,-570729.8393437593
4836,0.031388416951981975,0.04619686223859294,0.04780618619799785,1222441.8720169542
4837,0.04841607220016764,0.03229164396339685,0.03166434240624325,675509.4917487764
4838,0.027623253338864687,0.030377667957584467,0.030605896519158033,244955.881867973
4839,0.002120413426084433,0.004443564296671043,0.03097082858821247,-1333689.4721886425
4840,0.015710821501924266,0.015071274250495037,0.009672031965748491,-645935.9523960667
4841,0.04005349847170444,0.048216425186031496,0.03138790015983179,854220.2079921053
4842,0.0472709947803211,0.04419420782551938,0.01089634892165156,-363996.14510278153
4843,0.0076762950588435686,0.010579339276430667,0.004810469193278744,-1030376.696783572
4844,0.029143958349347934,0.014132502141878146,0.04564583473757149,99644.92361506428
4845,0.030670388661361788,0.01798052778843657,0.04923203159821908,177510.6696049815
4846,0.047659724794593517,0.038930761765460016,0.039584183771981744,910667.8621840087
4847,0.04886350657622449,0.03002281113199802,0.044000992466592725,521059.24147146405
4848,0.003241386114999534,0.027703125972716115,0.025125816973416232,-1273961.8784444574
4849,0.0018861931110424502,0.004347599266206654,0.0010919462008436576,-1625639.900675297
4850,0.014700750224322318,0.0026755614758138205,0.02115798423804008,-731472.3298068116
4851,0.04063732056864588,0.030691490421824136,0.033689495614831734,551095.6709457135
4852,0.0015753343554817945,0.04197631801279336,0.007309518969149537,-1433452.541547899
4853,0.015132543801624349,0.025839694746669323,0.04649967155065793,-23251.595489073203
4854,0.04990745841867314,0.039133034181070496,0.03646571118637346,858122.7364324756
4855,0.02638411653560159,0.0332813668999581,0.0072212087714176865,-369497.18994111015
4856,0.013459806028742466,0.04923214317485423,0.048980751157276924,590125.7444970628
4857,0.016148619733140652,0.012052428628577966,0.011475903740870924,-636214.4553632678
4858,0.024243219175209982,0.01118832898955528,0.03242483162753472,-4094.1098203541515
4859,0.0037409905676967616,0.005183861120961336,0.01384671374679003,-1311072.56014155
4860,0.038872161668921414,0.0161644769521006,0.02354083911419258,-231385.91239586694
4861,0.032831102300459075,0.03942699609864869,0.015355451061232634,194341.44531574962
4862,0.03654847055821111,0.01430337021756663,0.032223310418330285,-173769.39812478278
4863,0.022544007039734578,0.046331390967530126,0.049104669311056365,1332883.1975924054
4864,0.03870615538451461,0.04577321678217159,0.006825212101209555,-466725.0626083781
4865,0.03272319787739573,0.009918397078620411,0.013848425248622415,-574738.5613053035
4866,0.02614116206078141,0.037099363452199954,0.03607470370977389,608014.8434781432
4867,0.043472967097852165,0.027963742606329358,0.046317132669478706,681271.8616587478
4868,0.04439442978434966,0.04245287447402452,0.011476005390217465,-280071.8624408427
4869,0.02657239965935983,0.03681182985217885,0.0488051253922295,844844.1740895717
4870,0.0005823636868555138,0.016355726697254935,0.017117512629292425,-1360006.8752484568
4871,0.014426728489092839,0.04087121498814726,0.0022535718321702036,-736913.8879850853
4872,0.01797173750042317,0.03558423041380176,0.020336985955349177,-97202.48205472992
4873,0.007203179184612468,0.030542623637954375,0.026130511819680943,-893598.7830060262
4874,0.04909194180579344,0.037426310956060464,0.049308799392284205,967539.7731705607
4875,0.009317632055800084,0.03807975046389512,0.027581910984995836,-478743.747489809
4876,0.035625474960060875,0.02337757312539447,0.010619540985645848,-582451.8054163174
4877,0.002286833173256225,0.04191441286633475,0.040740417429332966,-1116900.4456736047
4878,0.008126986689316818,0.03225904497719203,0.03688668502660807,-380497.2287832595
4879,0.02788124976905953,0.015861445154805264,0.0440472951092897,330420.91388943326
4880,0.032122031877071536,0.03601087560069252,0.0326057264751166,501585.77565172204
4881,0.036064433579254394,0.007253357246722204,0.04612971991556567,-415940.82207894773
4882,0.014290539897925081,0.0418275611514979,0.04466921020484571,308749.78138806793
4883,0.03256118033300206,0.02991503810443726,0.005452410558579052,-644363.7336461974
4884,0.021811061303981416,0.030582219232407087,0.004093463624138638,-522147.9765737683
4885,0.005573100573877199,0.049674062755360446,0.01661170754812973,-826275.5219664628
4886,0.017486624364558195,0.012576457529994601,0.03230098847471385,-520648.60715253855
4887,0.023653794340339842,0.03952154786867521,0.02562474159278934,187167.11045983632
4888,0.0007707990141857858,0.024134369516339783,0.0027593645297387284,-1497487.1610809525
4889,0.04133931902407137,0.005682904249235033,0.01084770074829079,-747154.1512779142
4890,0.022998262139741446,0.009759202770020726,0.026960998009851578,-491336.68888173415
4891,0.023034921222335265,0.04762613054586445,0.004418678166230683,-376933.4813364126
4892,0.02883660241342752,0.03601998048219919,0.006381350452792817,-623519.0640817507
4893,0.03182310638787008,0.04321195270849131,0.039377782171407805,821265.538490865
4894,0.0467585345214529,0.036029284837047246,0.019699341483615875,-256404.1122804974
4895,0.046022569229540546,0.011267838380740037,0.029185113926250714,-267228.9555322929
4896,0.03828289725473347,0.04361405834977396,0.04582710655469551,1185560.9770846346
4897,0.004248782474118157,0.036302958472709757,0.010205214672050773,-1279995.6878805445
4898,0.03895597207434252,0.035034486596680445,0.009067617930015514,-282700.4177675564
4899,0.041641508620976424,0.023089440200928082,0.027192807595052184,52434.3720694569
4900,0.04857018767717334,0.032831279375964945,0.02942815725123887,438451.62109337247
4901,0.0008381386181883833,0.009960741754696979,0.0013282710524968877,-1586637.8356494647
4902,0.016665621285807477,0.017225417651366193,0.0265165035195922,-631983.2902444917
4903,0.03448842234962587,0.008967258594815659,0.03008272104048712,-362751.0481774478
4904,0.04584881372644535,0.009250392807960394,0.03295440151326819,-310094.9745978763
4905,0.0022794570625953694,0.02655738171455621,0.037076962855288984,-1134488.4157426036
4906,0.0017020890595071505,0.016683269557126717,0.04389784926959947,-1222791.2812149443
4907,0.011273989790001932,0.03614372771978482,0.03061191369637474,-401098.3600052514
4908,0.008184383297974746,0.037085375699091566,0.026604049651609885,-492020.3485105363
4909,0.005601290036314161,0.0474685701632635,0.02459810145717671,-949248.8130524674
4910,0.03725404174015016,0.010885013276286777,0.0068591604702176075,-592903.4760640474
4911,0.037065338806495936,0.0336912089279191,0.013705384385194625,-445226.25543006166
4912,0.037314171775785776,0.02524961305092513,0.017429862832370312,-197754.7190725532
4913,0.039344590873983024,0.0308391373771104,0.025363418298599828,102597.2074775001
4914,0.03865535483754816,0.027241417990300467,0.04692672164667944,777967.0540478041
4915,0.04090278463937387,0.017909378637009848,0.023245962527312924,-252076.94949995563
4916,0.047866653434769424,0.044760219739695836,0.009559276881715574,-437675.73922679335
4917,0.01371519164116744,0.018221025968098603,0.043992451807195194,-251842.27075622068
4918,0.046370865594763215,0.04011701204012996,0.013785422303013106,-388913.9867833906
4919,0.04435324033176158,0.0016440562970349239,0.02114017404452591,-522885.9940277442
4920,0.018881431616586883,0.02676198029522869,0.028032027861741443,-240652.81738372412
4921,0.011270224342172947,0.01022778513928781,0.040178329589607764,-710919.0036032005
4922,0.0038098398919921787,0.024664302193102273,0.009582320329883948,-1135256.41657985
4923,0.015978361256048883,0.013864720958600408,0.035426111297360195,-378744.208739658
4924,0.02280103016472747,0.014972091722305188,0.04156759989901026,-174298.07952648116
4925,0.004289757064540101,0.038318032273682016,0.012415637895014892,-1080458.7679161148
4926,0.04590096113133913,0.00027795426847744277,0.02783316686796697,-418026.77911367075
4927,0.03111324920137969,0.02886501663234502,0.04075076460995063,303106.60713102896
4928,0.005608200404190561,0.020777800214629213,0.043186838650998684,-978241.6369313931
4929,0.04443676442644955,0.024917220161938276,0.027898344693503992,92155.8018679631
4930,0.03819542202449503,0.03898051971493208,0.04440406497529305,795378.8835568097
4931,0.042192869959152154,0.020721165643214717,0.03248766632358283,37235.924357631025
4932,0.024161762893086705,0.005898073321006586,0.04108404600025314,-156497.10603345986
4933,0.030088176485025337,0.002900260190295628,0.033843413950448625,-561123.5423075166
4934,0.01415505179485509,0.003463260435834037,0.030329445734182232,-630447.6869395546
4935,0.03661043270646218,0.025864214716074602,0.00028241367850462273,-412238.1762270361
4936,0.02884413684713017,0.00033045376589799783,0.0463204150648559,-532459.4812656203
4937,0.013365257886252603,0.043550330174851215,0.0006054644308435275,-677535.1835391532
4938,0.004860825524608515,0.022570415230132854,0.03793036895263346,-954720.5854041909
4939,0.04712808502503184,0.026054740758421492,0.01777303568332981,-443489.08256829146
4940,0.002227726995859053,0.029185473586935587,0.019002188224926688,-1315530.7715396504
4941,0.04545667423375205,0.024002961142000036,0.0382723491564888,145280.5535842657
4942,0.04241052641074479,0.004913880583887715,0.02204231538781224,-459937.98738666036
4943,0.044685871550615604,0.021222764915984578,0.02825771384836927,-165334.79238222586
4944,0.04365519736494239,0.011629679334489634,0.04472908314117317,-266266.0094524447
4945,0.01985142105948077,0.029651666432953257,0.016401974103292662,-289290.9456694761
4946,0.0263559526879795,0.002464290151125126,0.0032629987619381684,-793894.7977641084
4947,0.020736138096879277,0.016747596171678925,0.030789590513755412,-267918.81494845997
4948,0.0018955083521903116,0.008383433486844566,0.010479594706289608,-1369064.720586335
4949,0.02202458842649002,0.012341738118947638,0.006883134290386533,-351760.4778466478
4950,0.029878683689121895,0.0371935988901611,0.03426340333986109,342985.81740077387
4951,0.01380900476137606,0.0427222418183482,0.030591108971370115,-122088.44813277053
4952,0.030733335050371194,0.010642422585822865,0.012110644366807678,-410920.1792748713
4953,0.02373751087190524,0.011891051552029226,0.03440388682426883,-68481.31662330986
4954,0.015427725612787914,0.007595807698067458,0.007580692688673624,-694085.4855669705
4955,0.006361388935558033,0.02198750394831872,0.0001520018173811255,-1268444.2480533223
4956,0.027118614415126543,0.01491514614597752,0.027623941548010733,118439.0540457505
4957,0.04677127067207917,0.04345238050917419,0.028821491996922778,306018.0815593472
4958,0.020903515631936254,0.034918133554125326,0.046156966631226065,400040.7022310355
4959,0.024477353396977486,0.004965386204265932,0.038304410021199504,-349296.55923166627
4960,0.0005239576947192071,0.038231923982033685,0.0042458301943284985,-1365911.2309464242
4961,0.005330828718314346,0.039085343500576304,0.03447608524477027,-727572.7854658851
4962,0.028095156466831896,0.041029259635509685,0.04256842553718817,547872.8244811309
4963,0.022875612782814338,0.049814934352726874,0.017878996981955365,-22405.489521278625
4964,0.008575388331039912,0.042298822155994585,0.020778513977966512,-692509.5972523915
4965,0.04372498256143072,0.003058317224520202,0.005552605575332082,-697735.3002599258
4966,0.0020136330611981224,0.030100548015120507,0.04159320905582498,-1048328.4240329615
4967,0.02013303918043359,0.004534772483551186,0.018673441371547674,-720290.8489217766
4968,0.017402306616986496,0.03217359623820574,0.032607581439816694,-44865.96923700738
4969,0.0051511858625676536,0.021008838876276373,0.03212572634093827,-1144345.5645731508
4970,0.012943060459501738,0.02035401432642388,0.030684746582250944,-708765.0206879707
4971,0.020143535062245095,0.0015430485782783943,0.011130799771475292,-771073.7949142909
4972,0.03880404572327619,0.012425203937501534,0.040885572303230706,-143458.96907596436
4973,0.023345391285091194,0.0236460568598639,0.03852581076656889,54800.913275144514
4974,0.019164675650794757,0.011924029607618548,0.005251618835871658,-660317.0215603976
4975,0.033595493808438404,0.02349712698964417,0.04047034403500634,257059.3571345247
4976,0.02288373542871532,0.020740533755742044,0.014942604203736866,-511215.3038487883
4977,0.009971393647017891,0.041521847232423234,0.004760568547338318,-757326.7414497549
4978,0.045106386167582294,0.0013454575618675247,0.026112616761610426,-472390.6459722055
4979,0.0029164281075542142,0.03898035606548165,0.010574826202955669,-1229115.9948604538
4980,0.028296128811826776,0.04582230512954722,0.03246294678062131,644485.3392854265
4981,0.008915998248695772,0.03983388843774504,0.022073980340417465,-698645.6402936423
4982,0.0006588369171378339,0.024338248505391753,0.04062423386316702,-1386311.3553108873
4983,0.021497881541680655,0.03792140252399962,0.03527629422672026,248930.40169302875
4984,0.022845615866914238,0.01616412925127237,0.03632700007810782,-147311.77441454714
4985,0.018445920886918273,0.008504355336432585,0.01604315307639897,-624412.0391913223
4986,0.04384195964640242,0.014169455606869281,0.011748026742236807,-535747.2197957044
4987,0.006671003536528108,0.0027588922283862008,0.04883461770998158,-893924.4832925487
4988,0.026838841363030524,0.03648222303103488,0.03864867234343526,387782.15766253934
4989,0.017615849736023627,0.03994529550806106,0.048074212221002444,624246.3138911104
4990,0.03708809251202671,0.03558665633313895,0.021611689329101003,90410.33304117688
4991,0.042066006290439745,0.0044418687561674835,0.037484185612097425,-343235.2756422085
4992,0.01809967710714286,0.02829869578988957,0.04464818849485136,397779.8707684126
4993,0.030250977997723763,0.0012790765181233067,0.036130242276154814,-502863.3745396149
4994,0.04645122531018197,0.03210059726552796,0.043071003872978686,734835.158157363
4995,0.04126478776709672,0.04306461414919813,0.01720502013461374,-253561.5853165168
4996,0.023708176355434058,0.04240167525148658,0.04551992874657276,996594.45184803
4997,0.007342074962987322,0.009076618979574198,0.01734148000274672,-1036204.7769226894
4998,0.038514891408967904,0.04374905786289474,0.029012007070167267,737259.8719864885
4999,0.005663408769661549,0.0151874114983583,0.042851150323881586,-923170.6455660211
5000,0.017377748913500746,0.005140362154469786,0.015103423305653913,-457870.96119151
5001,0.04033531761499042,0.024673976650957115,0.008578638777497066,-647562.9588290092
5002,0.015631618628996903,0.04767906398368032,0.021597874404931324,-86868.03623682098
5003,0.022079962740304656,0.007653480102210664,0.01522771523071424,-369103.924970838
5004,0.040734306647002325,0.03930994872016316,0.021774939947152412,220837.9553872347
5005,0.04468261310785623,0.019012945853141117,0.04321647899109671,69223.80390887604
5006,0.0015782775292351337,0.01736151451148554,0.042753423900991766,-1161875.774157525
5007,0.045065478073716414,0.037821202061019125,0.033493290844785036,767378.7614043212
5008,0.040775245473114965,0.03537790941110647,0.012711047723258918,-328057.07870153844
5009,0.023311845034743203,0.03303524989430798,0.029390137855915217,204147.41975844948
5010,0.04425488035615302,0.02369223201939142,0.008899368901160316,-524081.0379731054
5011,0.010729101870644082,0.04230282794296454,0.0004360477111556016,-1010150.3609034885
5012,0.04345651809984169,0.002779404280199238,0.019582923404470272,-568077.6485044324
5013,0.040008811372281454,0.020380768841119952,0.04111740935270263,-81090.54723977443
5014,0.0050149417262891575,0.025577111321759324,0.029123700899950464,-874086.5176569165
5015,0.044543429861862056,0.004681070316959668,0.01693003426414988,-446906.3879389897
5016,0.03296740474484193,0.04899650409300389,0.042413716197892845,1204181.869647752
5017,0.04232475308479448,0.025859126471239408,0.028214956104324913,283800.5019333112
5018,0.0429290047040326,0.04348127931283798,0.04011372827360559,927660.1551529659
5019,0.040928563759228785,0.04398149295004411,0.0056890965545964905,-412365.94801279006
5020,0.014631968845248545,0.04880567669768038,0.027238807998199763,-62595.400104872686
5021,0.008823193002084602,0.02515278165997636,0.032289208765179565,-579354.9497460208
5022,0.04141109919688287,0.0406088363011734,0.002462074666620834,-565423.986342474
5023,0.022676249348620416,0.0010284528093504053,0.04440780618331254,-638012.6132997466
5024,0.008695303775931246,0.031243734758381925,0.028530918564020014,-461788.5809293383
5025,0.031276471732143284,0.0281708311415704,0.03577943386833038,435076.3345902939
5026,0.03130549830115833,0.004515012338540714,0.01833839755037201,-499753.37429742824
5027,0.027329671796732593,0.016259871294908856,0.0380165442403442,81241.85561391202
5028,0.015894885752749593,0.04143420871515198,0.007336686049074188,-458206.0540972985
5029,0.038469628249293744,0.009173272039259444,0.02640076402060812,-449200.55095491133
5030,0.016026218648196134,0.03186672179885198,0.010637020492079869,-692112.4250290744
5031,0.03977048666759463,0.028679193318322013,0.047863657704633716,747709.6771239201
5032,0.035588516445789746,0.03036977697516255,0.041457934522317066,342856.2930278735
5033,0.010984128388088833,0.031637123043222866,0.019520192479742585,-452004.5398340975
5034,0.03718954895732192,0.0012234704745632931,0.021385604826345706,-422848.7983705124
5035,0.03258509509164596,0.023031966822108015,0.011898579785687547,-467839.5839018694
5036,0.023217462583971796,0.04248722627447631,0.010341950864906607,-422359.60005903116
5037,0.01835860818148216,0.04951677607500638,0.04564085844452247,1087051.7406553489
5038,0.0016984171063327835,0.02651659838010072,0.0032706513423941767,-1353052.3381467008
5039,0.04619524618288554,0.022077245634251542,0.020921850196400082,-325716.3865349076
5040,0.013647301591965533,0.028440949019607694,0.00724993614966964,-700264.1689122521
5041,0.03994775002677736,0.024560517242329185,0.028323144565708027,81567.66696859707
5042,0.042040237382726026,0.00925743869424745,0.008759153667105784,-501957.8026456162
5043,0.02104008364349231,0.03930641205973003,0.0029272776760073064,-425178.7231776475
5044,0.039758510194937285,0.025037829679590493,0.028088172497411232,257713.28347438952
5045,0.02821929691395866,0.002808369447886011,0.012488539885907242,-694337.924370959
5046,0.03776487257573489,0.020613405974464184,0.02802584911259271,232427.06496483504
5047,0.04724343110132736,0.002313588415868062,0.02248401828369099,-390115.91536492476
5048,0.018063706642394907,0.005322471309737059,0.0475397174379899,-278108.7843576486
5049,0.04807297948742717,0.015574407709470346,0.04733583053445394,-193876.37920256366
5050,0.00175868033621428,0.0490447995168101,0.041796600820433225,-1069895.2926027451
5051,0.010716511040560695,0.029977357696729424,0.03991496811846515,-17309.493617863154
5052,0.01596494820038895,0.01768758960464148,0.031448638779646335,-303427.3664915996
5053,0.007354702546671893,0.00591053048612043,0.012490263905971216,-1265394.314528599
5054,0.03706298726735157,0.01832996132057783,0.02536791108258972,-129825.54817362277
5055,0.009772527840376632,0.009705283367478596,0.0325225629617405,-793861.298907243
5056,0.005418762593422688,0.03339203636082031,0.02003509261744531,-763641.4483511116
5057,0.03356354568088128,0.019086473850774433,0.042302609182474915,-35066.475922513426
5058,0.0027778084607827103,0.044664865590608845,0.013433058861904762,-1057770.8916301967
5059,0.002127110498274082,0.028120221094109128,0.011217711519054818,-1300364.4789760604
5060,0.022960156159205988,0.04011571030310518,0.039577338037407594,699215.3448211884
5061,0.030019280814170737,0.04889359543288237,0.02318755476229984,495687.71395799314
5062,0.001969419517740667,0.04097125749052369,0.011064693502843038,-1201693.2516850717
5063,0.008811940449851225,0.0035004960983245795,0.016394997181931943,-1046984.4554283957
5064,0.016307948352709396,0.015138576598322618,0.029659646988433874,-235441.76697199506
5065,0.037577108466405294,0.046888335932366965,0.0047025039340073795,-534786.2900619879
5066,0.007519091624407348,0.029492125526228364,0.004906779693863017,-850444.0013432897
5067,0.018538214230963145,0.031227611527301847,0.039027251601943085,-77771.10217717147
5068,0.01087996437290158,0.03339927820485059,0.03229348329236067,-254667.4122142947
5069,0.042980806312915724,0.01568737478819952,0.03750459324440883,-277281.97936074855
5070,0.03759999322207473,0.011959727099562873,0.03105789188792138,-390173.96776617115
5071,0.033758104383423214,0.01372142063111369,0.022589999768231964,-219543.28622338094
5072,0.021788886362824653,0.03867547841855181,3.4562795687181906e-05,-732378.861160753
5073,0.025051330572834665,0.009217040678190574,0.0323420984027717,-267346.1169802645
5074,0.03401844314854748,0.02505632543467916,0.027101477089220512,273982.5380487278
5075,0.015752909452758434,0.01566613396501857,0.037255852992518025,-288182.14297430695
5076,0.006586568371315988,0.03857516573466466,0.03275065908009627,-634138.3600174575
5077,0.044223734232774904,0.013007234609989878,0.025308952590810202,-243980.5055722597
5078,0.0019494755764615957,0.045625328752739266,0.03376957303395792,-1024469.90067863
5079,0.031143762453572085,0.03663446004933016,0.014216442837968225,48354.1550706284
5080,0.030193013437611715,0.04004609552026226,0.004514722235203212,-602829.1143367945
5081,0.047940844464514965,0.0445943401250659,0.04815094169531071,1055831.61371298
5082,0.040417425451580224,0.014715554621966016,0.02907777338173272,-295035.67108968046
5083,0.006008121111919934,0.037708336583302804,0.007681983299640688,-1263287.58592883
5084,0.043341196746211605,0.012027847625640565,0.008020595364146376,-461510.52050514496
5085,0.0035452181845486265,0.03556825640254058,0.009310188845251166,-1229478.2782927589
5086,0.009883390603085997,0.008484830193138915,0.015289756123424715,-928576.3088027746
5087,0.04706057170641969,0.024331083896216105,0.013043896965288338,-466793.58651063096
5088,0.008519537985222942,0.0009450709852719009,0.018249632353417373,-972705.8256473843
5089,0.0055030737113041074,0.0013505997834581285,0.005148985296791648,-1279028.909339032
5090,0.015926075819620317,0.037543185071914426,0.0033493125584263153,-635886.8985018914
5091,0.03393369618782911,0.031027126440062322,0.044099510273339394,536380.0433647274
5092,0.009199350423602953,0.03971338528394871,0.043243260852403764,-210420.4617104193
5093,0.04882420658258685,0.040427467900957914,0.006188410040959181,-477977.4455074975
5094,0.04735645050817154,0.040749602640189196,0.010616259222733848,-532023.8415993006
5095,0.008259870027314759,0.04682070752001907,0.007784931305293924,-599906.2465993532
5096,0.03885516927045434,0.020262962713157914,0.03619026327463794,118957.77468016067
5097,0.004592569008332437,0.03625291438692346,0.025595568865954023,-1010341.4487928692
5098,0.04501891926694239,0.009419920862197824,0.005467803898750074,-690919.1087181843
5099,0.00981101492424329,0.003928768362468998,0.049007527043087196,-890009.0459159237
5100,0.006142831295563956,0.010042547279734693,0.04048428736381946,-850280.1325221343
5101,0.01233771978508933,0.011114667009526891,0.033615489020384214,-670300.2643950182
5102,0.01993826152199145,0.04177395769001562,0.03191346728312981,417604.58407204907
5103,0.014410735854223845,0.029896163780984822,0.04332308107739463,186563.60056742153
5104,0.018224148027623094,0.03682353607621167,0.02079164901885769,-79821.11001401463
5105,0.027153669888924988,0.03668500138991184,0.0030263685654921936,-600032.3103907424
5106,0.02274747611708456,0.004760675799630976,0.03625027722360466,-320242.89411839284
5107,0.03039031325925695,0.016346483019463922,0.0038140756696417757,-492718.83307785384
5108,0.04629012310149589,0.015750186027383102,0.013768838869837013,-444625.4064705069
5109,0.005050248545879182,0.02886766045482902,0.013282672769480676,-1094925.4225639254
5110,0.0421426541105889,0.03413833918134077,0.00019574529047033387,-491525.51624447043
5111,0.028283730583301428,0.011591733840986457,0.000768356001389997,-803131.4502924039
5112,0.030968358149372294,0.010245718010271338,0.04498179049766146,-155237.97780572626
5113,0.028669037047666837,0.010459255486001812,0.048956371984362076,170732.06247036936
5114,0.027322078330555777,0.00827360860631876,0.025862108508453704,-322846.8338133192
5115,0.047967452911154965,0.02121051154211094,0.0212672755947369,-556458.2397295866
5116,0.02305633611123993,0.014005177557724442,0.008089180652182577,-174509.67291937655
5117,0.02894638516842132,0.04471000983587758,0.03678648709507098,988168.0797061995
5118,0.004809370381877571,0.020042448802771402,0.0002647939952751033,-1360547.4896535275
5119,0.01539701929435382,0.03346882963070429,0.014511714174550511,-761363.3016319381
5120,0.04202791595475833,0.023869210677035582,0.033458408141997124,249167.5801836147
5121,0.044193261164074175,0.03414051543247114,0.04486631021427364,766697.5943560705
5122,0.0404032677962652,0.028353212269719527,0.01486165500087372,-307460.6901624553
5123,0.014907120232567806,0.0437665544929178,0.002694211486925091,-842175.2198738464
5124,0.0470718424048412,0.01635299000960888,0.03694355299067027,-93645.61933184478
5125,0.016501487631872414,0.047665069461658036,0.0018237015078362896,-601840.6141192351
5126,0.017665943832015824,0.04337305235136221,0.013702826956848685,-276983.61713731225
5127,0.013780973829663791,0.044937590803430814,0.04152911265862928,341665.20144626615
5128,0.005288559764819462,0.029008995493467332,0.011169759416996279,-874390.9589466443
5129,0.0107569135882429,0.030770199345178124,0.006193308208250631,-817505.2402743474
5130,0.0234889500501488,0.012791086713144002,0.04269612362886788,-47867.82184384641
5131,0.027724711618406603,0.01075544156308076,0.04632328263609027,74130.19120229602
5132,0.04114482652033759,0.013264611518295683,0.04805254539020559,-257769.25401977994
5133,0.013386945857102307,0.01463215610234882,0.01929816771523889,-631539.1554543816
5134,0.008240261022728373,0.0343508069356384,0.027866866291389687,-665299.0636833786
5135,0.04472312407759616,0.01204376128232666,0.00851154432995997,-507213.710318295
5136,0.017931169633976486,0.007305434175404435,0.04730755140833051,-262444.08494561416
5137,0.035872334843470424,0.03980958273245817,0.03740218116860441,722596.6896985931
5138,0.012140958738634345,0.0070328319010118275,0.021471679150472447,-795081.2720830446
5139,0.04145095608872407,0.016525766430038426,0.00047814711141571655,-665841.5507517369
5140,0.033003035106073525,0.010003153542658206,0.027141758119582,-83266.96569465427
5141,0.0007440025012809437,0.025442492781078865,0.019680424288360483,-1432497.2821904495
5142,0.04402059934913502,0.0360906899722015,0.0018014077451447787,-514578.1084788771
5143,0.039476119831941346,0.03956137271878304,0.03317047741665574,780246.8517766006
5144,0.046464836795183095,0.04016267638330681,0.010944933230097716,-489821.80395663716
5145,0.019077294251216126,0.01749616112181866,0.025245390821970182,-265702.4786136896
5146,0.04768568100988177,0.03077991842239059,0.01564695297100644,-230048.2436866855
5147,0.047075886919271934,0.03501357364148486,0.01330402617410017,-282875.26325854304
5148,0.045325638440111476,0.017210644890138283,0.02581056377922421,-195370.74422369592
5149,0.023961142284487525,0.04618154366495936,0.01328316797004922,-184037.02563871266
5150,0.016665337343315635,0.0330080091668655,0.044330785145684365,374122.18649351865
5151,0.0057442045334426765,0.010494175945272728,0.04740172412421148,-988239.7791924686
5152,0.03886485522022153,0.01730348837439415,0.01788174040398141,-396547.2009625896
5153,0.023476693533316773,0.0336899749876347,0.028052055232568304,211680.33554171343
5154,0.038805997624922726,0.002708339589007075,0.04095203712575849,-513511.96842985565
5155,0.002902567587623284,0.04404869625108848,0.002162721767374942,-1163802.5892469054
5156,0.006391621568940131,0.009009218590852398,0.01115253910698244,-1002512.6253063851
5157,0.020088103629512678,0.03277410034386391,0.0446301690953889,461978.86679911934
5158,0.026225140506823758,0.02662448704236041,0.01596525489748421,-201613.47637837942
5159,0.04003402121529245,0.005524311405909871,0.015055159032909354,-582663.7302198815
5160,0.004849070686957158,0.010709040941310694,0.029329895577789197,-996654.3821301548
5161,0.006298019399045613,0.005030889763176083,0.041295540571979844,-1081415.4183446304
5162,0.005914956404706868,0.03040266749560766,0.01760055914470851,-673922.6195379057
5163,0.044818356088812315,0.03537750184041093,0.0029715115756530188,-376178.43936429993
5164,0.04477340552546573,0.020694944726801792,0.014911372449204919,-299888.17562812695
5165,0.03363910107814329,0.035898696061636405,0.015162538843543034,-185581.25116374114
5166,0.017582827299852274,0.007816525475334525,0.029672178240458716,-519616.1433757553
5167,0.04784545266658109,0.02083122311716967,0.049810309079721726,44820.82180560954
5168,0.008820730224791962,0.03980497295208924,0.04640541268071284,-188729.3689500441
5169,0.03440271763316254,0.005466314465543288,0.01632706769192276,-592493.2424570167
5170,0.0042832906588645804,0.030087406045790036,0.04990744045794657,-707405.5146075598
5171,0.018737730661762955,0.008147252126313065,0.013432009733351258,-703163.26498705
5172,0.028540098460509446,0.02844808934171348,0.011491041646815303,-235953.9318496792
5173,0.03753523702689125,0.004400614574668021,0.031152014138201112,-551674.3630289034
5174,0.021284947447519093,0.006358750992162338,0.03171923760478271,-369411.6147847695
5175,0.03365247090974648,0.02200101478155957,0.03989964097327075,454012.61516639224
5176,0.025465829220524278,0.014287722604927118,0.047680063896907855,160195.8132372098
5177,0.04720220188749354,0.004781069735917249,0.04730406412741917,-370245.7517173664
5178,0.03877411903691583,0.005332208127861732,0.025966263592610728,-473903.5743208726
5179,0.0017475655038799499,0.02944285352804384,0.04665938209340935,-1068825.1555441862
5180,0.018410486874272904,0.025431258702557902,0.011378016295133804,-688698.4236489508
5181,0.02704731199644463,0.040128733437168204,0.010762913696861493,-130061.30853174462
5182,0.02767433809822586,0.017732163855895718,0.03739360390368789,84312.2253124043
5183,0.03510193309786015,0.034939482805704254,0.018890156686219746,202609.32340645487
5184,0.029963965148523904,0.03255425918432362,0.03404069861848646,543583.0601623217
5185,0.02876281770187862,0.04334023734116125,0.01243992896350013,41438.70955985907
5186,0.0027903394680688256,0.048125172693689995,0.003036686331193428,-1109820.619184825
5187,0.04514778278959774,0.030614246847711177,0.045937019265729975,529275.8981678629
5188,0.02824769652813195,0.04105043627464036,0.03606451316172668,673913.9790918091
5189,0.026255606683033533,0.018166179497680963,0.00014295103441711588,-649668.1459942302
5190,0.012545263728468849,0.04758834042369717,0.013773092393249566,-582358.8152451243
5191,0.037592622133110015,0.025424880726566797,0.015425719232739965,-107039.19630151823
5192,0.04955467244811903,0.0023487188762397085,0.02910385532370119,-441732.0422530012
5193,0.02307591080048557,0.00382632048510308,0.010704810290767752,-841845.8795256814
5194,0.03471209868389457,0.005416431489671675,0.04005125552748562,-379908.54372805165
5195,0.03125304969760567,0.005042879744180346,0.01434073143816237,-562028.5789761485
5196,0.006858893117343223,0.03988006477788836,0.02664798125628335,-813293.8412717427
5197,0.0001414968358293245,0.02714518236140763,0.024140184213247554,-1559200.4527596703
5198,0.032153820149625256,0.0017422027743498048,0.0017712895966523646,-807071.4401302628
5199,0.017468405254767838,0.03442690480807436,0.03332790462943479,204014.49537009205
5200,0.013913178960512735,0.010803377228144796,0.03415627986905314,-679739.1701178426
5201,0.0013556368066901304,0.027839166584722738,0.021204932102206354,-1213211.6581034344
5202,0.011954340896760507,0.026014904466623242,0.010858382831140151,-709007.6972314818
5203,0.028216080277462113,0.007448691811317171,0.020284645604567816,-382958.0624434135
5204,0.025521316765240266,0.0015850514021913732,0.030535862023480714,-676010.8610342819
5205,0.03751576467487517,0.04780367814055197,0.010156317623220485,-388571.817959762
5206,0.010434768362478936,0.015241541211441868,0.044538201872845275,-464372.4200325114
5207,0.020342858184643615,0.015089690653797744,0.0370590390939688,-74671.25513566102
5208,0.0018995088788821225,0.02744072556541532,0.022509499553813036,-1410809.0103503517
5209,0.031242910537132792,0.036554983674520626,0.01624941927726357,194791.95971509788
5210,0.03182085930116212,0.026216435148049735,0.006698390519513831,-512200.24684794346
5211,0.04408631040048303,0.03772950839154276,0.04608270671145144,1134061.3213489035
5212,0.036020229573199974,0.01224032802355382,0.02152631125679947,-319342.28159185447
5213,0.01934342127224345,0.0017910966316078082,0.020527407648944337,-662395.3839296025
5214,0.017278472699889153,0.00019618931004399266,0.042356162954564604,-662666.2456636705
5215,0.00719372125039266,0.025047608369263202,0.03923389115670226,-636964.1732096449
5216,0.030224068454990455,0.008467561269132546,0.03091055628325558,-247092.04731067328
5217,0.03787984472243681,0.042738225807208985,0.01593268798687656,-213301.5768890067
5218,0.0016960700268009667,0.030397410322145352,0.011288425507195332,-1278755.7317810191
5219,0.039044753697229574,0.03399408546830622,0.03865934273379639,661805.1818557415
5220,0.04837656001607008,0.029227369757427065,0.045215677520505496,570571.4236405839
5221,0.03209466912370222,0.009087217309934203,0.039965408975447946,-416343.91336332896
5222,0.03468493121068576,0.0488969888837458,0.012171599447037202,-265737.2183546868
5223,0.016656275814196625,0.0410745513301186,0.0031444799016790204,-677568.4393038875
5224,0.03165998823074704,0.026773802636643758,0.008441093613377844,-394825.42523908714
5225,0.008256085463012158,0.040509881062698976,0.0007722577718837387,-1264079.7850334886
5226,0.0373420720154971,0.036633361350224346,0.032483998818432724,667827.7556143514
5227,0.020475883154063308,0.0014160341762103513,0.04008883341465086,-469601.1252818238
5228,0.006285360190322065,0.014039374207985284,0.04733914633956016,-900896.9704829977
5229,0.01509305132580856,0.012756957519746082,0.04866852776892022,-339619.02842052554
5230,0.004296610104783444,0.008034519395867374,0.02191587574408926,-1282323.962179625
5231,0.03938365639207754,0.04421794694716383,0.037781786134138295,894825.2805599048
5232,0.048808751580142695,0.0008423071303479302,0.03097532774957198,-544113.3630535193
5233,0.005817310094246692,0.04551813703024351,0.04676536036796962,-383444.47932661895
5234,0.015151410885189882,0.04138542675914992,0.03151377876936491,169103.6613068195
5235,0.005024439224252908,0.030138407966422212,0.04880285196788343,-545814.6002138453
5236,0.015404702450286157,5.7038807300119344e-05,0.04883958386015896,-718898.8055960117
5237,0.02069917087252516,0.021546638392169144,0.03563060585468693,-11337.206823957928
5238,0.030219269357221214,0.01509933061559945,0.004998893932798365,-758421.6448471944
5239,0.04136812599735979,0.02416885881732013,0.03362371468233606,194753.53667229178
5240,0.04302523500595728,0.0008861189642611179,0.04296926384713457,-380224.0000578241
5241,0.0375897629878384,0.0473410874993232,0.011679540263439188,-373093.6973315231
5242,0.016121116859895875,0.03307393713062598,0.046289649433061665,466695.8163426242
5243,0.04963346807246954,0.02083688252928405,0.026961483786037195,-190824.84800931322
5244,0.008527550380686578,0.034698768361929914,0.041868521144645725,-226531.42077870952
5245,0.039932465622221004,0.017292152237805166,0.04816320078569698,187747.28040234218
5246,0.006017329351901569,0.024698500754807992,0.027729856509655267,-1092743.3773306473
5247,0.02682569285268273,0.03789453898394721,0.030480361623862584,267105.1510208804
5248,0.0038564716647087327,0.008992582671837312,0.026611951032755182,-1368054.3630607184
5249,0.03472738005317094,0.02570872661052891,0.01777538917202324,-13775.824891488151
5250,0.0025567280872932255,0.039294044966755565,0.024859711994904433,-1105581.1628354043
5251,0.026939456527354633,0.02344790701339581,0.013267270787287334,-174891.38758892147
5252,0.013818673237202407,0.0031750393624995323,0.03537995081009664,-859364.9100592032
5253,0.013593643656676098,0.014928067408713885,0.04967500605014201,-288768.80693437887
5254,0.019290627791209942,0.025534860387700444,0.01932365503805908,-271773.9499583281
5255,0.014509555662218772,0.0002925369123382704,0.04274431738876275,-462046.85677047126
5256,0.023657683772003082,0.03599451518547085,0.047932834581478526,855059.3138778986
5257,0.000141566997686865,0.033751980342212856,0.005932035201696934,-1548327.4406391885
5258,0.022898252884126082,0.04233910404457245,0.003574792449223413,-518401.8928692289
5259,0.04948067424393172,0.029041791405918158,0.019749672945857763,-527440.3085966057
5260,0.0009755132667702171,0.029341153908069257,0.02474452320037527,-1340566.6292213036
5261,0.010765850108624443,0.024522376679375037,0.0006394632011493207,-830040.4399560555
5262,0.049973880701439696,0.016605722058281425,0.024011107403059492,-252099.52183250317
5263,0.03923890840252034,0.035638917179670875,0.04442795203510505,887012.3089789416
5264,0.04706628684332756,0.009458891548318322,0.01951999231128873,-512646.6803937473
5265,0.03434084959811957,0.0022512137715207325,0.035847245308964895,-462167.4477278431
5266,0.00024417200006238707,0.04570442381337669,0.035908472487080144,-1136417.356657949
5267,0.028274958623249136,0.02144504861506126,0.049401238427320575,384468.9855308198
5268,0.03682558666797361,0.040364647875694604,0.04126924951173988,856590.8903228719
5269,0.001093746664390083,0.0027342192531129906,0.009918249286005832,-1420412.3868633774
5270,0.03276087980435326,0.03119745980997069,0.016258177740178844,-14390.017354091224
5271,0.048649938158723,0.0046553321064062405,0.03883600613857882,-281525.75313065515
5272,0.024043855984262175,0.020941709998626407,0.0012782496597449234,-593516.8232730787
5273,0.036389982081011046,0.03857877553834872,0.01594787483943395,-169977.13599391977
5274,0.025848143529792283,0.03032210616174312,0.018382262143180995,-181757.53788820805
5275,0.030779100307968085,0.021706352970837384,0.04390349277477009,137390.60971749315
5276,0.03592566133453072,0.005524999157178407,0.039980159182937305,-358544.57398741075
5277,0.016875281569750444,0.04677842110160043,0.03016856398890267,388291.80192029674
5278,0.0013788980320398215,0.036718135255052985,0.006536718448552321,-1356451.306985914
5279,0.04386337414786393,0.047416515377870116,0.034762792651467096,847853.6731966973
5280,0.026643638835797196,0.030103150391649004,0.021442758559796618,29420.00202186975
5281,0.0041791391007295065,0.046442174941715826,0.016459326737722112,-1382742.0035021184
5282,0.01564238868502015,0.009566238791641181,0.04962041244172311,-367057.20812710153
5283,0.04712822186401458,0.017471618492687895,0.013000269047245466,-339587.9136002713
5284,0.04026847648411801,0.021130502509806977,0.04838940250440714,145765.04228984434
5285,0.045060836480466764,0.03797256711300963,0.004496214505718343,-350181.19948085124
5286,0.03510638682777502,0.04936271934304379,0.01866462664918834,42414.94670511729
5287,0.04407845015246571,0.020407091967309665,0.04856620003546909,82330.70298547587
5288,0.032679568579377836,0.004825024145689638,0.02395228693973116,-714573.9494106808
5289,0.0024864376698858883,0.019753786184305407,0.04576906070705406,-1136519.1611013277
5290,0.011610109724068125,0.047528388904086186,0.0049961522317570235,-929052.6038044636
5291,0.03324057735370857,0.04828427780752506,0.03270767868666254,706134.2703574339
5292,0.044950197687764155,0.04955152373228989,0.032092171802123204,736358.6286018888
5293,0.039113192364530355,0.001599259688986854,0.021365518925952204,-557851.4162766659
5294,0.014413267675245606,0.04120926669985783,0.03387890062906529,96488.31034053593
5295,0.030720711119009453,0.04657793439094588,0.004443390254072116,-585085.9642916603
5296,0.047692063610728634,0.005038235358461052,0.017350877344125878,-546095.7080343164
5297,0.03151368323985912,0.01707381019337381,0.03412681391471828,-1559.683699395132
5298,0.03877093095977832,0.04142529149706697,0.008967185045199994,-566432.3879688975
5299,0.009103834809442329,0.0026157013964454804,0.024542591945341315,-1162270.6217573618
5300,0.006876680942299202,0.015929849569355566,0.04202171596416486,-810050.7834008166
5301,0.04743294713588418,0.04110379736735058,3.241915812277618e-05,-539381.4214182743
5302,0.028401212066938603,0.008333006478346894,0.018787345560337888,-466807.94133854104
5303,0.02139594720725877,0.04714703789060189,0.03168693659453121,620106.0366719197
5304,0.013382752599008792,0.032139742031671976,0.047593273877696136,217454.22777674953
5305,0.002957956204604334,0.04079938339213121,0.010844877785706959,-1247944.113186184
5306,0.007655397603197851,0.04494334593367251,9.24728498948646e-05,-1129395.8804840613
5307,0.03705428701864462,0.004361420494469403,0.03089976475203082,-524849.0143575616
5308,0.031044845069528416,0.04313880247457308,0.041130324861477434,1036462.3398933118
5309,0.0342582171543019,0.019027379521046602,0.00832028735237851,-449830.3709425216
5310,0.031784146304964234,0.02484848993539563,0.0038971131140693727,-479038.52444040065
5311,0.04777809452344264,0.015720975995590615,0.00010703824961526554,-488173.4862136083
5312,0.045084515191872086,0.02885254399353332,0.03665303367751587,331169.52295187215
5313,0.007633312014769239,0.020230283701302094,0.032253061490687324,-738149.2454456757
5314,0.012548235408158848,0.03507494725920789,0.011680746133693787,-356250.62377059896
5315,0.010456391356993638,0.000581232513019142,0.014095337267665337,-930473.6498044238
5316,0.012336839601490918,0.038217827834017414,0.028485495308396037,-377078.011639977
5317,0.008891224186602825,0.02840637354744186,0.011272179528738546,-725997.7330595796
5318,0.021275114002709768,0.044410403085977324,0.03596281097582468,526789.8886905464
5319,0.03255500083506115,0.014074172466106944,0.006229083244828921,-636183.6875495478
5320,0.03764744921499672,0.028394519227389493,0.03113800849121186,486809.229038653
5321,0.04875566596895755,0.017416046008360227,0.04003737646020769,-123032.59744516727
5322,0.027947842043611493,0.011762997296347123,0.0026444165993295857,-762025.823056934
5323,0.030800544599448032,0.014880806818878668,0.03477391732404373,91691.81790594815
5324,0.0350363580869201,0.02277302339096638,0.026819855841979896,259528.89577674645
5325,0.031327342883395386,0.02343024719000373,0.043868530297453606,264073.51269475196
5326,0.003796728762488072,0.048990907971538274,0.0016725455704140635,-1379820.487807326
5327,0.01040481779481921,0.035415392732718036,0.004248012967080545,-784817.9785048658
5328,0.013108637657513706,0.007698833952443868,0.03617857819081064,-673582.8022799118
5329,0.02894666956550725,0.0032239305896031357,0.023006711770080353,-634549.6265502591
5330,0.010425146400802277,0.04838492989912009,0.0053958973654525955,-894382.5703360325
5331,0.02990275876820176,0.024092361792340908,0.028904224849919044,135669.2916312231
5332,0.047824642535307355,0.017064093890824306,0.037438318660553936,-180937.62021812814
5333,0.02237332385877568,0.03303808073627678,0.01828287731522888,-253870.6663314068
5334,0.011356110262615782,0.004180817968875872,0.005087562566043891,-761123.9633106008
5335,0.047971515938175835,0.03942283098373975,0.012247962498550364,-345666.8785503665
5336,0.026457361841873146,0.03571163621750336,0.017626895100124634,-50248.335368819215
5337,0.021999402907989227,0.03591909597863532,0.011372715737656686,-173249.7127896715
5338,0.0263172179233329,0.010504408584311615,0.00015388005077630052,-772507.0006119317
5339,0.0345131867782502,0.035363242981062123,0.049786134929846015,786582.4764295164
5340,0.009050772219739978,0.036979016253287,0.047398371218131896,-174518.35566531032
5341,0.03222901684055529,0.048157028023504266,0.04972204926388921,1517591.7698892844
5342,0.04008122008857696,0.04996429543529383,0.031291222965388076,711699.3082862255
5343,0.02485278463068387,0.04588181271851095,0.04154779207169926,807436.8338815834
5344,0.005505603667186782,0.015136132339938248,0.013032256021499279,-1213323.271025703
5345,0.04276308296888544,0.011662267715340187,0.015202238623704751,-406653.6400531656
5346,0.025939432714786922,0.0038059743356880227,0.048061482131895886,-362234.3991501883
5347,0.02455313882679529,0.009521686201462065,0.013541036891187075,-318517.06932506635
5348,0.039904187354358085,0.031700324008921116,0.023231301211169772,417063.1492431295
5349,0.016580068369400753,0.04503421815044304,0.03862822701460898,480795.01213364536
5350,0.035905601867493094,0.022300025230861654,0.04905800753799061,407216.51832704636
5351,0.035503514839315305,0.02118123624933295,0.048027602186572836,373709.6749679202
5352,0.04478624982655084,0.03699825967721667,0.038349806081004086,1027290.375889336
5353,0.021181374984695252,0.025367525181508633,0.009577366951842149,-441348.2390696166
5354,0.029769812276692422,0.018495827417953605,0.017371916278517658,-54244.2331673478
5355,0.0474114100569033,0.008239171659199868,0.04149867920467734,-247936.5128420956
5356,0.014073428550404705,0.001432781451001275,0.002023153991441373,-674389.5972526128
5357,0.02145887462929358,0.022723045307423684,0.01601255642221743,-176497.57054677565
5358,0.0334389802782183,0.02426713892463749,0.0037056533165578443,-737915.9133914491
5359,0.017403559745663776,0.005098136692495198,0.0031457846945120993,-727545.8421370905
5360,0.010415331249872107,0.035028773058078354,0.034800082286286387,-303138.60902209487
5361,0.04306945635517806,0.037820964624520316,0.026774784363057302,610053.8409605579
5362,0.015630604400463044,0.0002905747583875351,0.03235687406438972,-876620.2658304544
5363,0.014485659380742345,0.012505005086395899,0.048741277038710326,-183480.16668831802
5364,0.008712009620312556,0.0016217369924698467,0.047469519759605824,-1065519.4379745293
5365,0.015300336102821721,0.019671002531032523,0.004046745197171087,-757315.4225930085
5366,0.020203260722666053,0.04861106453842751,0.03470098589190382,481441.42319368216
5367,0.023691242241659985,0.01537358230061765,0.018302197964052098,-121302.74124933897
5368,0.030561407498009924,0.012722503130265484,0.007597376274760004,-699797.3977606555
5369,0.03481143369718241,0.04347348885594247,0.04507694542104068,1317245.9231562929
5370,0.042070926593900514,0.02652998408499596,0.0394415484502042,753381.1258946201
5371,0.046317786588369325,0.0011681294803567112,0.0206049108854096,-530480.1832007865
5372,0.010206273978509746,0.04983843927122616,0.04647830048165871,63311.76218142765
5373,0.040109297553799335,0.014793990256308282,0.04760511322725653,-45282.02834855613
5374,0.001462522003107214,0.009401985325878782,0.03084368771154632,-1264297.9910019597
5375,0.03965033560291542,0.04418154265577852,0.01502543053506294,-248408.47314694463
5376,0.019540230053478463,0.02274137009768732,0.001348690926695745,-818912.0932256666
5377,0.04319846265260511,0.01689742076930908,0.009963922687768263,-397277.0007770595
5378,0.02045985315499765,0.03552816874495123,0.04354577896969054,770108.4969102364
5379,0.010768823310781129,0.008630648351769788,0.04718914839101716,-533623.2701513334
5380,0.027544650958178388,0.018288600949596175,0.009965972753206143,-461875.28926931875
5381,0.04976239110992194,0.03595921435457757,0.010894265408858262,-240211.7377038426
5382,0.004562972241357643,0.009964117198412293,0.012387130195378904,-1357685.8668742427
5383,0.005554282463080146,0.011482568535686834,0.005838985246646545,-885865.7282227268
5384,0.018886585044328132,0.0243097629584921,0.022764248629045903,-135334.66742105197
5385,0.041460503417453234,0.012699769316735571,0.04435469119441732,-70655.6528490051
5386,0.04540614092644011,0.04798998560018221,0.00904916169424424,-385902.42464602494
5387,0.012287557311768567,0.031191613867870355,0.007044581660254446,-481878.6856868263
5388,0.004281066516821225,0.0036848606015723873,0.030307481733312443,-984013.9655849424
5389,0.04023390710049933,0.012944283132959434,0.046676694356289426,-332890.0027046852
5390,0.039596775394952544,0.003873020268253563,0.02036515642624074,-477547.35601194284
5391,0.003400743301712939,0.04575970788967475,0.03714010722363227,-941065.3494661443
5392,0.034327256517735855,0.034135092330709924,0.014259125094787179,-164360.41037974137
5393,0.046676957760035435,0.04613883291101974,0.03697444046871154,1053426.3601628859
5394,0.02344651035358965,0.0023557865395357593,0.0014155675068517838,-858484.4407493686
5395,0.00690671664619339,0.029788234684652883,0.039904968960234696,-537328.1029916289
5396,0.04742328801368095,0.008768103963807339,0.013776394039807916,-385047.912594219
5397,0.0027050143527207527,0.049452358344043976,0.03904575396055365,-855531.8945187369
5398,0.02403570645950137,0.028778267765122274,0.028108720566654595,30138.10990954569
5399,0.012718037657157517,0.00926953471467098,0.014848785831106598,-815391.5213457253
5400,0.012357677489807496,0.02787640449321805,0.015410140291992848,-603721.2912924867
5401,0.03644723958078381,0.02839698664285178,0.026613188270702366,484784.51971051976
5402,0.04756468835446233,0.016120476769016064,0.03176349316199639,-264961.3582611224
5403,2.5313513714320113e-06,0.036846182363863465,0.02512719645083806,-1275165.5403914019
5404,0.010419247864222986,7.552782143085968e-05,0.03534719820018769,-686415.680980456
5405,0.03313503517752869,0.03327035582397835,0.021872741156023057,22836.257742100446
5406,0.031964866288497436,0.028566739505303015,0.011944752230563432,-50815.67562402225
5407,0.02593840207342143,0.02572963973094476,0.04118114441166869,402871.75544517837
5408,0.0216744511335368,0.021804271788313852,0.04922022356374082,379399.84100143285
5409,0.04472319364294666,0.012114299502187087,0.04551465473343336,-441684.2912078859
5410,0.00689833281730164,0.042669552937000026,0.009166168836500866,-939672.8395667728
5411,0.021280167444918202,0.04919608156341698,0.004852446827611517,-495120.7900956765
5412,0.04198939099840027,0.02473669747638298,0.005549568288755519,-551025.471665724
5413,0.04762456895525014,0.027461568406961297,0.04403205109621677,327234.0873209766
5414,0.043455347099337543,0.000731729147034893,0.013242035178291795,-554235.37283258
5415,0.016846078980657625,0.02674320227707526,0.0035933004920540358,-557573.0362543259
5416,0.019448344916484495,0.04073190618115484,0.00865955575036333,-552740.285753795
5417,0.03506382372881914,0.023016470469363687,0.0035352559448242394,-637949.8927436069
5418,0.008868703281447737,0.007051536586692731,0.03098589231593766,-881876.8390562378
5419,0.004366219944141087,0.04115233903887465,0.04033295654684485,-683356.4287008498
5420,0.004003099856039122,0.044409859886509175,0.04795804128380994,-809722.3014547961
5421,0.002173404909062254,0.04751647840684159,0.013973108469484291,-1363052.6962991494
5422,0.03323809704015953,0.008740787311848337,0.04087279248023016,-479171.00438668363
5423,0.042095667078021204,0.048917070259824766,0.04962667310854164,1233765.0378148467
5424,0.0037928853888014036,0.03289818006390373,0.01365230885761462,-1117432.3581964883
5425,0.0062788892815572594,0.0074397709357549024,0.04682186194642027,-1026728.6220275806
5426,0.03418246191726725,0.002523047548452057,0.04921150390730464,-621305.1664506791
5427,0.04039061181803574,0.015458965282536253,0.02354333468028503,-227234.0585764368
5428,0.03632879896010211,0.03380160429197232,0.02315404494071179,242355.28933028967
5429,0.025619495034953345,0.0021603840208216265,0.02503166222434743,-613148.9011760508
5430,0.017012344586201822,0.014252560023747819,0.0134811212384093,-642317.405312508
5431,0.03244734486782242,0.02146288103606593,0.021290120421396226,1193.7616178109656
5432,0.007959349567573937,0.04809317841218085,0.01119631012252757,-1186453.9726577345
5433,0.020305460330039233,0.00951023820898695,0.0351571426194574,-283766.86689655844
5434,0.021806437323042716,0.02068249695090508,0.04375474426945336,-81079.70631833131
5435,0.03797399248967267,0.025993752644459047,0.023429520202056853,254259.35898134773
5436,0.04799506988985279,0.047823108234561845,0.035238543395494384,733782.5931837348
5437,0.03800739632432165,0.04495464540769079,0.04821543779353688,1216432.897986805
5438,0.004113738313541166,0.04986694162352909,0.03515111074846993,-711898.5804361508
5439,0.02963724270958138,0.020658356266344886,0.016819494684301873,-211254.82042366618
5440,0.040210510426198866,0.03272175282733063,0.010035258441074703,-603934.4580332673
5441,0.0304955518567003,0.007058305086073269,0.02484374132530643,-552125.7007966334
5442,0.029172881891732422,0.03178420353720162,0.007263109486171759,-478860.69030966755
5443,0.0047799264325385175,0.012935408298767893,0.030351491607730676,-912046.214258752
5444,0.04658414069854614,0.03895617654501768,0.037285526258621374,916965.0775791818
5445,0.016511617227885796,0.005585368988757927,0.044596970306012604,-210435.35620268574
5446,0.02504267525083144,0.0050255423102125996,0.02674843650585896,-505891.06127090123
5447,0.03377051213326281,0.015995001480116924,0.0004624465841817915,-726198.648729353
5448,0.031080348107388106,0.00200477592147425,0.021639664543559364,-653593.5486780386
5449,0.04123876140634236,0.04994238161712401,0.018515145699208375,26818.56970000659
5450,0.0010063463250098547,0.024645155096938605,0.013813769871599614,-1325329.9401606433
5451,0.044638750679459625,0.0355751575163847,0.020216163440297627,-390349.3256799633
5452,0.03810141154590848,0.017060293446146624,0.026088179255689493,-135985.9159640713
5453,0.04613926398995852,0.010007863311851474,0.015652900095335303,-366425.0363798993
5454,0.044279670626347974,0.02309391801552059,0.015894441433678942,-322361.04838351865
5455,0.0018649335091970255,0.020947651879345053,0.025030055568440457,-1478863.70672778
5456,0.020316643366054366,0.013872961688527941,0.018456508677693308,-442517.69082533853
5457,0.03212223992768599,0.044563985998150125,0.032483791128875096,577221.787150808
5458,0.032308121798688305,0.04084374309904389,0.008257138886663318,-390779.3057366175
5459,0.015054881472906923,0.0025295491487435486,0.01748188984366203,-767219.8697214205
5460,0.04994118911332529,0.016465619768278796,0.04298864980129535,-174754.31956099495
5461,0.004288885696521622,0.022985618166799972,0.017573143269081833,-1046968.8585495318
5462,0.010079143161570782,0.0186253128528432,0.032563905570697355,-686499.9034349541
5463,0.024515403744454645,0.04221670156042309,0.045247330342416875,1018363.6691756208
5464,0.02409464155847224,0.049086315707555984,0.0036010381768291967,-680563.1836780335
5465,0.013816961066812405,0.0208355635204288,0.029135075517916366,-552431.4407135925
5466,0.02729648706566053,0.028398838189103687,0.04481253613043156,317243.4828647467
5467,0.0138782595976653,0.04084268727943144,0.027900027706382963,86144.81075623012
5468,0.024524524146134565,0.014970671281273457,0.015203440138000141,-262499.4138902476
5469,0.019423993572244353,0.038175524404984576,0.023836644379613553,-33833.563894697174
5470,0.007691684262812498,0.03799315886714,0.03316899939579342,-316950.4834553496
5471,0.04746193842005836,0.026470705080977167,0.03272110712289021,190004.0553559624
5472,0.02396651363806057,0.03403901041389822,0.021805853160009173,299159.88202385174
5473,0.00689282393679122,0.04933416181495655,0.03601818513979277,-372766.313476053
5474,0.030431291261492573,0.024071037509275972,0.035571450109433266,244051.23051906461
5475,0.006338746106759047,0.016305669907084708,0.006234967538144293,-1154449.9554411548
5476,0.006301254804910206,0.0010673772438600404,0.03779467075707753,-1233624.5948090055
5477,0.01136543123125896,0.04160038595348436,0.04522172570818661,448759.60176520783
5478,0.008428302982594633,0.03544320211679705,0.023015286424503047,-662184.3186028413
5479,0.045948057870302546,0.024220859690082627,0.01894369432213885,-419961.21936533094
5480,0.014728255951508002,0.04518107201140787,0.011308965170426412,-346912.8994414679
5481,0.04138573958047433,0.00970937237889688,0.03216984271267457,-426733.6707344913
5482,0.022553281986209813,0.005230433750833968,0.006296650215852618,-715233.7334199665
5483,0.014075457495783483,0.03833258424770351,0.03644700011328259,335264.08316332765
5484,0.010256012570368367,0.02381010972834499,0.004849348133849763,-734977.1377803023
5485,0.03579731430916014,0.03966510175087004,0.044675600001851355,997064.2670174327
5486,0.04428729831950869,0.0168946153573003,0.01272669167200114,-520819.1553429968
5487,0.04482946873731844,0.0073003487409754935,0.002967203584631334,-507485.9540488658
5488,0.015712148901238728,0.038015002195733144,0.034709989607773176,-16543.266916270546
5489,0.049352763951342825,0.01797667855539678,0.013792365742843971,-477923.6348501573
5490,0.01891038046224633,0.03911281307152271,0.010714997556056906,-306149.32674892835
5491,0.04738739921232264,0.025627466626484754,0.03915724978872349,169437.7568849527
5492,0.04136309122419583,0.023940755866887504,0.037068569020129345,457298.9817002888
5493,0.018234716196773044,0.04054640071366022,0.041195150430871526,438819.07744192204
5494,0.028310290971920945,0.010907390793651868,0.048511158759018236,-12903.772763163166
5495,0.04734899350876239,0.03099102722896684,0.04919405003905106,556438.1440158508
5496,0.025139814819561585,0.018774218746301627,0.02302515078848314,-290892.37105349876
5497,0.002295350909275501,0.027456092409568096,0.03331162202815987,-1097495.1009042854
5498,0.005475998686532452,0.012779878584808486,0.03605920549254071,-792049.6553714296
5499,0.039679508917943265,0.049293352467222266,0.012661184294537553,-337193.8587447357
5500,0.042071973583229054,0.008605148255708328,0.006543919769932122,-543563.6727317501
5501,0.03646017905878103,0.0222936185720577,0.03969617491735006,422838.7207884998
5502,0.014128239766719793,0.010659693854984931,0.027439937191152508,-579811.8469822698
5503,0.005765523733546541,0.013937460699574817,0.008311850572914432,-1137222.3158817731
5504,0.016002364688622074,0.03827493529257741,0.006037116860392312,-444337.01843883534
5505,0.03059344595856854,0.02923830352416132,0.02690653145836431,404645.0667759636
5506,0.024212380173678077,0.03319303020941331,0.042590532772787806,563185.9985211834
5507,0.008101831917442048,0.040706566118579646,0.0030737822172025977,-1069547.9028348164
5508,0.024106222492135294,0.025573276044542976,0.009879291580708128,-146815.6858420252
5509,0.004483655267826875,0.003745548773098656,0.0018616992521644006,-1280674.513855174
5510,0.028679651205949126,0.007773730527730294,0.04043523747149706,-271114.87945639575
5511,0.04494763605166961,0.014620408010005815,0.008223321498935432,-535818.5410980115
5512,0.02048059378100414,0.04407851006422797,0.019990959167061614,145011.62799529376
5513,0.005416814800681147,0.0492334046381253,0.024983773560963582,-957394.1188085865
5514,0.017118573559545585,0.04468103949221025,0.04637017469363465,658409.481994358
5515,0.024840223325432804,0.015335819689670394,0.024131690978107835,-252565.1791207506
5516,0.010964097558509356,0.02391190489694657,0.01147155528380523,-718620.7766397954
5517,0.031110138053925547,0.037994459053484,0.048471389413777745,947881.1597142695
5518,0.04212852346521919,0.004306742240327683,0.010576143997082944,-520955.51624779654
5519,0.026584592893935277,0.01287954970944995,0.000718260354165029,-828287.9095900838
5520,0.03773954749555103,0.01788860037937854,0.003305001620993092,-601421.2388916222
5521,0.02544182082613182,0.04886043565741952,0.03392693132113805,1031196.3100508325
5522,0.007938305662133932,0.025714779296484865,0.04508612274467428,-579450.2100030954
5523,0.002712183347604419,0.031894660038246835,0.036063649489044884,-1196093.2851566065
5524,0.03520058496572546,0.00750852092735424,0.045363926585763076,-158938.70812409732
5525,0.016113566635653633,0.0025871011695502545,0.004161046724127432,-733824.9823120872
5526,0.02287886908998493,0.001999100103952356,0.03897762588841318,-534321.2247813768
5527,0.0432911752985159,0.0006686587510652431,0.04050067516636219,-600602.1638734601
5528,0.04906032345496989,0.0015184080552874736,0.036248362230980824,-283288.8948720167
5529,0.049954703939881856,0.03985592931469772,0.025267850151756883,53034.57711244664
5530,0.04424114860365624,0.03539662124512679,0.014622582523019817,-336932.2216951001
5531,0.01121598910386349,0.025627219635231027,0.01864952620108052,-726737.685095058
5532,0.016473399540400085,0.008896240836344244,0.0422643001585849,-384410.57629799214
5533,0.035250725032243836,0.016566073482937173,0.011883354079259341,-435650.1765671659
5534,0.006406895650431794,0.005625647733617645,0.03127390926085449,-834249.270313345
5535,0.005440858903346269,0.048010631198848366,0.01395675508060334,-1274591.8362882503
5536,0.0012902430290915813,0.042766486192159246,0.01837936979251501,-1367722.615568464
5537,0.017148294148747984,0.005931030590819165,0.03302110291094542,-668307.510850997
5538,0.017939668579471674,0.041149726478336146,0.03153091518150646,42284.48966222934
5539,0.043995617629698315,0.031128057899403816,0.038963911485987435,511354.7796220484
5540,0.03482696424523626,0.023129621232033312,0.03443369959802756,224147.0109057478
5541,0.03318085087791717,0.00033518099630622245,0.034931896936392585,-512739.1921620353
5542,0.013107975091142294,0.027091141100001544,0.005566619420542746,-841143.6142539383
5543,0.0011511250786170046,0.0007559854387785115,0.007909725618646796,-1494310.083160197
5544,0.0009946253305075814,0.006619871042550924,0.02795868026794872,-1278544.3771446066
5545,0.0200136415786498,0.04903740612953267,0.04043471801086011,841418.9579250667
5546,0.007338787724431523,0.020839469673052776,0.021548539828166038,-1139819.346719394
5547,0.018105838947564287,0.02477948903377681,0.03349372727227326,-145257.39325431755
5548,0.03204448578298264,0.01785495820667767,0.03525228115742613,5335.154012021165
5549,0.01447426993317163,0.04177339221131901,0.048218602163201285,340103.7570281667
5550,0.01473683272244476,0.039234427638521564,0.040671290192886365,434773.65672177647
5551,0.02453816872674395,0.0043873655826522084,0.039309094504964205,-477364.50437303283
5552,0.02037391191162599,0.010403563775087605,0.031332511628038975,-204799.16646556175
5553,0.02184690528403821,0.004378622434009105,0.04918373145333535,-274060.4778366382
5554,0.012233093512207267,0.025548252773982278,0.033364413086551185,-434401.5605435543
5555,0.005754468219934578,0.03697050469303794,0.032414441491956276,-744067.1362972029
5556,0.024687644865340086,0.02641649958343405,0.04773975137201637,425546.96038594365
5557,0.045544891863448206,0.005599166193564365,0.018437602653345025,-445573.61967512814
5558,0.025838571588480932,0.045998792295089075,0.04082816647270229,820895.3799871798
5559,0.019324135149720707,0.04431052027553228,0.01890788978160617,-74388.42761894873
5560,0.013559646790215475,0.030494631327879974,0.017795087740740168,-573218.8865645614
5561,0.03112037799612928,0.02048420375226122,0.0397884569813441,257474.46272986138
5562,0.047715548668695665,0.013515458943571446,0.025500504212214076,-397614.35256774526
5563,0.036221621765129434,0.007925954760357484,0.03979530740386842,-308121.0533282399
5564,0.029148598082271368,0.0074870261956040745,0.043411479340204374,-188104.40989225262
5565,0.02133506297629047,0.00883096729623244,0.00976981821693252,-532585.5915374563
5566,0.03927531998831625,0.04678580802924892,0.01891249611270747,259180.53535492675
5567,0.00394140376536164,0.005041153972692869,0.03272392545969255,-1210698.6011103345
5568,0.018537585529483782,0.02130657486728968,0.016852368907421946,-500418.5259447508
5569,0.023276928299478906,0.03217747264400324,0.027056958195239296,11653.34571300521
5570,0.00821207120757388,0.0245644325971902,0.023030652955317078,-732538.1762625014
5571,0.02728686240268205,0.005533501552019194,0.00767635615213676,-654076.450050519
5572,0.026512208905397346,0.01377175212748167,0.03145158443556735,-82409.91597568804
5573,0.01863756913395801,0.011036737383271789,0.03281973941636642,-424549.77420735394
5574,0.019695383482125725,0.00788062352548623,0.04044044896351451,-201622.04386917822
5575,0.021587935597030723,0.04575351698613218,0.009670046425770124,-137848.19988391336
5576,0.043817511730323666,0.040795498534953456,0.005195791204411543,-534844.5627920767
5577,0.026584065782515872,0.03268414300732234,0.02477410973636275,228790.93935806808
5578,0.019513154209296786,0.04719210636818519,0.03504104298711098,512865.53912426427
5579,0.04829349387822455,0.04231151554265958,0.04085656991080779,1004084.0974809217
5580,0.03628161451500048,0.03230396210726334,0.044343104555618094,823912.2033869999
5581,0.030670488633153165,0.0037644200462595813,0.029128175949665075,-425453.91439289204
5582,0.005141757579338735,0.04746505350612133,0.032333448805064315,-661666.7489403732
5583,0.02778231417066784,0.00989105663665439,0.025788352493739022,-228441.42432098114
5584,0.01712655019146711,0.033769308400432047,0.03022048987296786,42751.3491384972
5585,0.024965354500352935,0.012637050072217543,0.026287156520056077,-299852.4312198187
5586,0.023084844287261236,0.04256329387311628,0.04471686706813925,829195.5922172803
5587,0.03796245770542047,0.015981997830615546,0.0019044755209076836,-694130.9149406739
5588,0.046266797962193934,0.04960061258293347,0.006351038116125402,-356243.9686199113
5589,0.034280801189160125,0.02125732677448602,0.0074260202419539735,-433159.25154833385
5590,0.04990506554827835,0.04666144272308871,0.049130443814135685,1142329.297102263
5591,0.007194812718507255,0.02459622626614973,0.044788708166068204,-661676.2380065448
5592,0.03375792228895204,0.021730090164579188,0.025834712043978886,-20155.758352474655
5593,0.0019300802350528112,0.03057585884071461,0.042985775835013104,-1050544.2095405995
5594,0.00013968132706409508,0.007998233882386203,0.02589950610026608,-1505618.09018793
5595,0.02804821630104329,0.0171676172583213,0.0013967239997270398,-635346.2480360033
5596,0.03718000477749194,0.012146255912257148,0.03222886509504007,-467914.5785806615
5597,0.027957337053882366,0.02154190412299627,0.029514475163918252,-349.8769045041363
5598,0.034751937198533096,0.0286122158972981,0.027876271605134114,608830.6810882371
5599,0.021803887342854336,0.021501726123605763,0.02454829925147069,-76952.59143127658
5600,0.022603895607801988,0.021951229215350712,0.010518503560520677,-425321.1577254423
5601,0.03624189605277846,0.006647623445475221,0.04543552113341615,-560292.7701714364
5602,0.03124231053860793,0.0024450339561637394,0.03294993498741271,-551004.1126860273
5603,0.01807571307529086,0.04648824221903227,0.0468037743244854,741925.5955325365
5604,0.042296419092642326,0.028392445098697608,0.045958884565260566,527940.2829988152
5605,0.03249040945364294,0.043756452773555526,0.008002659963557118,-538791.9655471576
5606,0.04520901567156019,0.03307953472827337,0.015163696156936152,-516092.4712518832
5607,0.04989067635904501,0.034344198367723656,0.04542080290103644,804681.8580990671
5608,0.0002792760488508739,0.02761692047745929,0.03562663117863515,-1425875.785202863
5609,0.0006868444559355703,0.038127961256142484,0.032572409658382345,-1214393.5853925354
5610,0.01373798267963482,0.03444724731738743,0.006545051949847192,-570900.6964224871
5611,0.04120185993844033,0.0433112558629252,0.024273846513924863,564748.5552924477
5612,0.025372108397416077,0.020102718043317577,0.017266699260189994,-123397.08063220255
5613,0.043644913942672385,0.01524365878937698,0.02014250059271959,-167200.85771083657
5614,0.014995814822225617,0.03283563803963632,0.04071091655557913,104843.74540730359
5615,0.008216791347207065,0.01273712579476159,0.005205385426437209,-930827.3774544769
5616,0.008009197851344607,0.020344081222785762,0.03879381448545695,-781276.8815459303
5617,0.027080896748445743,0.0026638138943581692,0.03125433748419892,-502089.31957973563
5618,0.039765208444416,0.01967339007882815,0.012250630068608326,-277376.58495722106
5619,0.038196886409854386,0.0011953119480462738,0.040779551220786685,-539995.7519443647
5620,0.04021297907721,0.044399296534710385,0.004473997031181232,-588139.0965859758
5621,0.005387924095231245,0.04363764119635718,0.023763138358109944,-1028950.1041644238
5622,0.01961692537054325,0.02866467825651829,0.002929153507822002,-714787.1877493743
5623,0.03218580849480404,0.0472541576794699,0.03378599470835259,765868.7962265189
5624,0.02322675561545918,0.048044049430574436,0.034425820695170674,637263.4851230925
5625,0.0028480217855033243,0.03350232659065658,0.0029847931376471293,-1419499.4559420946
5626,0.0153614941394984,0.03078417402013587,0.010780800809343172,-631639.5059581264
5627,0.001909459229714955,0.030897684438994346,0.014292864144150553,-1250551.2128492445
5628,0.026648211216959913,0.013057278945231055,0.03432144234644061,-205720.45066395713
5629,0.0447850695579852,0.004328240139782097,0.03931593427273793,-249653.42499257598
5630,0.0078047527560174525,0.016470489358965557,0.01786826479124784,-767716.698917569
5631,0.010315499450913047,0.0037617170431518744,0.038424324013140644,-979611.9889198173
5632,0.03968137696366378,0.04984166451890119,0.046730212449766356,1491707.952330282
5633,0.02173212116924112,0.006669400727088665,0.0005350004009762599,-748475.2247042265
5634,0.026575876924857512,0.0430283205416424,0.01339518697902602,-278927.8757414189
5635,0.009947068399403458,0.021947668588541115,0.04467664004761172,-475446.97427715606
5636,0.022583691588522234,0.03613564529988572,0.023126310508734666,290126.38991398143
5637,0.01864794407214721,0.022045602724807125,0.038420026633668974,174187.28256522596
5638,0.037720302793900484,0.02158790893077002,0.013380871271433276,-388897.9606923007
5639,0.0069563519541872626,6.848471876158557e-05,0.005662879153664486,-1254204.5034658334
5640,0.0082327632595949,0.03449688954905444,0.040895793846437795,-390834.68074063025
5641,0.036847283311560446,0.036161638360117765,0.04971603073620595,1033561.0669770434
5642,0.04812988696604953,0.013442359756461832,0.007255037477417837,-655246.4739615965
5643,0.007664911896784411,0.04478033353556414,0.00511734239778921,-886221.5800761097
5644,0.017007208444071022,0.026517326421053623,0.030672525184159378,-165408.7463154904
5645,0.029786631890743737,0.039320386106996244,0.02858466317713835,357563.4662184363
5646,0.042552326966571366,0.00423151120360924,0.0429482726780072,-560295.4724555055
5647,0.02950015803885018,0.011146628292517525,0.04888715943489333,70347.31808652627
5648,0.04698671368644149,0.042286291083685576,0.04557980678067357,1023656.0597592951
5649,0.019107086052265326,0.011390243622479474,0.009145193082961595,-555292.1223731405
5650,0.04368799842554587,0.04133156744505434,0.049046919166746875,1255627.6030322607
5651,0.042412605072704855,0.03161829569632451,0.007114087543577502,-580391.0057446423
5652,0.008242376917711519,0.023684976339818788,0.038389776557218286,-582170.502516852
5653,0.008663769508887609,0.04577587539644263,0.0341895365243428,-323350.3252373358
5654,0.015615454522320977,0.044287979608027515,0.029931518409047037,113012.75029012814
5655,0.036657924101256324,0.019272110312777885,0.019677526965666377,-14511.323462997758
5656,0.0006308785240735194,0.02689510113775047,0.03803984029169334,-1121916.5866682534
5657,0.048441225679330194,0.04461134183541188,0.004349554567637748,-383913.8749476514
5658,0.04902600601784043,0.007474034450042528,0.0020557149196041512,-472045.68511197425
5659,0.03744649177341127,0.04529432251645757,0.047489145301259486,1149776.7131079333
5660,0.041248805388310605,0.010245310785569024,0.007700145724720553,-514752.65086117777
5661,0.0029484238785726425,0.02909845399470616,0.024361058808152054,-1042516.1186882503
5662,0.0054641804218185765,0.023241355933578147,0.028366179526724357,-789564.4780191191
5663,0.03614773217552492,0.02070987850167104,0.015917622353921985,-410350.5630790682
5664,0.03328395990770649,0.03421118215227727,0.013521427833490935,-320671.7737204473
5665,0.000991154111856335,0.04728452848712597,0.037764320322958615,-1022247.7359666846
5666,0.010055216723167698,0.028283282549693253,0.029747376533803473,-620265.1382641617
5667,0.0062994315997839615,0.009582854366977912,0.0478353258231894,-734495.874881715
5668,0.025400543001044884,0.009572110969673803,0.03987873770470043,-189764.71928982757
5669,0.023528665126673638,0.03192060416363469,0.014875076681928945,-115914.23945212814
5670,0.002895204912814026,0.008247211178202212,0.048651845157299256,-1171491.449721137
5671,0.031179421791410773,0.04155425992872028,0.0010759778961909605,-621719.8097108911
5672,0.038273125057718356,0.024247603327093192,0.033265393843559865,246871.20114079752
5673,0.017910252017038743,0.031043441340944517,0.0017809883893878998,-441534.3298587465
5674,0.002279435626835541,0.039941820495257394,0.006223263390022011,-1414642.50828712
5675,0.0006991967293068281,0.04562282448183266,0.013276588137176871,-1385893.7405244086
5676,0.029119108164821918,0.04194584852692524,0.037295353971271435,804602.0216176762
5677,0.0023313910405466653,0.028047435042942166,0.027089893354771983,-1134780.9899346204
5678,0.017504008910523106,0.03767814906841758,0.04820028289877598,618217.4061405505
5679,0.007359332696795701,0.007261200187218109,0.03673680097304346,-1009788.7249871781
5680,0.02272082050831391,0.039760946528985805,0.007053880482353531,-361913.9602699035
5681,0.001992877207110505,0.03489670374258205,0.04973555264770552,-1155516.8411412744
5682,0.004739910514785029,0.0432168944725235,0.019264487038670737,-1015810.9480027405
5683,0.0008394772646553583,0.02550108964856054,0.013942710356240996,-1354104.9114935978
5684,0.03467015707600901,0.014391531121754599,0.02408500617165231,-224048.2381440348
5685,0.010028262567209463,0.04140508790217802,0.046271573093405405,-15531.552461699466
5686,0.020166787710823194,0.022444001628399126,0.0491341836605766,287152.01170163567
5687,0.0071057738362331705,0.04043097572950194,0.028363930292512066,-473448.07118045294
5688,0.0440367210452094,0.014621427241345597,0.014807898311017165,-528202.308431672
5689,0.016290997402770353,0.0008315541161477702,0.008494644953902914,-904081.1831676464
5690,0.049729332055991254,0.012447428689196627,0.000995854888031955,-684171.5782613936
5691,0.013927015701924783,0.020419508399229336,0.02738936396411918,-479318.9430575259
5692,0.0034283009932713215,0.0395214459852383,0.04127506340985288,-994100.6200700599
5693,0.01065802894358507,0.03992090941174893,0.01807134537206283,-496702.9019016232
5694,0.02115550889413172,0.04681941271570083,0.04459521954800086,826517.8293259579
5695,0.018755535659524453,0.024405515286130133,0.014326189401649626,-572931.9358907854
5696,0.02577171291743309,0.034095395141747156,0.004633384863781576,-549006.3161413234
5697,0.04599205630878449,0.03594369840723399,0.004837634158078608,-523532.83616656257
5698,0.043449449598942126,0.037184143312141614,0.01565634084163744,-8746.749564627702
5699,0.026071654414893897,0.0430065329594833,0.04840628115451394,1170127.254115006
5700,0.01405386979738162,0.03252790911636623,0.043012346199638035,179724.07602562115
5701,0.04940834244214726,0.003535924432315607,0.025181098291041423,-484548.6971230607
5702,0.0436832880919741,0.000157906214976411,0.021861760980272156,-543527.9797260701
5703,0.029209936205981637,0.026324515427830715,0.03663863431671241,246384.3483203902
5704,0.0032761043476990494,0.03927083617929216,0.014158526806674171,-1124454.0792373372
5705,0.041211469326197785,0.020974396338962947,0.00214592959014982,-668970.57044565
5706,0.04819573828356907,0.03902746452485234,0.01739080161411747,-188981.62416138378
5707,0.013501368410918159,0.02944818642250271,0.049364730141195565,76981.26455223
5708,0.014508341208987386,0.04741355583730764,0.01651935598092945,-315414.8778443283
5709,0.03520488826289,0.019086717889601992,0.004252611200432438,-555072.8301997604
5710,0.04680946828066445,0.008196399735829796,0.04723457339987994,-331098.28878108773
5711,0.005165341296442749,0.01334737224782494,0.04604617493472778,-730307.2202630782
5712,0.03292704314537866,0.00947417179208478,0.029604665572764078,-316525.9026511384
5713,0.009019560401777699,0.04372210338351709,0.0024914303669261286,-1022812.4025784278
5714,0.026488884888874922,0.0031736512914731286,0.034751137553381266,-544694.2939670386
5715,0.04678986175968337,0.04155332248358268,0.018586391257631757,-171358.07082143088
5716,0.01184524527398796,0.006051374619344152,0.04368119936912665,-836186.4494774191
5717,0.004055456452370621,0.03144145957888833,0.01836337347483535,-1130431.5550481037
5718,0.049788915918548206,0.02544116567591725,0.02743954748517055,-360937.0415553537
5719,0.04589443925074256,0.048481845162541136,0.029181823054726982,554828.9458803758
5720,0.039809103737117504,0.03173833745542232,0.021370023199680933,62491.25750781262
5721,0.002865767863734842,0.03588719367708917,0.03501313861803246,-1199130.1806469755
5722,0.005835115334436264,0.011503443747818289,0.036606409343735276,-864074.3360787244
5723,0.0074855988797269905,0.03454675172163684,0.03589885956024388,-530029.5160658357
5724,0.017667192796996307,0.012909092488971353,0.01865197055518066,-524187.7856557639
5725,0.0179598310696447,0.03035099028522912,0.037192414985943174,55434.96669023858
5726,0.043087631742518194,0.0014996142001057035,0.03632757786846848,-431362.92749857786
5727,0.015709300914458015,0.0419321005355236,0.0037858479870505612,-574041.3608234156
5728,0.027558725508653327,0.02743367948770067,0.016325573108761416,149724.595176112
5729,0.048515329867668266,0.005346157558434378,0.006819861676746114,-576168.3686559161
5730,0.03221297990941376,0.02571496123218266,0.013223356427602341,-122627.83307286068
5731,0.015213589822872093,0.007851165435440966,0.043388206945593664,-350660.14039997663
5732,0.028475943656984522,0.012241728807691582,0.019671037885467143,-345931.9596078907
5733,0.04533425271524416,0.04434205808265315,0.003455334555660389,-464975.77004965505
5734,0.032705006913985146,0.00764855854848619,0.010544168277412858,-688655.3878803379
5735,0.04321037961232082,0.0447595158737979,0.004134595794697426,-453826.3166381996
5736,0.043696166473934685,0.03642467764216123,0.038785518163334955,721784.1350072278
5737,0.03959076638229053,0.025361663586899775,0.04734538214941009,464104.026499082
5738,0.010017980199029764,0.02524825537587715,0.01592762899442023,-533184.8770488721
5739,0.04112156214012538,0.004135035606438869,0.0216839243462134,-437487.5075725674
5740,0.038673882812266476,0.015617045577886974,0.012023814213522438,-473834.401892467
5741,0.01312745773974481,0.03567950537032726,0.014339133791941544,-471516.26296002656
5742,0.020134177273148996,0.027283404371958888,0.047038003947334595,323504.9048779318
5743,0.03971737799434645,0.009264083211200863,0.044154211626721784,-359420.9172364859
5744,0.04223837165926018,0.037261225977743444,0.02584529873859724,463275.3158710121
5745,0.0034907477628655596,0.0355752620694583,0.025917108521141326,-1131946.2344577136
5746,0.015488746290897798,0.0004969000009136915,0.011552449038817442,-558971.0295594406
5747,0.030284508878969614,0.005615329316597812,0.032770935330585615,-345436.38784892333
5748,0.04098360444110059,0.015908917036812575,0.004099276972748212,-641037.8599886941
5749,0.006984939521310924,0.01789544662674525,0.04067171263792138,-756434.932478571
5750,0.03171393598563776,0.04339438240480925,0.04972135563155623,1094610.210209587
5751,0.01012831014495797,0.03474107181183968,0.023325835003146833,-360167.79935057304
5752,0.024673903047341017,0.016279070178040225,0.017125610749970526,-287745.5647206295
5753,0.033814097419888375,0.031040145859800833,0.01592517853137165,-55483.14994533331
5754,0.005929045940954292,0.028912064365410124,0.03696981724824427,-533808.0146970875
5755,0.02793108951072549,0.0001825336728320637,0.014115775623690137,-604640.2501772535
5756,0.03892896698175059,0.03712741026383692,0.0005205126270746374,-567155.2570550432
5757,0.02351481163800892,0.021865908632517,0.0326140688145471,-52594.94064913155
5758,0.006249002003249887,0.0310707616441135,0.04734590100805254,-663193.1776172239
5759,0.018587476730762498,0.016867820882987907,0.0014136757185938987,-755537.1145253188
5760,0.002869752947771576,0.04657862234648593,0.048775092326934465,-597835.1990839655
5761,0.00028208502182933696,0.04503398431715824,0.008698001534041044,-1476593.255604331
5762,0.028067935932821482,0.033907046176437465,0.017952935528028957,252104.44668289318
5763,0.026449404588535858,0.031377109407765266,0.00969631496923969,-317840.2932127899
5764,0.04971283107928411,0.0101940917792743,0.0005169232343309349,-525381.1566585951
5765,0.047214229605237405,0.021456385043207155,0.019930985946323927,-350201.9010059456
5766,0.013783565923316171,0.001291596339558382,0.013228409669007558,-681851.8040286215
5767,0.019665017128299097,0.026016462443336115,0.02288221100609912,-305706.43929944985
5768,0.04395181038520114,0.045566493096507454,0.015857746090785753,-84950.22576154974
5769,0.04797772969377298,0.04324670860601773,0.04638174082673748,1112788.0873777769
5770,0.03531654411938986,0.009913592166277074,0.009761389632888723,-640491.161228641
5771,0.04543257815419716,0.025352272996722165,0.04452336535768689,272931.07850316924
5772,0.03602739395946585,0.010625615216753382,0.019237991003147686,-490599.208418562
5773,0.04839126075112542,0.0009791380721752175,0.0357291931546372,-583172.4125024318
5774,0.0489389848537603,0.005207347296181397,0.013599642747343932,-597416.8003618277
5775,0.02735065603405955,0.04218824638733496,0.025325593491886414,204010.86258401762
5776,0.002979802349728583,0.006359216166557675,0.018797168441628223,-1341245.6658222235
5777,0.01612703368802745,0.01098393155896057,0.04200643680928953,-301408.2482731185
5778,0.0013440841874367837,0.04146721238885389,0.04608400868228816,-993459.0700297211
5779,0.03150555122755321,0.031267519929388206,0.007450885649274092,-435844.3274413141
5780,0.028415886910541595,0.018758719696903122,0.011452488076009787,-266475.53946120787
5781,0.02916647779277657,5.9523353117313384e-05,0.013820639577107925,-561385.5869130965
5782,0.03280210121442189,0.02275203052536709,0.007282027025222443,-513489.6695241
5783,6.590558749788866e-05,0.013521965703498291,0.027452965297756385,-1379732.707427077
5784,0.026727278255681275,0.0065535949685959945,0.03068485715083435,-373770.2399946724
5785,0.049946218911253754,0.029243345313055166,0.02638190878546272,-111402.3722383781
5786,0.03113165617964582,0.04398354451303665,0.04729996723478176,1015109.777255049
5787,0.0020516757876329395,0.01024969014575769,0.005788203200298214,-1205419.9327192584
5788,0.038617689285132,0.002278142947597295,0.04513174734955653,-508044.67963403225
5789,0.0010277682451565408,0.03012734064745618,0.013778809699013357,-1542246.9485990086
5790,0.023528176247053046,0.022094295700244126,0.03744466353619915,151694.09115189762
5791,0.024832105052995913,0.021061041506327545,0.03651385512921772,-37844.941377059964
5792,0.046290345965242785,0.039696120076178336,0.0368358515751277,692027.9120012542
5793,0.024386104056782577,0.04501078991406657,0.024315672871084416,436950.64365286997
5794,0.04651428926577683,0.040146113121080504,0.007513011780506479,-395560.3289917662
5795,0.002349608636367606,0.037042784343303284,0.03429195808001692,-1142092.9202289244
5796,0.030104443979098783,0.04881196400086731,0.027270152388598052,295380.1473030593
5797,0.01739499335506815,0.028248292541128962,0.0014205876252728123,-450099.18352156016
5798,0.028963211728514994,0.04512151025205116,0.00021650342590701644,-516515.0570088843
5799,0.04226519060890583,0.04009644470495566,0.005305156489804264,-550144.4041625364
5800,0.04234152465608587,0.03817726328667048,0.024552322877992274,258648.18172452095
5801,0.012260696919988656,0.01440502079239261,0.030613746273599515,-288833.87489982974
5802,0.012315199968774832,0.016267783783698416,0.04654192155751537,-207994.8723949619
5803,0.03646643082531264,0.03680370248584905,0.047796821106083964,1008619.2554202174
5804,0.0002897009901563219,0.012224292168632557,0.03289869814801976,-1617628.3329031619
5805,0.02191357669685707,0.005640247406618538,0.03906168430358307,-427795.64117490203
5806,0.0023536267039963366,0.02719255560947441,0.028123216577125854,-1040955.8673807755
5807,0.03179806598053269,0.015781315136090653,0.0011800470615906111,-688057.5704031214
5808,0.04444916430403412,0.0464602397414228,0.024099436345203284,-81371.66878138405
5809,0.001032017674076413,0.02904355801117245,0.01579649258314606,-1278460.2309774598
5810,0.009124278841684841,0.00844763281906027,0.008962772016658377,-850577.7608043702
5811,0.01654205002896559,0.014031010784633702,0.04182124162265948,-196268.3047318455
5812,0.024765735369501215,0.02138237462325241,0.0072916778557234165,-371219.5978599632
5813,0.0437945396560582,0.0027411102896894527,0.011976567943724016,-520479.10447396635
5814,0.03107361378676588,0.03511562140051843,0.040057828740957355,642964.764547285
5815,0.020514565073505367,0.017337004332070888,0.01442758089814637,-374682.8794161686
5816,0.02840473355388632,0.017431780757268114,0.016404712033796655,-225555.1800704469
5817,0.0008445426717698268,0.04741579937708039,0.003029712216027003,-1452119.3746453177
5818,0.013543575915546974,0.04607098136703481,0.03676740976311727,269782.1346183478
5819,0.028906990209372003,0.033040695659768644,0.004853002640639776,-785311.0014547424
5820,0.04043236718276111,0.012505338089130152,0.04781069889394353,-329333.07346675056
5821,0.011568730189700938,0.03126822081159127,0.027266224600608475,-604867.0924191673
5822,0.0071551546984334365,0.018146358390840608,0.039064637736946635,-730506.4276102232
5823,0.010629403699955403,0.048142865742097654,0.014774181932380344,-624218.4969800287
5824,0.03133608297400429,0.03094335197949325,0.023538912108258266,287299.83786346816
5825,0.032768023208287964,0.03717884719133857,0.030950148567044422,444576.1381777369
5826,0.027999730966698957,0.030331370403638182,0.020097796020097997,114553.2032257513
5827,0.003543658356577506,0.007984918959139099,0.030335202151984732,-1047940.4641777516
5828,0.04635869462087211,0.0012870274285591123,0.027201759853109787,-343740.443850559
5829,0.012603071650459485,0.02808699527422566,0.03748286788668508,-332408.5677435808
5830,0.03677265660847964,0.036244289890906695,0.03894617329697185,849807.8103762431
5831,0.003630534341047881,0.02547889169589761,0.01308892426860741,-1041097.2421577736
5832,0.04606352805012065,0.03914396110097357,0.005377242367919488,-447396.0145099144
5833,0.012162306451508998,0.022761012774907233,0.04814543109032128,-363364.816045834
5834,0.0054836592060525935,0.028398618427106483,0.017064375658727923,-997084.5867879485
5835,0.03231701708662787,0.03243533635113523,0.012029574334200927,-147365.78977463834
5836,0.03929047001530331,0.004563123566740396,0.04090694355436665,-498522.93482723
5837,0.010598342928974703,0.029478964924582636,0.017365486345138504,-690152.350460857
5838,0.030488991331094735,0.013370892413718872,0.028448183597525534,-171901.6050545328
5839,0.000409913010678209,0.0187227228808601,0.04131946895310946,-1251989.4803641543
5840,0.023150329325275387,0.024963054949498287,0.03107884189569965,-24789.348701113828
5841,0.02171047994169912,0.04335383638619068,0.02016623349240943,14763.467404642824
5842,0.04712762171216253,0.04384690116621292,0.02105438913294926,-111901.69261067841
5843,0.01829004372993186,0.033831400945008416,0.037765337433703125,240875.47829220968
5844,0.009293078866229404,0.012052260159324119,0.007312625832424646,-961962.1763638878
5845,0.03803459390941593,0.03572009324895425,0.00945269071591881,-410916.59019867604
5846,0.026843739307717152,0.03821196796016999,0.04735143313716864,880620.0441805753
5847,0.00892613270655157,0.015216488994484462,0.017416989181953692,-924590.3549762504
5848,0.031248867956660466,0.006820942510449357,0.00967145346256964,-558620.323447018
5849,0.03902184186959931,0.027102683292803527,0.00801931157642291,-549257.5769397414
5850,0.01942163740041127,0.00672470976658664,0.018134500061842095,-325879.3132478766
5851,0.020009964760581783,0.005605520581269813,0.002991671309302102,-442685.96235853544
5852,0.04408009451287653,0.044382404482010945,0.0001289437606324939,-575501.2761538016
5853,0.03206020482120683,0.004683950376948992,0.040507082276565895,-380222.0255484114
5854,0.04397811960768758,0.030830757768511297,0.030657772860147106,474261.50615773065
5855,0.018574075452686214,0.012473448468143085,0.02496354145766232,-321551.6204846595
5856,0.006685861173827701,0.033611244743045686,0.023504344768985927,-855860.9768408841
5857,0.008880075301546537,0.029415712639464145,0.03976639182928646,-207100.90645060176
5858,0.02943997308335655,0.026483070582827214,0.0423858739065405,432725.53011516365
5859,0.0005377692500414977,0.030837381391731474,0.020484609159728374,-1628186.895590989
5860,0.009678307432883466,0.04897889250430498,0.020190691457359466,-564381.387240048
5861,0.01676314062211113,0.008450421987032336,0.049888297562274204,-427630.1009497575
5862,0.04280256780148384,0.0034986209337475593,0.028287693806359166,-417020.8551814725
5863,0.007370060543773294,0.03578907075064735,0.024204171463021854,-810898.6452114418
5864,0.005519448209963796,0.027851944563214492,0.04553378255514062,-784680.2139303266
5865,0.017059734116657628,0.002540280738098949,0.047260355563232215,-405643.39749610994
5866,0.007089959400472529,0.023752600044061684,0.027233856392414213,-717739.7098462451
5867,0.011854373159062837,0.00887090160190695,0.005656944030742983,-823498.9386682687
5868,0.0034977641176986707,0.02540632738401724,0.04210103884171582,-715148.7211340404
5869,0.006337938568330065,0.03503095142227492,0.020631038521179996,-790198.0306498987
5870,0.0017612119485293067,0.026798615500236073,0.012600413306658821,-1341306.908333019
5871,0.03026270465202512,0.01746615054194356,0.03332261591314795,307979.6884154049
5872,0.045925168146551454,0.012227228104072958,0.046992023449384884,-268531.7632094139
5873,0.010215443012516597,0.0035347441111681535,0.009635049369403986,-800625.5184059693
5874,0.04074583497577742,0.03387781226322709,0.04854170766307156,1040220.6032013466
5875,0.035491365521246536,0.0206315632518317,0.04462154870664381,328423.1681598048
5876,0.047906425910422996,0.039582746048005296,0.02783197929175505,42439.57519353629
5877,0.04128828906527814,0.008952235366714079,0.045017501146469324,-195611.79713207914
5878,0.0499779491243268,0.03325700832276727,0.009794451979000425,-505486.3189018589
5879,0.007221833109766091,0.04797072028001736,0.04356764106841628,-243404.19317539912
5880,0.03743394257823835,0.04745596268077057,0.025170187643419564,536032.5611236143
5881,0.044387320150118224,0.008141015699418958,0.009140485905368123,-574387.3471775319
5882,0.025617152283019497,0.016625483042226216,0.021625963400732886,-220201.01837370778
5883,0.03990984931502667,0.0026703735471129532,0.03604219171401148,-275154.274618325
5884,0.004411463422668277,0.04237505251402102,0.010094990326783754,-1350548.024784309
5885,0.03674694601739978,0.029593969949384454,0.019281105353642383,-200547.38650490754
5886,0.013376812520945764,0.002872965813320455,0.017669010345650354,-688920.0540642245
5887,0.010026437830058799,0.006795625197599115,0.03692490612945671,-669521.9546717167
5888,0.010625749550660025,0.011157902385808422,0.017024072587702183,-870404.862431447
5889,0.02313265798108846,0.02568563721448501,0.03322731344202066,-203318.83079941914
5890,0.029426102391896365,0.02408419398633209,0.019697010731873518,34528.4947754137
5891,0.013289310596461724,0.03549713068415197,0.015875066019687384,-352895.4632167089
5892,0.04247906967629477,0.029308122794399333,0.03169721392640903,365495.39053854835
5893,0.02543951154388667,0.0464278032326024,0.021079778430887226,117830.3232580767
5894,0.021348422670940632,0.0446507247885915,0.030245346048008576,370185.3415081942
5895,0.02245743578620702,0.013107555725836545,0.012252222252595885,-401166.90286339965
5896,0.0400717156877618,0.013973303881186006,0.00028688451516828417,-499187.1583326513
5897,0.0009730319649161823,0.04892013057982823,0.02799189683114722,-1068730.760999327
5898,0.02445123159296977,0.045893803455416514,0.01758436994951464,128140.94178485528
5899,0.03974987798276165,0.03609049063900694,0.0238548241160919,319397.6300849673
5900,0.03873159487293455,0.04828891937963187,0.010030368789353534,-292664.53189676924
5901,0.0008754707250510752,0.041072720313214975,0.020179353642240685,-1465999.886723437
5902,0.02722012467575041,0.011123116036626602,0.04208943809264386,-245342.33630008952
5903,0.03606031245363557,0.04766833140973991,0.023762593579984212,548367.3267587017
5904,0.04882825063804139,0.02554276964869493,0.031071104543138623,40715.45358800327
5905,0.033706371991084526,0.02448857278600874,0.028139009548446225,265787.48405743553
5906,0.0111653532350745,0.018118152906645413,0.03509966225461241,-453777.8663476193
5907,0.0019494480008967142,0.03502065599836375,0.015188782227124421,-1323313.766474573
5908,0.013591791818711108,0.03467442321763055,0.010747258136037814,-584393.0007250261
5909,0.04808417179446571,0.04953395168565358,0.022905020392572934,312559.01667284436
5910,0.020070916792114653,0.0039518728199366415,0.038910934189709055,-365447.59626696433
5911,0.008136199827311901,0.04665239302380405,0.04952963694776052,-80290.34904334623
5912,0.006120489004085578,0.034150294104635374,0.02329959957838636,-837147.4516767503
5913,0.027057292710525996,0.008978733982739096,0.03617604497224569,-202163.26604042188
5914,0.008330636048256002,0.04426499888718688,0.02269873071715804,-870282.1314726515
5915,0.031743404968377235,0.046089555352416454,0.03689697524012684,886559.3639855037
5916,0.02704239417249847,0.020133882392167998,0.02310675609968521,-43589.97843650915
5917,0.017083652980526966,0.04730919126262026,0.012642892207382446,-467963.78226129315
5918,0.02046731412984862,0.03891119623255379,0.018217083631303206,-378707.0882870771
5919,0.044330544821905966,0.012153632007352444,0.0015672420854701942,-413219.35823587177
5920,0.03143755561259344,0.025412672886756523,0.04665290399454113,587329.6442623684
5921,0.02115661629479809,0.006779512897909696,0.016487276862317497,-349363.66062918294
5922,0.019660590498021158,0.029156590691290243,0.013725024554458799,-480463.83645248413
5923,0.027515666008690255,0.045402293278298186,0.021186517489928676,159101.8894913427
5924,0.03257847469688156,0.011444929356289803,0.040066352252301124,-156430.71232081638
5925,0.013483531518002951,0.02899013967527784,0.015012373486634251,-741655.5832703136
5926,0.0033701175030923514,0.015983137028051538,0.010601533035567462,-1323145.3423065145
5927,0.044633688420131455,0.01330810573190716,0.0487211590884461,-257727.08959865308
5928,0.024617290586243262,0.01105324832838246,0.01956720665828478,-161265.0450122027
5929,0.009171555874879367,0.041684162692272694,0.005998463465323767,-849444.9327086578
5930,0.043676387574770666,0.002295852422604411,0.014980396576466649,-527425.0019798456
5931,0.0069943360121388415,0.03426327729603686,0.025616086549652053,-762498.7899251556
5932,0.04696697864239355,0.018309038054032455,0.002037454675024675,-555588.3412430292
5933,0.038082953159756676,0.02897503248378587,0.041371765262220694,298853.5005439857
5934,0.02130692860368041,0.036909058067822534,0.008553285307473407,-502168.39686389203
5935,0.04997632774159205,0.008682348743455448,0.0414900313829433,-309928.8281067121
5936,0.010621908448136309,0.039125399229708396,0.043062620851373655,20778.07089915429
5937,0.0438320453104884,0.023785922345658822,0.021440648655831302,-272537.24613456713
5938,0.04168955650653682,0.028974461147540705,0.031063841574426418,411348.4223150591
5939,0.011803356060431076,0.022307850710130334,0.01847244440333935,-792121.8002762697
5940,0.03326607795440171,0.009824164000959801,0.020287596336114433,-396728.46821145137
5941,0.042436602949907885,0.027322283854426616,0.044802198866240595,694623.3232607146
5942,0.011626372197834035,0.021995166829913478,0.025020811159755258,-837666.7701516172
5943,0.020028370365309318,0.03422467811737652,0.007435990579673518,-427269.33020782744
5944,0.025970019508592887,0.0069386175238004616,0.03145987443937774,-361771.23013487953
5945,0.041512406663723356,0.000999852334678203,0.022846811085196723,-557892.1512117514
5946,0.024635179590514762,0.03601271053265686,0.0037359965987517896,-663861.39074464
5947,0.020301039063504802,0.039274061558627796,0.026607228075543717,77231.56950350177
5948,0.03749230940566307,0.018200489013582906,0.046004384094292756,115616.43065855047
5949,0.0038672629109757443,0.004558220290139875,0.02642429524545232,-1242080.7980880446
5950,0.023541192451782628,0.03192337637324508,0.011452806736960903,-190641.00740464855
5951,0.01130141454884378,0.03745547838848519,0.014588260035233658,-426643.1516380441
5952,0.03636458675800011,0.03203534925397899,0.0041663576664586815,-523417.05734968453
5953,0.0355564819868037,0.04397576873029628,0.04083231286738112,993934.4486010883
5954,0.0004430932944887556,0.026985695306931193,0.04566686058867109,-1325615.3020444873
5955,0.02993628370995832,0.01451630353265508,0.00972723209998987,-345760.69809683686
5956,0.0342473764677481,0.03856269673564365,0.04562923824587002,867428.0775912546
5957,0.045285829176655266,0.0169640083057858,0.0301938465752892,-211381.22267368445
5958,0.005075959292949689,0.004723127508189873,0.0035734283400273292,-1327809.9599159898
5959,0.04635721230439561,0.007621621311374677,0.02411630992443143,-411681.50262456003
5960,0.021653618239720365,0.016238555481332722,0.026886532617571818,-335079.2488366716
5961,0.00013954452367943016,0.019007466915979872,0.023967203023482705,-1445837.9200657185
5962,0.04016521931026503,0.03504817146508227,0.04248809020089787,995661.2446571715
5963,0.01881491176325606,0.007045276389869426,0.020052823196652653,-451090.20451377524
5964,0.048152981696250374,0.010716379702863427,0.008737768148703163,-409968.0168998071
5965,0.047216863807953785,0.047496154240510645,0.007461842721495782,-360226.35976703704
5966,0.03847264307755996,0.021487125209288523,0.024610785800246084,200579.0291215053
5967,0.02493440732290731,0.048418578055917184,0.00923305571250443,-340796.09745352395
5968,0.038653186762640915,0.00028370541798041773,0.031430505345440285,-516428.0883350444
5969,0.03263389883495298,0.03768531047253439,0.04629811814030627,689596.6977023276
5970,0.03769175528278196,0.036607199291975444,0.012689375816048749,-376920.426382362
5971,0.04964198545857398,0.023420440546196294,0.020872505113961156,-369633.4302578712
5972,0.025093878663854676,0.019702822787684173,0.029681878561297725,-230824.16848794944
5973,0.01748122948925132,0.011997242447229795,0.046399745089786976,-206306.36773027503
5974,0.0463914239985406,0.024812270639034434,0.04810736719721517,108353.38933998579
5975,0.02078585799221787,0.019368943423330925,0.04584530678570872,276180.1088477813
5976,0.03164585015115869,0.03812586849984412,0.020637191578201066,136669.7687479919
5977,0.02035008322380076,0.004165185243905023,0.04833719423068866,-359845.85255534906
5978,0.011397948342105302,0.024713353181696554,0.005730513592303527,-830959.9155931732
5979,0.032347680667718315,0.019543772512388355,0.03838309370462138,175559.52353326004
5980,0.02641893272439825,0.006473965759246886,0.000537025429747301,-619147.7766529886
5981,0.010622434115015223,0.03621732474102279,0.04142570638004318,57324.587430127176
5982,0.017066751782980723,0.026796253561642724,0.012000664522927801,-571462.1855482528
5983,0.04402216204599804,0.0482603572954591,0.037647001186347,865029.9963921817
5984,0.004444336029591556,0.02185592903094595,0.049525284087498844,-956457.528860688
5985,0.011469241465663239,0.03352358350877394,0.04692817407138283,9651.179408547896
5986,0.03866016941316937,0.030443007783213946,0.02533525794477813,398152.3116947032
5987,0.04644071811685166,0.01973666835538477,0.04506344999422766,-69643.56094776372
5988,0.021552646450378538,0.0378272511879414,0.04578569496337384,672489.2978149973
5989,0.027532145431410977,0.015493992416712898,0.002549335982933715,-615995.940867348
5990,0.04046299817523876,0.031100496034670855,0.01315228239127479,-271327.5144690826
5991,0.043870582658079485,0.04601513818879007,0.0443583039756438,1282109.2818395896
5992,0.030075894917809178,0.04882908035846467,0.043740281560088405,935117.7412891447
5993,0.005213020247282968,0.04905529879796722,0.02744031863349254,-1012043.1118072602
5994,0.0460017951778986,0.038017071741634094,0.03237833376777093,453790.83708343783
5995,0.01633361908281818,0.0013515011792167076,0.013836812622104178,-757910.685553767
5996,0.03429101614367978,0.043155745343579,0.00011732985577397881,-587898.0874750465
5997,0.010398688689341113,0.03365338577010434,0.014181755216020315,-590389.082771775
5998,0.007085142702680775,0.0040968049111761605,0.0318939498412278,-856666.8216241932
5999,0.02974299085141724,0.042930678607483466,0.01574188336226324,-58059.29819688365
6000,0.006835930916777639,0.039957754434509225,0.049409296242616654,-418772.58326289797
6001,0.018019477030910936,0.043267480711996514,0.03812727353804312,492091.509291878
6002,0.045579264737937414,0.02121862382904647,0.005065075241191214,-681487.4632137074
6003,0.005917810318246436,0.03815992102290211,0.0431665919749184,-454215.9306577647
6004,0.022850837046852552,0.002978544461857297,0.0033353020179894832,-691763.7227514792
6005,0.029930017503121187,0.04593121751074851,0.019979175685295825,119460.66035970855
6006,0.032530990759957794,0.027100388447838575,0.044487892222603076,430123.1043042538
6007,0.041619380582111766,0.009967428008470187,0.033877154927985924,-518291.1410809493
6008,0.042375159290476916,0.04651246909062695,0.029496357026261102,964687.8463365952
6009,0.008795561758025833,0.02791160420422228,0.03329095058291753,-479602.1052685968
6010,0.013624453076003374,0.04865007410628449,0.011466312565403697,-622251.8703463598
6011,0.04556762608655192,0.021259037876232137,2.770824164519681e-05,-590783.6871803849
6012,0.02716445366749893,0.031414293295867333,0.043468167660414885,464430.4203041299
6013,0.027028161923513174,0.00470646910763658,0.046340677965313895,-284608.67210389895
6014,0.028267739546273665,0.01357655959860895,0.044942930824424694,77280.86094866834
6015,0.006045673618351716,0.004874141950668082,0.026750454690029086,-1116530.1092257306
6016,0.03124421139031048,0.02554795836957366,0.04644960235562162,323244.88091681217
6017,0.013141041736304877,0.04951175379380309,0.0009674667222993705,-688517.6827707302
6018,0.005926699733007634,0.009283815301370601,0.003978786352726332,-1225245.4946997447
6019,0.021910893321450728,0.04326860878560598,0.04103796634400653,609054.2648768182
6020,0.037237842802380856,0.0003704700967728847,0.04328530133781141,-533248.3238571109
6021,0.019824954597760742,0.036581887726193946,0.03634593422318643,277827.00550997717
6022,0.008876051360926807,0.0257697423792163,0.046309047947303714,-574608.2885003225
6023,0.013152431504093998,0.03575139240007674,0.047902551964693535,74657.94760242282
6024,0.01803155878146962,0.01938168363458261,0.02262812546042868,-290054.6955541791
6025,0.04045196208347219,0.02196423608680805,0.024312297800368768,67376.51854170726
6026,0.01111587448851386,0.04941725326760954,0.044617707698494914,127705.86550827147
6027,0.03001271565142288,0.04802800357299594,0.034349888337369,714109.5301480509
6028,0.04795528162595814,0.008076793336981487,0.011272870345154042,-574316.0487387071
6029,0.044259123181919706,0.02099371958133103,0.018557885205128407,-311854.20807886875
6030,0.03771676781920053,0.03151628300846798,0.017203579988362135,53556.29061130095
6031,0.019893029377636345,0.02041918791500771,0.006316566403452212,-535673.4248364728
6032,0.01147769647350892,0.02687651408012519,0.03909135761392498,-108960.40471549142
6033,0.020952414221461046,0.01916763997929796,0.03252580767652586,-234010.10192262434
6034,0.007862693194010645,0.019037516220855158,0.010406811809849693,-947042.177338078
6035,0.032582311716395744,0.00561820074580387,0.022391140980122144,-571101.2927296609
6036,0.029809102854620424,0.041683772143912015,0.03622756382130525,725914.8707489149
6037,0.04714315605069314,0.03399392036264727,0.017459481745008994,-167443.98527567982
6038,0.011586194125721101,0.002829120182942013,0.013879380835498329,-933362.6993540071
6039,0.006842434442335038,0.01846123888708409,0.035128906962630276,-575714.512621939
6040,0.034601701210657296,0.015908321468197102,0.0254276185308044,3963.103064517392
6041,0.010838578490089956,0.025148835926700915,0.02550409381150571,-815489.5018538943
6042,0.015064841945920095,0.012973389812029485,0.0489787231990841,-216819.94847006214
6043,0.026856175554937686,0.028103831578865802,0.00038970451840309453,-683862.1292417493
6044,0.009092039081772507,0.01783109809100114,0.048299037125938436,-652479.4878305021
6045,0.00876208671435288,0.015164485566343384,0.04950784968924896,-535792.8069686785
6046,0.024055432116794808,0.015920388773511325,0.031717946024341005,-108813.52239433085
6047,0.024815114225822194,0.0478724545820729,0.004159752399602263,-490862.0564483408
6048,0.039527396025883066,0.013954318923149252,0.04033346654951159,-356196.72102598834
6049,0.042386017029143325,0.042461142901169924,0.043334784944421105,1014993.667695534
6050,0.035906375339154535,0.007120207335743012,0.0025951296749388455,-631575.8014636785
6051,0.01703826218904289,0.024753492930553872,0.015131045036977632,-598892.077448413
6052,0.0371103466962798,0.03612217388839624,0.048596225055687226,895793.35997159
6053,0.020028654524970477,0.039286383040488176,0.037059998537015346,3670.1992965906275
6054,0.04943747586211469,0.03868076256046824,0.01417872653510311,-364564.69407597126
6055,0.0007636199563866964,0.04840830772393889,0.03580345219223735,-1072381.498674926
6056,0.04063033139679242,0.039662207721437616,0.03678805449965846,807374.419427978
6057,0.03757372342920877,0.04647290923869343,0.045705564096423686,1113794.960957172
6058,0.01896133729199915,0.0015480761816423938,0.0019340796748033352,-795572.9304425018
6059,0.022331918226173437,0.041748976495020365,0.04238056133077609,746152.5525468691
6060,0.020219479061496223,0.015080581267398363,0.025330072221577293,-293424.22106508136
6061,0.04162716034349688,0.0318248059838584,0.006990290682976741,-473435.9369777723
6062,0.018111697182927888,0.0277712957595769,0.0269131215643586,-384021.90013431484
6063,0.04153170100443537,0.04660858819203285,0.00502315470876279,-600288.3348354503
6064,0.011220379517294416,0.01960784553197108,0.014819904072551394,-428103.9784416793
6065,0.020414524747922144,0.0020360614307615987,0.00330066350814075,-707301.5781161581
6066,0.04191807389685372,0.0051290892055943504,0.04120375559973748,-367622.14023749804
6067,0.015325600090151754,0.01546116849444279,0.005037351406340357,-838469.1585786573
6068,0.0006631690741749352,0.017764430422269262,0.04176784531469916,-1267187.4375960974
6069,0.0459977732269031,0.0030792778065164787,0.0015454031902804367,-615989.9591405357
6070,0.007940031006516675,0.038314490434284795,0.010244138301173739,-952708.4001993065
6071,0.011540518719723298,0.04444713489456447,0.043747451937926736,123602.98086384397
6072,0.033514460971008436,0.008200689024073948,0.019057459482578594,-576305.4319580616
6073,0.011808870307955261,0.03359227909215644,0.03899655270903139,-355903.67154044635
6074,0.007106686100877779,0.044897791645350946,0.023141295359191835,-870190.2933614417
6075,0.03975029272474742,0.0025818804270981155,0.018029059350971884,-514775.5609143414
6076,0.0007390473848662594,0.035924236571782474,0.00397254851155926,-1542681.8051007707
6077,0.016914289551322226,0.03908743403194034,0.0374483239216457,298566.77675547596
6078,0.032014481018642134,0.034701031942069444,0.032561566255178635,383159.6376117045
6079,0.03206379795034152,0.017482732002069984,0.0014082852038427797,-758949.314130011
6080,0.022091292490789,0.0022729825795172356,0.023443369756182095,-526315.249768663
6081,0.023203948836487832,0.008936076863190963,0.03921308151845931,-213312.0658351584
6082,0.03521046709552156,0.027976977035047215,0.04629542900608437,814488.9191100966
6083,0.014359355660510543,0.013101611073249676,0.009171790777619449,-618076.7123331655
6084,0.027221989389084995,0.010267859134929025,0.04344477892008091,-62090.29796837176
6085,0.015215488524190197,0.024546550511803024,0.02647553824650812,-314741.97221421584
6086,0.015382327371774925,0.03692098105348441,0.03460364681168783,54675.271432515714
6087,0.03804055141106223,0.0302960234895497,0.02300911461299389,183949.65331607536
6088,0.022445854827125813,0.03582672808092328,0.018851762052775802,-17187.09970611629
6089,0.0218629890556093,0.00818355596110172,0.033981522816069004,-354211.851030708
6090,0.00384623746173966,0.04952560804402409,0.007186878858480784,-1313893.7153671156
6091,0.019148919805921316,0.011889031644914068,0.014532906299192079,-234616.17551215092
6092,0.01612266246520323,0.03591683195271895,0.008837463657722444,-536134.3901675352
6093,0.013192827108967,0.005060304513522207,0.016572999935703835,-877040.0936337205
6094,0.0470620871680261,0.019005449134166866,0.03886691520232663,-78511.67403657128
6095,0.02308519690000471,0.02247998421560158,0.041198547200170736,224970.72449331137
6096,0.0013409726786887234,0.043244324960474,0.0242604225800093,-1321669.7531888105
6097,0.017556359259202958,0.045341747547945045,0.01699296758867677,-50491.47058965173
6098,0.04888486775430981,0.04681782496414774,0.0133961606108371,-282675.6709742301
6099,0.017030135991184078,0.04060837730085257,0.009780504113236322,-638701.5853343653
6100,0.03659757820357612,0.006457557350426163,0.0102802763372983,-574278.3594556231
6101,0.025025290479433387,0.037294086340821146,0.03697143217755912,253915.9642590541
6102,0.03044611361233726,0.013605633694795295,0.020768893207170975,-111982.0539386944
6103,0.012310713329208018,0.013850871252039843,0.016161201034928307,-672334.5871326898
6104,0.029942385551676123,0.01037974442755829,0.0021284759592048786,-639021.9932668587
6105,0.03462273258995814,0.0010903200302910144,0.048539240892953424,-528353.9155704714
6106,0.017514275512333533,0.0003290686159591327,0.04422926557072603,-410710.50036582525
6107,0.029990226666841396,0.040869614742050336,0.021751235781798273,318651.5477836799
6108,0.01770909415069667,0.03275947215239652,0.020300043744556424,-132972.92346557192
6109,0.02781042990104607,0.013891143905737197,0.016632270336538753,-223772.840988396
6110,0.004109538161086068,0.039068599335918275,0.017442541348694857,-1198745.137932756
6111,0.04874995727155623,0.012987941205939591,0.023752634013476288,-521697.47630671324
6112,0.015276610026919558,0.03469626874578369,0.040418295981021035,277254.35908285575
6113,0.02435053652589388,0.0183463778703106,0.03723756595319232,-107290.95470532987
6114,0.009572752203201263,0.029973316910606604,0.03668122301364598,-460654.1919383322
6115,0.013463480568953634,0.03278496700570097,0.03676130725434631,-18030.941318276153
6116,0.005870831474203625,0.01619537421695849,0.02031530239670942,-1015776.1706632312
6117,0.038797869852994896,0.028375256645627,0.022478073656845527,72531.61982703311
6118,0.015938622433544804,0.00020306836124418527,0.0010110045481793507,-778641.8115859192
6119,0.012022311286812932,0.005834530291754631,0.0059793298513887705,-725672.4824436906
6120,0.030136981203322318,0.03027276616100973,0.0022386054718671502,-533590.3104252564
6121,0.029696762590020666,0.007290929701685079,0.01886128674036197,-277922.4823493358
6122,0.04948419298337912,0.026100268161022445,0.0017094006681172558,-610010.7515462716
6123,0.017382910083960413,0.03354490794183831,0.011229894231754502,-322458.88051769685
6124,0.04822246184792882,0.021264684894545777,0.0010543653371355266,-681384.2132002362
6125,0.027028308230647943,0.033809481217626856,0.022799558852586783,164982.04685807778
6126,0.04640854198869331,0.04509660837328032,0.0069480036576378915,-394725.2187671356
6127,0.003997408367222843,0.01561544987153951,0.030406633113384325,-1180274.9873156217
6128,0.03007976571576698,0.013582154986251161,0.04755502733885003,-106647.32800635228
6129,0.015366585835776703,0.040209971805057816,0.041599009029235086,278701.26972407673
6130,0.004921750946367126,0.011627645609042598,0.010759575397512183,-1229633.0675312723
6131,0.04598256583873998,0.01755524619694676,0.04182356666957537,107127.48603944121
6132,0.02390090010886375,0.02286095220970102,0.04517106787966221,190230.989653471
6133,0.022045070359721353,0.03724259586154632,0.02121887508951836,-143928.6052315535
6134,0.00509348682881563,0.002654739724872407,0.010412008848934895,-1511191.4323988238
6135,0.036113401811355195,0.018682486005024736,0.02270537906937627,-113120.26435851642
6136,0.005093819925877413,0.031151879989402977,0.040172410520097596,-862152.2500582888
6137,0.0312341622002181,0.049230704091265315,0.0008170695756235581,-573230.9119252965
6138,0.000783491362526062,0.025000280155752015,0.013320402943852838,-1220316.1330718198
6139,0.034325520267550196,0.03966050767765662,0.005121795439149985,-649181.2687212726
6140,0.045866910137311784,0.0014961468903050557,0.03442019638972484,-587400.2848481676
6141,0.019225038312864456,0.033371960640494115,0.004881816080544827,-637494.445865677
6142,0.046854015971939444,0.046870416992000924,0.025970040708805587,188418.9587300916
6143,0.02547922670325723,0.03174040939068522,0.029003447527376887,16206.700952516205
6144,0.027177328341375567,0.02945955744429666,0.04293150860893347,576790.5905288969
6145,0.030553338979039214,0.009791717739837237,0.04569560201896042,-229432.46240765322
6146,0.01079803092914229,0.008258084739551242,0.04985289145319307,-621301.4747139841
6147,0.010670834722651413,0.005004667932970369,0.02810036054346503,-912437.2204709622
6148,0.04135968718374966,0.0030375359931651084,0.024505208760913666,-460484.7091981389
6149,0.0034251170228494555,0.02143455589446415,0.01719800643851625,-1371529.2970092797
6150,0.006856470906652823,0.046551051171510795,0.03174434897261819,-564104.8990193364
6151,0.042152815028910356,0.045297226459075496,0.04650926654942438,1242918.8393307272
6152,0.03740573081846894,0.015347415761709865,0.04144663094276768,-120211.52289271182
6153,0.026009145574103495,0.013582696091338525,0.01928869049969599,-80549.69136545077
6154,0.01506117653865543,0.02331020200015137,0.03906675690604561,39036.78936716818
6155,0.024243367092126673,0.013392928904549073,0.0043701537339515375,-638818.9203725251
6156,0.04278780435647994,0.020868430338817235,0.02209612726873089,-293752.66958031803
6157,0.03818607851162859,0.042486324793240486,0.025557245398733525,177039.1770803835
6158,0.031618391690429355,0.011957835026949177,0.04675339727830132,-167552.22312332512
6159,0.028396063403087098,0.03598024452475965,0.00571065271762854,-526159.1663148074
6160,0.03184604761788583,0.018447489120176658,0.022503148758924504,3956.8072847543453
6161,0.03410810161712014,0.039816377160422245,0.017468261916751587,-127669.5483016831
6162,0.04366184261173154,0.010949515209584754,0.028144911663130906,-176367.225914466
6163,0.00756327401673696,0.01446248861971935,0.04477057346986297,-796093.1719740654
6164,0.0005778388037477322,0.04578055943227235,0.016420101695693006,-1356472.2007398112
6165,0.0347897709938542,0.00458591472170839,0.032063573116832084,-420892.1826124232
6166,0.04547306398825943,0.027760096269999153,0.018106074914173792,-434122.1956600644
6167,0.039678881004809693,0.035636271218579645,0.005884628046096824,-475191.1873938171
6168,0.03328507684383183,0.03323279230424398,0.0375960583679849,519539.6804899863
6169,0.015815343257012827,0.0200638990820398,0.04800190282679059,93415.2817615271
6170,0.02867284603888964,0.02542524885490723,0.04934248461010488,649017.4075090952
6171,0.011477881594802786,0.019896845502940987,0.03799417807978945,-136036.71853221132
6172,0.03565502906430223,0.04833503215379411,0.03271501704015421,681239.847746106
6173,0.015654748662434298,0.019882598352733746,0.004485646200839494,-727828.0816580103
6174,0.04618601291610399,0.0064334011373096195,0.027285186203822382,-460048.09540530853
6175,0.020069756230873398,0.006711180651636873,0.014649612681239904,-518808.860292104
6176,0.03167845079520625,0.001562574555543289,0.04829947666756464,-382396.37110395514
6177,0.04545478089850253,0.004230072316325151,0.043417677417694506,-239171.50000328108
6178,0.016428560927412347,0.00337522242628871,0.015305641714594781,-891258.7754812478
6179,0.040444374710864255,0.033291572608396124,0.011927980033519437,-575087.1408057525
6180,0.03595882382851209,0.035391055725526956,0.037143068175347196,624893.5044265275
6181,0.027032833383186985,0.040947282606035154,0.03206811089784567,527349.6005801142
6182,0.006269960487219623,0.04051279938776675,0.016188405252223325,-788854.5035759179
6183,0.03525173590986468,0.03375658530459029,0.0167956260518355,-89412.03081865603
6184,0.008084182924434108,0.03474790439701788,0.0424511676539705,-257776.61528318533
6185,0.041911565846726756,0.0313252420933183,0.011370363486739239,-353533.7309110565
6186,0.015810498365147557,0.03773138404696883,0.02054269648534639,3833.604100648809
6187,0.03662487092340903,0.015472499629656284,0.0003159123268365982,-546467.9144176266
6188,0.030174503232816216,0.030045817755270033,0.03137773413899983,27616.748739329425
6189,0.013409281788424094,0.04055354751557945,0.02437334194151827,-509476.6735346439
6190,0.03811939544924236,0.030554673218813236,0.020803540740116033,248369.80343877772
6191,0.0339813423320306,0.02874886780060278,0.025535556669894367,235577.762289485
6192,0.03242802629596535,0.004296948818346469,0.045513054467771444,-546014.0118136455
6193,0.01675410230411802,0.011234648179351471,0.038589817883808906,-597699.6276486374
6194,0.011561094354625913,0.049788481160053,0.02102462707817215,-546771.6375969264
6195,0.014831220433157167,0.0031032536313036763,0.002090208868191007,-801706.4240050843
6196,0.004757028057018398,0.00025164144060559334,0.016354498970297015,-1209194.2216234365
6197,0.015522720005040298,0.02150458727192946,0.011646146162054906,-541187.660819599
6198,0.0031370578972059917,0.0035581263976474375,0.009107318765259149,-1323145.346571328
6199,0.015829476343455735,0.007399602510775616,0.01825589118072147,-530734.6746061502
6200,0.04611100766810991,0.01308015047648084,0.008419965850632344,-405650.46180691605
6201,0.03323881265011159,0.024544051898034932,0.002362700790462857,-517052.220039371
6202,0.03939036655831944,0.035767148592688806,0.04886491808701707,904022.4109472056
6203,0.04691533097811479,0.029212414681262202,0.03430106467903063,611722.2935818126
6204,0.020475341199341357,0.04442335932645233,0.027640441259967397,528000.3744220508
6205,0.016277566316752274,0.00047457459547912696,0.02932248824884999,-742644.172103316
6206,0.026271694525744727,0.040593858893155164,0.00935023131533182,-201349.70745273263
6207,0.040770063392367065,0.0007641805127781787,0.02936566888498662,-413139.97190678003
6208,0.019842620062244055,0.01657602606711959,0.02166479835833603,-144527.78281244222
6209,0.011179574309953633,0.009171282654998758,0.040255344200072485,-613933.4672340414
6210,0.011387915011532369,0.0368485997248183,0.035568027222131614,-14123.055368723852
6211,0.0016700207853501238,0.044053621009377264,0.03946775650466902,-997233.6529969106
6212,0.03980336247116922,0.04045955261095135,0.02912766145375319,611290.1823849335
6213,0.04966904334438811,0.008957607023872756,0.0036167965470837397,-550626.8612974887
6214,0.035208373618971105,0.014696861869784313,0.03041166119650264,-199896.6340282511
6215,0.019585080646942133,0.016676207925050174,0.04466243122974362,-151106.33412260129
6216,0.007102172930596596,0.009449282719682456,0.03339204264350403,-773804.1957482027
6217,0.039130050638256496,0.04161072459924608,0.011557485817112596,-273724.6103777414
6218,0.0441056709144727,0.030477532821227768,0.041160920945702166,784781.8824651184
6219,0.0034260970101609835,0.017844716799271076,0.026243199224533442,-1254251.247123397
6220,0.028847851629114296,0.004953577703685309,0.026932912230108776,-632017.7451345935
6221,0.03327432165465123,0.018079754288233635,0.02503696221403154,131222.81395235882
6222,0.014628321082202994,0.043525013593599275,0.02996033033450132,96762.12517336044
6223,0.027563694806794787,0.04721787129388551,0.033246576183005465,902090.832870895
6224,0.013991172076971405,0.03208765405969746,0.04808117283266108,250470.9645941154
6225,0.0011779127963649273,0.03132955035054971,0.007841748044322467,-1536178.1865603325
6226,0.040822975553319464,0.032034226482062854,0.04684947464847833,834757.5120185793
6227,0.033478893104871496,0.0008609446578822345,0.025517692220041716,-724637.9690044138
6228,0.04518340318080777,0.011615150208566455,0.004144820208994243,-564051.2489014345
6229,0.03599439346109209,0.025125428346955997,0.0023797630697350806,-476260.7929705849
6230,0.013995761621971204,0.016337432382154765,0.0333930738993751,-753788.7553974864
6231,0.023580011035538306,0.024359516328054262,0.04033018497972887,27045.228458328053
6232,0.013920854925073157,0.03362863707876545,0.01837786524143625,-426928.809426115
6233,0.020918502377330218,0.027795120658538043,0.03478234024011461,268034.5997878698
6234,0.047259763044968726,0.013450558127913648,0.00518726098210377,-359413.5307254212
6235,0.021439596133630185,0.027335799940883643,0.011400180201961159,-342061.02872023964
6236,0.0445247886982376,0.03994235079397785,0.024683195672109692,216762.48270517035
6237,0.022503196651779436,0.0020370628352306243,0.026844486638813822,-577837.9026322743
6238,0.029787354771194364,0.044581589072622496,0.025054903287324112,751417.8786573756
6239,0.007868871133906464,0.009002845061167447,0.007993370926171545,-1071479.3627852942
6240,0.04692674370277806,0.039669462868020366,0.041238306316002685,878275.4839878725
6241,0.0420216759405227,0.004781732129496264,0.0351088428090806,-420320.9523563115
6242,0.035216835626101256,0.011241085396537249,0.024533288511961873,-282256.08907788293
6243,0.03312154420592424,0.04486682184563153,0.0055212755464991775,-397327.5226309103
6244,0.044609657700331755,0.046120748329691964,0.04618049174120237,1282188.9926260454
6245,0.0002417446052589145,0.011049938637740942,0.03456226180126856,-1274326.9172210414
6246,0.016086989049413882,0.003054164575793139,0.038147104027463546,-545654.4561347191
6247,0.001429609623254341,0.022301066396607196,0.04737880453777446,-1275151.9461740898
6248,0.02201164131820424,0.045594364270140325,0.020450212296461025,-89274.79271127148
6249,0.017334305455097978,0.005369140129951173,0.01790454545135996,-410907.5631364116
6250,0.016849324501090324,0.04232755929884925,0.045995758710799306,746084.0712131978
6251,0.0010965042876664945,0.004912820527350037,0.03216142335450916,-1563446.931547021
6252,0.02423714440452472,0.014843931752354801,0.0129953529858164,-539096.4334726041
6253,0.011233729475930994,0.026272543462906858,0.0008739968243580032,-723997.0597121854
6254,0.0369442188234479,0.015019400394536553,0.02134157256177853,-282584.1696869125
6255,0.026352609892102932,0.01056798013638245,0.044185132371185105,-227953.43077812486
6256,0.034104662758913364,0.043514817103483316,0.023772530263211734,611750.6181628946
6257,0.021623022899470486,0.01185712842545708,0.027242018060372963,-407427.43529399694
6258,0.029658178665895332,0.020996168852091865,0.0072691280156319486,-696268.0374395978
6259,0.013655223114780159,0.0007125754758683378,0.01595693839089571,-1050987.6294661956
6260,0.029037948831210338,0.04778555489185026,0.008894839819471428,-347785.2249432177
6261,0.0027732265263739845,0.014815564393573106,0.007839884908430156,-1216586.9066876376
6262,0.03477594984470281,0.0002874582263332815,0.04904335461364398,-630983.5312816163
6263,0.04278333376311755,0.024533529603768936,0.04604711099034535,349172.45227602933
6264,0.031402966632863856,0.049688243834458475,0.01391531007047337,-183965.52920165457
6265,0.04984530713087568,0.009012364606103612,0.017670918381952016,-365630.97393151326
6266,0.04676620401700473,0.018527114262685922,0.01049181885349333,-625764.8634361547
6267,0.0029743552736614556,0.007447910486105347,0.01776117201605929,-1407836.1516350834
6268,0.021061602623435444,0.027122556721011982,0.04067939972635903,190814.6922613988
6269,0.0006707424909192073,0.042055806561528845,0.02886246715115546,-1249499.8248913034
6270,0.037823902914225105,0.037848961035376216,0.04516013396536428,1042532.2197986139
6271,0.004669010441717409,0.028575764417820244,0.04545147641974104,-814718.8905421721
6272,0.03596031570191096,0.004829245574826896,0.030698215543987845,-343588.76295748237
6273,0.03999404546004723,0.01374308931528494,0.03162466175083569,-209479.22344809317
6274,0.04202061106970721,0.02619334779540773,0.009709360042271282,-454394.55279680854
6275,0.027484106105837208,0.029400196657747426,0.02014263861170299,-7617.118630201763
6276,0.03398083122637986,0.02166664473441972,0.043870254382723704,154485.62080317736
6277,0.0395812733756091,0.040238593292457506,0.026303835263664272,616775.4416809059
6278,0.00981739102953353,0.036221090955416584,0.003446067578971579,-812520.5306031494
6279,0.02587874680764936,0.002648954074075871,0.026420934367850587,-557102.0668447495
6280,0.03429610845644526,0.020959912320964925,0.02084515832771603,69719.43050189684
6281,0.0061396925137080175,0.01509248026491798,0.02221368602925033,-1069186.32122227
6282,0.0431781069315113,0.044898995116953826,0.04767900510037927,1278645.9173805052
6283,0.005013184856334019,0.01481054056344438,0.023145645937667398,-1174383.5214526078
6284,0.03208719121950262,0.035139924479974674,0.039300814430945824,534155.1221191512
6285,0.024793690503007695,0.027829213331344745,0.04802853445257724,539492.1188278777
6286,0.012001413989484795,0.04018798714420874,0.03559090171787272,34053.79857573519
6287,0.007004491836405308,0.046324584635905226,0.04276780780632242,-155630.5557467366
6288,0.038975232644836315,0.006338679187677965,0.006983526554642522,-711320.5297138792
6289,0.03415992290992872,0.005363500758954937,0.005665780295141454,-567960.5438742399
6290,0.020013973347705456,0.0002688944387810921,0.03607417014079974,-637834.0128920336
6291,0.02701034965874133,0.0039087074607325415,0.02717913742311713,-365016.71545771725
6292,0.002704393643846398,0.00353480529991162,0.0242733095075727,-1256590.8892259519
6293,0.02499116252578226,0.016949738644660168,0.031088572915591584,128622.7492875444
6294,0.019367920132739552,0.02934802895064937,0.01748924686998171,-378604.5968949976
6295,0.03574834823294878,0.02896430587297838,0.008002177342111378,-499253.3799393186
6296,0.034313442758885995,0.03919679612667293,0.003293703397804132,-568917.6993889976
6297,0.03049802976503048,0.03952148280065362,0.005732644888930172,-455750.7453211432
6298,0.04508262098675156,0.020739939312637803,0.03689199105493591,-118761.32685669894
6299,0.04495249234146337,0.04948185754351416,0.02919625320156449,830368.1486095916
6300,0.03521369642515771,0.012584983705870995,0.014502318609269338,-368743.53852933284
6301,0.042538471345129746,0.019912195182616978,0.041121697721401895,97642.87104316824
6302,0.0025298407269226386,0.010912671089645621,0.008504704448507644,-1560756.9042500479
6303,0.02635337348512287,0.004026527377831479,0.017193521871065404,-495431.62350296276
6304,0.04931225549252982,0.039710856835018606,0.03802957064599807,763756.7016776018
6305,0.006755734972027139,0.018227955329100664,0.0340293985643627,-710626.5822959217
6306,0.0010812618621698134,0.021698824548806374,0.04642948946113872,-1300468.3608565398
6307,0.004116990344980392,0.04531296693530002,0.009726081226051803,-1299456.7587708929
6308,0.009455361167206562,0.009771797938177158,0.04656280411516058,-595805.2173790146
6309,0.030187249719683135,0.03753944726484365,0.018320380304233577,247453.71666488165
6310,0.04366254679865559,0.029096856795746875,0.029991746660327057,366153.8590643233
6311,0.037616052603906866,0.038682131166958095,0.0340931785793145,822030.3249010877
6312,0.005945496679793766,0.043336329636661244,0.013044955804263188,-1113648.465157068
6313,0.04980970791714598,0.019275396588429663,0.005999864879946382,-287503.0437254488
6314,0.01580432512945979,0.028676712180034866,0.019572311910120994,-281019.4288748004
6315,0.041434084448461056,0.03411031477102382,0.010672528280204192,-325401.041884352
6316,0.02694266524816477,0.03937660000991172,0.044561687577628226,793810.6960247989
6317,0.019747216745402082,0.04622323600757195,0.0017984729809735701,-678098.0913887499
6318,0.033834560108988415,0.03909923724210957,0.021257069032102772,-4832.535535898904
6319,0.0005487237959412972,0.03435175801347386,0.01712821212689955,-1644754.969522937
6320,0.0075906477346256995,0.007855438825790517,0.03845820279156606,-709903.6244398294
6321,0.009369471210622038,0.024204914907108327,0.048519467982827934,-680905.8965144848
6322,0.037940934893417086,0.027359682435736672,0.026413767631209985,397930.6201534047
6323,0.008366372077330852,0.022321178750763695,0.007244982695316771,-1033590.5385966438
6324,0.004179105761552177,0.0054568617979617266,0.03033055783258891,-1060603.8928727624
6325,0.009677649138092815,0.007467275749554192,0.04335654810484937,-959888.037390332
6326,0.006100648161722644,0.035281755695439954,0.020850013107369825,-992248.8885440284
6327,0.02895398688824797,0.0011677707248504143,9.619758289391989e-07,-702275.1971442224
6328,0.040862427200946225,0.023772057925488317,0.0035653468224596365,-721265.8643566429
6329,0.017172805159527415,0.02531772181253928,0.006774673842349988,-427113.1532532541
6330,0.027316897488876887,0.02643753599186321,0.030141758317211293,282315.33825982723
6331,0.04051309026277193,0.020638940669343093,0.044428001423003564,235681.69079688567
6332,0.023733687645496906,0.02285744821071564,0.03278428492019897,169018.01185177328
6333,0.030876060766239184,0.0005717469379463048,0.049121529511209745,-612727.6139222365
6334,0.0471346793072234,0.01406429712482779,0.027929167008287598,-401151.90397298
6335,0.038524258679482476,0.046023391204897915,0.029295332006224972,390560.6547283122
6336,0.000947006646909121,0.034033897376862264,0.004653903444951946,-1509067.3178369931
6337,0.03355888867688,0.02937138010153169,0.03203348139574049,333715.9387355272
6338,0.00946288494927004,0.024680493140597816,0.030897839723336436,-501468.1768875445
6339,0.01501464557070814,0.009081163071174887,0.011134036944314958,-973914.5357970456
6340,0.04290083345548897,0.023227176014750037,0.03305366884882768,108781.50085534476
6341,0.025744443207449758,0.041706362593704104,0.02542474335736431,319274.79098342237
6342,0.004666265646081536,0.009899234676657653,0.0006632707586010589,-1301491.015592613
6343,0.04157621415298638,0.03316364166538422,0.03796009590608328,529275.5627303378
6344,0.035751011734812536,0.041223984436834865,0.049348475155862645,1107416.782829693
6345,0.03267356649552865,0.012613280148021933,0.005069502110492208,-610425.2884497674
6346,0.029487396419732626,0.03853785306404064,0.028078585710063983,365477.43830379547
6347,0.015177738402747477,0.0359867423952868,0.02239862480348323,-294156.2456513731
6348,0.014329455064616215,0.04205422440122056,0.02882593905591035,-65008.23319725231
6349,0.014172399894314498,0.01643021671594594,0.02858325576923806,-521467.49942257616
6350,0.021146179699597614,0.008025955906720056,0.030523496619603997,-363615.21260966593
6351,0.03445550330261227,5.4398141717260096e-06,0.026843465804669134,-680364.8169950317
6352,0.028858073994128344,0.016603202711448408,0.01693656295190669,-203529.20208487916
6353,0.01588294411646604,0.022266403416399294,0.040596993942964996,-156354.55018848449
6354,0.023451303354646437,0.04968243533405304,0.01880793373834165,120015.08905784384
6355,0.03496311280836526,0.027448283569538174,0.03811443105612769,624306.268152477
6356,0.044418228450488165,0.025584164656015873,0.024723960458932315,110857.48490895297
6357,0.047135951494676,0.04668297863150069,0.04984983647966137,1341587.1809879749
6358,0.007823795764389746,0.00017843618176387467,0.02186551510365521,-1072389.4397808542
6359,0.0366670081680024,0.003642800506439992,0.018680081608669293,-537789.5620033912
6360,0.029072973839380113,0.010627371252558289,0.03655709988891181,-80564.81177810772
6361,0.011476882748787566,0.04203360076069093,0.01741366688389785,-558936.7321434056
6362,0.02993242236985552,0.027207700355000298,0.01482233582388019,-129006.4548667732
6363,0.021953581190467808,0.04229865459460966,0.027417214281294858,405669.5703780136
6364,0.0027793480413668917,0.0356516145460662,0.009122624889809684,-1193658.1177423806
6365,0.02430313817534239,0.02342694403535564,0.024324346427513934,-455275.82670318225
6366,0.0015507003162996968,0.013619425960071247,0.0025367736359447283,-1509129.8703587288
6367,0.02074783513104458,0.031066836364310776,0.032703706285464214,-77522.12968749653
6368,0.0032274001829762757,0.0059444552482469494,0.03307533893314352,-1440752.3451063263
6369,0.026559382477669875,0.0416706004114287,0.010257108360717094,-304531.7697779889
6370,0.0060171143788191606,0.018101207306867352,0.03185335674966358,-973499.9562378292
6371,0.02429836206776767,0.0049296633048949495,0.0035646044463212125,-711279.1245661139
6372,0.033884681357942835,0.014848410570836175,0.03347412355085978,97158.1367145958
6373,0.014745744153832797,0.015739710592177127,0.010490736570667437,-845230.6064053997
6374,0.04918584807615322,0.0008035145046780379,0.006362621693081744,-528749.0125365894
6375,0.041814509047086806,0.0069080867030260566,0.01403484459705366,-570278.230613748
6376,0.013139248413882955,0.03484927911289408,0.020560058901991203,-275213.34888562036
6377,0.042029391131549465,0.0373713597869537,0.026555066560390812,455702.28902612784
6378,0.012453088780953714,0.03962094047680158,0.04329952770472534,104595.92416801993
6379,0.04181412555543025,0.002585688380575102,0.03489793414277199,-462362.5948083435
6380,0.03519693181410385,0.047153776994808556,0.013173918336451674,-349677.30330518074
6381,0.03931734147549628,0.03445482500811566,0.04393634855944331,778371.072450761
6382,0.03466540151570616,0.04262272683667227,0.01797876735184973,274239.71968671435
6383,0.007881221036605119,0.018167601732296212,0.040752584442262235,-750634.8265468723
6384,0.0065824988839311375,0.03189725896475389,0.04937780275923154,-602316.2105109488
6385,0.04475074378977721,0.03355916641644751,0.0396315163414081,547899.7895416075
6386,0.005823822703281085,0.024941688125678492,0.026595621163649576,-1080790.0564564464
6387,0.03913478798129616,0.014129667285578296,0.005324264322086348,-607234.772022064
6388,0.03490569212935835,0.02462970647856652,0.04211470298593582,492252.6205083581
6389,0.024074484676934245,0.04231353895941645,0.025391750090920952,366210.23098821717
6390,0.03913492549114572,0.03603725894598833,0.013304127019006535,-155494.05819212983
6391,0.01546991625435204,0.04495977612596147,0.011550356381500216,-261971.41496768795
6392,0.03487502781304708,0.007256006599865234,0.03775791856246209,-490120.54275374126
6393,0.011164492478966321,0.0297032686375658,0.028212174386851887,-478804.04089448
6394,0.010175712651675812,0.024570166056284495,0.04396240127214604,-544069.7913565013
6395,0.03402646740760132,0.0496327199549583,0.03922771304980984,1134769.1885783817
6396,0.03217277171515024,0.028160103207770903,0.046871432301436415,500125.74213614693
6397,0.026350671867626452,0.020133638531790978,0.04172467896845517,58912.36321280919
6398,0.047012220946017584,0.02394584459500856,0.00686192618063013,-458684.2802870985
6399,0.030418640910608443,0.037044113096453245,0.018681804159172016,14282.336337589397
6400,0.03739394287823162,0.026552567132114558,0.015067806520489807,-82552.52900397503
6401,0.03147606142214138,0.01944737827581924,0.03934127519776255,225179.45436175662
6402,0.0001540013958429287,0.040908905797665575,0.015328763876538011,-1650167.4736348947
6403,0.04798132817399903,0.03795824338121817,0.012052014238289456,-362070.9052455058
6404,0.048939957936574054,0.024979029599836083,0.026146189863229887,-317537.5973720016
6405,0.04547590670469327,0.04592015337408927,0.03484412521083165,918809.9159296177
6406,0.04892248197811269,0.01644351547937081,0.011616829220096643,-512508.95055412396
6407,0.0014628360723602796,0.017317246923889373,0.030131667165604243,-1337094.8675504958
6408,0.015268952495831534,0.02898101285660473,0.0024192876081933824,-801667.4706755307
6409,0.017704553232311553,0.03740024532403473,0.005216343009548353,-423360.2989967066
6410,0.035741872782775776,0.03816555565047445,0.02843807545584369,635767.487675869
6411,0.044304377653548485,0.04772817561128256,0.0017338741476855936,-394839.4832642426
6412,0.03395415120352704,0.011858725123676472,0.02040916545024138,-364408.2814562384
6413,0.03115771412548496,0.035613613516273825,0.042009546487063815,483780.14619433315
6414,0.03526934591417964,0.038869949693165554,0.02995355996797058,358443.3981613422
6415,0.005852954186081245,0.0010715157442646674,0.026489152446076466,-1152375.8607880017
6416,0.03577705239759,0.005443279422067838,0.021464797393780766,-422032.4464061097
6417,0.01280886983778224,0.028354652506845393,0.019525137621191402,-435476.15028251254
6418,0.01007337502170732,0.00021963568697223046,0.01607625476904653,-802182.6791601251
6419,0.025808107334315624,0.04646045415017296,0.011373800744316449,-165501.32679262577
6420,0.025612753298181662,0.028324826723717573,0.0324613828429493,289814.8198150162
6421,0.0164283175437226,0.004974090974498874,0.046067812009112113,-386942.0249793376
6422,0.04763777144267973,0.021911556912346038,0.029028748095892617,-164124.1991436309
6423,0.0014513196639658556,0.0023607820557587423,0.003833370791329094,-1339351.3209333408
6424,0.03693731574244605,0.01136172455446749,0.009222361148718923,-597553.0572781321
6425,0.00041676663783921656,0.0011448772136794406,0.020269187616749645,-1383376.3943659132
6426,0.027083896533859588,0.028952959088395982,0.02289555905904575,-107148.57223302174
6427,0.022978063607141913,0.03765710926331386,0.014478506730005876,-273591.2188240053
6428,0.011885890900446977,0.04271620940159154,0.034463190385804254,-278709.790163236
6429,0.023843322454143525,0.013770241276700353,0.0068290909789309245,-528314.6909919938
6430,0.0018710598374988231,0.042618267899562086,0.02966927506985957,-1053509.7603283974
6431,0.0022914746455939662,0.00792936989473772,0.013978213407661207,-1296557.3898891027
6432,0.0131535793856907,0.02741954946106345,0.019972181159343256,-328921.00861479354
6433,0.044110830213098334,0.03597053503039107,0.04553662846550398,939450.8049594044
6434,0.04314093125797261,0.04606845667467278,0.04900057251443822,1470119.0477026373
6435,0.015584821902973129,0.010484030192682998,0.008257618110787157,-548604.2340109874
6436,0.03140442325078922,0.03404833490882002,0.004391874710532329,-631490.0775987603
6437,0.041053579836631715,0.039153326572154916,0.03142369666028944,623198.6831616038
6438,0.021780623973481673,0.007682864418799795,0.025279613546594356,-448996.87787301827
6439,0.007958464777074221,0.030248939254446678,0.015498236516153459,-946734.8823173174
6440,0.012365313115189841,0.02205256899774848,0.029035640012933236,-653847.3702146285
6441,0.018373203278568975,0.048180170056914384,0.0002948817962515116,-569126.6556181398
6442,0.045643050922383875,3.42024741318725e-05,0.0108355969331712,-599697.5603532695
6443,0.04981756124272811,0.03640476878568447,0.032224918585700424,349880.86171961814
6444,0.03630464404276986,0.020414809350968722,0.03921048656631463,247146.91001062264
6445,0.007743401645913978,0.0396946193697799,0.04697633399555474,-275013.35400188237
6446,0.04288434252532791,0.03698304766516966,0.032568865658083854,613793.5663923423
6447,0.026054608266081372,0.019761163976809406,0.043282679542991975,241679.30639178338
6448,0.03237292873240384,0.021745015695734938,0.03923958590571791,145821.24100927205
6449,0.0027051877019174057,0.04065596254664827,0.04053510863722301,-1038546.9191022459
6450,0.011426470666116012,0.0018835794955948282,0.035685397776489824,-790691.7364135488
6451,0.009993581421485804,0.04980108953605329,0.0004591222621331381,-1010023.6472937901
6452,0.011489599062449535,0.002103119863624886,0.039132786772510975,-581468.6879197371
6453,0.028934774608694664,0.04242172672729572,0.04813066853364637,1021923.1437139513
6454,0.030505743018770216,0.011587675180900599,0.004632472039880503,-640971.2342764522
6455,0.04331305224897502,0.012255662750929864,0.044675911234903866,-29947.363846341115
6456,0.04391437998071375,0.03139046061351301,0.03019979102875799,551428.4300625768
6457,0.0475413234263444,0.037800755089247434,0.034164088559028694,631568.8975881658
6458,0.02178703760092391,0.024199922286844186,0.019446054916583425,-191868.38428229664
6459,0.0473160510179965,0.031905960659663564,0.03901817938618889,632388.6112179105
6460,0.0018599867541275296,0.04262131510709215,0.02088191487222903,-1276701.5170606554
6461,0.03685801874080817,0.0020012657410387823,0.044693659164298245,-228357.73948217923
6462,0.032992279479959724,0.022875039543566362,0.015177904950505812,-134556.2098187263
6463,0.01555120712243589,0.015169906223819968,0.0065512926372576115,-684196.6898929368
6464,0.02319047690145385,0.02267431770670343,0.020596832964503372,-196300.89401625583
6465,0.035154711874230936,0.020990743133920877,0.004450185841681032,-633528.7534437719
6466,0.042602981115684405,0.0212550432573633,0.032764282714296496,181909.42879342963
6467,0.04649481773451431,0.03837075514329025,0.02693994355891019,252700.06316737478
6468,0.027251112858789547,0.04247655185457034,0.041181614654540316,548169.1112781871
6469,0.008932636606371192,0.03132505407592184,0.04328578292175557,-320072.6964215091
6470,0.040165371350453144,0.00623580081561464,0.02178464111683384,-300872.6823973984
6471,0.025911655230470138,0.012890477727641837,0.03397496927752074,-107504.65888220503
6472,0.02381132462806646,0.014875435432648283,0.016843226281705648,-491115.05177318474
6473,0.04283341775033231,0.04330999027421276,0.040618782870641884,1154715.6072410638
6474,0.04569344105914683,0.047615325434072944,0.024591395538995448,154697.84984826433
6475,0.004835181117483356,0.04000355036548944,0.031671596420331426,-785854.1389209138
6476,0.019025859511480083,0.04877665763119436,0.016934260135181824,-84275.65798653738
6477,0.0453816989333051,0.029629222402932105,0.0018320992037942352,-654646.0251194201
6478,0.0430167554040074,0.03811059876276505,0.0321243773164696,751061.6451782146
6479,0.03072935700384858,0.01094177463279515,0.010724306459967237,-554797.0097521526
6480,0.0014586214198396398,0.007706873152684552,0.01682406321482514,-1612439.720514883
6481,0.0270362448170915,0.006540427874886102,0.0278786090136684,-497139.64605539525
6482,0.013166006060589763,0.012698056247118096,0.04739721037031897,-502131.5055371844
6483,0.049617227191923366,0.04057192983004637,0.002719599036670084,-441717.8624970199
6484,0.03643158552718642,0.008921286589915884,0.028461065686044524,-378528.7658722553
6485,0.044685681460454416,0.019009781587207338,0.046442084253361646,111521.91883813226
6486,0.035418610866965634,0.01505059066788337,0.004745859943971998,-572995.7274203593
6487,0.04076756423841786,0.02290297042464977,0.003634674407998373,-529485.1087971755
6488,0.005156117856752601,0.048348069094774,0.012150097724778309,-999807.752977082
6489,0.048329558892868975,0.0340579789848952,0.015024555091433462,-395289.2270653719
6490,0.01918639371217394,0.03885192220540007,0.02177074894626979,223361.3363321182
6491,0.0037375388832143145,0.011490706478484347,0.04301724864986122,-1053354.9625488366
6492,0.034808706848907654,0.02505080555873831,0.012274783430780834,-305712.282360817
6493,0.023729530754499847,0.03944245288887573,0.004077159857108592,-506650.11818432075
6494,0.04973839093676109,0.04298812719294678,0.015898289142411464,-233504.30464884694
6495,0.04352883569411084,0.034085726495164816,0.033317721354966454,311880.4739872344
6496,0.006985488447211497,0.04529473203525694,0.02251708984606876,-904594.5407747065
6497,0.04016138791699083,0.014976189517970473,0.015400183280124897,-461086.79609704023
6498,0.04823445899909561,0.02483299623317165,0.0029945356691501116,-613028.8010871005
6499,0.041785332351602505,0.011361501117486933,0.04393768764045126,-303031.01512568875
6500,0.04582199389869123,0.0036383006619001568,0.029121461378719245,-606358.9998738336
6501,0.04907620527884232,0.04654598073229326,0.026262164302878335,110000.82916002657
6502,0.03402465976346178,0.030213101757953734,0.010162667311985146,-274569.78490727936
6503,0.032649878726078566,0.01665705917504066,0.01689859645979125,-183726.66247424023
6504,0.02099940804702609,0.042608844166885956,0.011917291288095377,-219672.48345891346
6505,0.012539583337271676,0.00036699568032760865,0.007750343445946811,-982185.320685819
6506,0.04893396437024683,0.021693497275323794,0.009758234615708922,-458774.91128929355
6507,0.04828409053784713,0.0013558934018471247,0.02420831933200316,-528901.9856278658
6508,0.04023010678137581,0.038641260230681915,0.009460863274790971,-316347.9649203374
6509,0.03538948366888824,0.031114430432292502,0.03376381080746334,457579.2559757369
6510,0.013305240781386835,0.04053671940158929,0.02796187546543674,-167816.3204659443
6511,0.03625390237526674,0.04697867549431822,0.04277486364452643,1075992.0926507106
6512,0.03911687352634701,0.014482437471563137,0.002704155632905875,-646700.7681801469
6513,0.028732223149470822,0.0017256526609695623,0.035709488710935613,-531447.3147828208
6514,0.03684108356481354,0.028145563061933027,0.008407595627067143,-624617.6812485539
6515,0.04378607172841883,0.0297960616002386,0.02574459750370549,316458.90543559083
6516,0.028379587977102733,0.004144354340681544,0.037021852736946324,-558499.5227018115
6517,0.0030387791944522014,0.028919407925795417,0.00846285435352272,-1427990.3569552926
6518,0.010385096948316698,0.011662712535391967,0.0007152819244229336,-1073916.8844459718
6519,0.04459194155568386,0.04021176357449287,0.0015643223833216092,-284218.5871228286
6520,0.0028493043999733405,0.039143842373834725,0.00034016437848505277,-1578987.1231250318
6521,0.02344994568540741,0.005364862714715402,0.029581611350927912,-232879.408902432
6522,0.04991702089422037,0.00860107577707408,0.04783419236796977,-208872.0554589353
6523,0.043273927196797256,0.04929274840718906,0.03830943168012593,1131658.7610034419
6524,0.042849712572656254,0.029729881978766293,0.043364204058725625,775173.4738972457
6525,0.00557561279397063,0.037082715218421276,0.03143617935005787,-769188.8904780401
6526,0.0029923241368932374,0.014579518567432559,0.010805340018625993,-1323896.905629186
6527,0.020258772539942523,0.00991766707618657,0.013741482207599255,-385893.164420717
6528,0.014801506762142303,0.029990544756226523,0.006743688003506831,-730067.1496085172
6529,0.0120550617361054,0.01585740304900494,0.022453396913803637,-941641.9341212398
6530,0.0019044316414991548,0.049960572603638065,0.015019600127601274,-1599033.1220169512
6531,0.01436724303678063,0.027743529329559383,0.04270160896610581,-109710.41234024132
6532,0.022840468403039868,0.012441960041987294,0.028293775159767717,-341895.21078662504
6533,0.02414712750128649,0.021153741351114794,0.04919414753921117,157895.71126338773
6534,0.04979751322342825,0.028097191422879694,0.0034001963535905456,-656809.3046327981
6535,0.028345879024144656,0.047623607419144266,0.04628462653473427,1177022.04352166
6536,0.010775042471566132,0.009505974101514221,0.007612792750578495,-925060.7738129876
6537,0.04098921747061737,0.024502752849473675,0.016902328532962287,-430098.20424562384
6538,0.01624035844198502,0.013770662147719393,0.04413098870572041,-484426.2902505707
6539,0.020483994637355257,0.012200886782094045,0.03552024030326392,-1575.3481873324754
6540,0.03177272784458992,0.03576827772970476,0.04109780572649325,449460.30834755965
6541,0.00506168572844597,9.943707250723577e-05,0.002528312057807708,-1541552.015365521
6542,0.03533966295744059,0.046724827012485676,0.016555269100818344,175925.3827571812
6543,0.03905970831972218,0.03645922554343347,0.04890307896429599,837045.5436534729
6544,0.023539654074485095,0.008303648364344695,0.03826157002938712,-314031.06398988765
6545,0.04094094320107197,0.03536500378524576,0.04315908366398896,681256.7190115965
6546,0.018559129165995225,0.034515750161177444,0.013192431958153101,-603557.5491231867
6547,0.02232200729699188,0.012124608457780912,0.007726683632407256,-697492.2518794591
6548,0.0017976624000994369,0.0335712129096167,0.043763654413870826,-978249.4418021141
6549,0.01572097171556342,0.02146176917238636,0.0001773474151286758,-792084.0734382009
6550,0.020642738626572444,0.014066105754104219,0.028710001506230067,-363424.81018233276
6551,0.04542585914255311,0.025307628456075627,0.03377663299514309,337098.32262194785
6552,0.035274141990281,0.007621595608737325,0.017328530390591308,-550003.2451629802
6553,0.005657277563249796,0.022037330189429518,0.04436428408048718,-800185.8917119076
6554,0.024046717536870682,0.02280764916094632,0.01046617728976258,-388496.3239127857
6555,0.015510864004352793,0.04682997862674542,0.015149766213102085,-399584.039418889
6556,0.036569329277500805,0.00210708324572379,0.006415698004724896,-628062.382189235
6557,0.01557389581524491,0.04507104306801127,0.010964582743952617,-518136.4907281679
6558,0.036337230504250397,0.008376223344984501,0.030642102305907082,-387837.9818878711
6559,0.02934141153756406,0.03109739505698362,0.014313826083126525,-175412.32569438056
6560,0.008105149847629145,0.044324287456852414,0.02847219687507412,-515394.36133443436
6561,0.010602158486046905,0.020666452659771767,0.0033545746462603446,-940562.0707236989
6562,0.023768805830118714,0.02119453880914844,0.006636311868669681,-538352.4925828218
6563,0.022218616759127164,0.031976616979635296,0.046424522236671234,587515.8761076293
6564,0.03515925969797623,0.025121764318487973,0.03850255589305712,233922.8879404651
6565,0.01399676406754228,0.033439079922244465,0.0002531083399237244,-805169.3897387285
6566,0.003627556522476272,0.03121328182308914,0.009627478719397987,-1391366.596709266
6567,0.03443647931323572,0.03183766322519103,0.003183337470396236,-428649.596798242
6568,0.019624833329733495,0.030650109915347792,0.035674081579167925,284021.4037285173
6569,0.04080420802633737,0.016522145083251293,0.04183580211273922,-238652.34808784883
6570,0.017712721300282213,0.0003493420600001518,0.030500294991850686,-794909.633377789
6571,0.012083429857896616,0.006219065099676385,0.012917890500240704,-831974.7324601014
6572,0.04139569990397027,0.0457000654130091,0.048084831193512055,1130055.5266268498
6573,0.01514151815001255,0.022796435409452483,0.040126305140409185,3727.886499013817
6574,0.01589513442535222,0.019257159315647327,0.011863724461482107,-574491.1827551313
6575,0.028618365967586292,0.032963334941265514,0.015921972754329824,-15391.824027132756
6576,0.0012115258255782136,0.036795390668498504,0.030829864467329517,-1252697.7833126225
6577,0.010949939280068039,0.01573238375828854,0.04785567946348387,-697612.0803649235
6578,0.0315101772504643,0.02977388781956923,0.03198453687317717,154975.81951925004
6579,0.04772222673968785,0.01699295367464974,0.014045798805257775,-550206.8060776211
6580,0.018837124013461222,0.040047454703861375,0.006047943719498794,-466497.34821246855
6581,0.010341234897634222,0.01141227562390994,0.03181886955935069,-861488.5582679069
6582,0.03207915123146192,0.018594319169532227,0.013809613627563022,-162984.52673513538
6583,0.03773259656597576,0.001586328347491467,0.03693688553740468,-550540.3236568699
6584,0.010513699718542891,0.04513885284739157,0.0206846622861266,-672441.9518354208
6585,0.032114845167122194,0.006048465488392102,0.012694220422522601,-700474.1734651298
6586,0.03503042971777801,0.02751777251661034,0.03852386904822788,402498.8040911564
6587,0.028170116988037598,0.02846655903661214,0.04291294908647177,436767.32645030576
6588,0.02123449586529204,0.0447522359828752,0.018610762402249948,114570.76886328898
6589,0.016429710338502376,0.03897106383698894,0.000577319974816426,-1021301.2743050221
6590,0.008609605991940194,0.003588286989389145,0.02560525465045792,-946233.1312162463
6591,0.0314035500664298,0.000518797293125356,0.008073177427016893,-605520.8051720392
6592,0.015127067929785283,0.014711316761430077,0.004856635844726148,-689190.8885495032
6593,0.008642372802526822,0.042352588048618564,0.03502905708070019,-295581.41880445584
6594,0.014804719133167332,0.013170373215804249,0.004009960107667593,-713748.4731307899
6595,0.01744529686989919,0.01990347573138307,0.045209082819372255,31153.534338146186
6596,0.037155785700760495,0.02395768871745037,0.006742863439503999,-697425.6383648029
6597,0.03280808245041646,0.046800615638552416,0.0039022426003676894,-426919.3343941503
6598,0.042430388393071415,0.009005727760957876,0.035064046715703096,-420969.74192378874
6599,0.009192801862170847,0.030000677744365198,0.011881229211461154,-646799.9864035982
6600,0.027084903107663646,0.030007893457283857,0.03092601625535717,347207.1681884395
6601,0.034139943890337296,0.003451478769247124,0.035169370191896844,-369472.33689081296
6602,0.007729886211770676,0.03385162265684633,0.006201880711870428,-846563.4326116195
6603,0.02397073552758777,0.019338421299090292,0.048367317832163366,86929.4401720816
6604,0.03154045828722283,0.004410295662565739,0.03504432307189807,-353578.3134144819
6605,0.009706919963949163,0.01430751813566783,0.018922152022232092,-903744.7297304829
6606,0.038811272015419965,0.04720404693931951,0.04621675884239919,1378167.3724692021
6607,0.00853418158970064,0.0030206738697289904,0.04142665096397559,-798238.1571787051
6608,0.014410913141575344,0.029141305191146046,0.04893137326181554,63441.06848485269
6609,0.009321100268603517,0.01874279459284275,0.0433799473073058,-657727.8512196939
6610,0.032499027353902074,0.04687765033764463,0.03158596574794168,708141.1501733692
6611,0.01517849840204087,0.04025543027612441,0.037963187746053895,334385.1861255816
6612,0.046680947053943184,0.023808346610651634,0.025141964356715486,-167829.4455057389
6613,0.01619115501808377,0.013437916725326666,0.04982639095706498,-172889.64664776126
6614,0.04886277581219472,0.0264823231500589,0.04775427911819183,213324.84907693462
6615,0.017807772380322124,0.04249971620373432,0.03174340789226677,275864.5763067951
6616,0.03585330570698322,0.03591014662021214,0.03179143250031317,429892.74907062267
6617,0.04261640056600563,0.01960066253286214,0.04245944754815448,-5494.034878430785
6618,0.00917075819602743,0.009997971010002844,0.035867161019600156,-418095.28729396546
6619,0.03750649451637937,0.04511505374337837,0.013734145240236396,-286165.01125290495
6620,0.0028034726193221283,0.02537358627034473,0.043767023268839626,-1133608.9733071509
6621,0.04857329268234267,0.042891314760236575,0.024497822483630263,-140913.20272731534
6622,0.043169111803551555,0.010698546193451798,0.04605848256174293,-132312.32949199053
6623,0.028342298050902368,0.01946817929010511,0.029082059108216086,174583.5855989764
6624,0.039200410493359754,0.012006075638238318,0.005093990138436794,-406157.451450948
6625,0.03665600518310907,0.04762344831664615,0.03184890459871198,558294.087724383
6626,0.007129172704511234,0.032169268472852834,0.005831604809044173,-946596.9639824217
6627,0.015176237650995595,0.0015798850599483218,0.024375081204395008,-847186.3853695262
6628,0.01606770927539506,0.004876094492269851,0.015451365114132587,-669479.4462147938
6629,0.03237850597080815,0.01445407777502354,0.007153605869646501,-634408.4600647704
6630,0.027239873251288932,0.03766136352932416,0.0415070678103229,560444.9617677565
6631,0.023604855655657193,0.03555362104618601,0.0416663874222051,472700.8125825505
6632,0.033644461528586286,0.026363570254165317,0.0029969683570451435,-636637.5523363028
6633,0.014501718729791335,0.01599075787228633,0.01975056254670396,-587174.612914174
6634,0.04754463516521565,0.010443767117642146,0.02707774555036469,-511691.60064802313
6635,0.04956090533471102,0.030939728039032905,0.010445536183909082,-416783.8044995332
6636,0.04800954658890538,0.016814633452690842,0.0023935354799315524,-541719.3254861566
6637,0.021568088372984018,0.012032784808752407,0.04094318865476726,-377730.42058658856
6638,0.010997791712362771,0.040992701111890635,0.001808550826740485,-995734.1171638216
6639,0.04645786589593948,0.002109676339250677,0.046926992199349586,-298013.53246142
6640,0.0036845637915748075,0.043629180127921156,0.0415666018824859,-678504.2195883811
6641,0.029721191880370514,0.0017993042032840468,0.03105714033848074,-468506.94565690495
6642,0.030892321041343002,0.02785987374885848,0.03157627857233604,280576.94199234404
6643,0.04840537016226468,0.04977536238284834,0.026024790332292,272191.84194795194
6644,0.004590031214461776,0.006698452182258896,0.03601754396700076,-1092803.8426202266
6645,0.04909817936115329,0.021802761186597387,0.0049019372955824425,-456620.59399180685
6646,0.017652227625247426,0.019250513856026122,0.04982976669426324,343345.43123324093
6647,0.034329167664719364,0.005893304303537322,0.01685383584712079,-513878.23385677236
6648,0.0024279356249462926,0.03265302540557247,0.033636963443853335,-977416.4942758065
6649,0.002874837253695667,0.016775997064938132,0.04514191834685063,-1115123.9384340353
6650,0.04134080150374022,0.02871062849056081,0.024231168023730182,91224.78081475683
6651,0.04964259560334964,0.03610977797595636,0.04763176055979062,1002044.5471877428
6652,0.0035792607176591664,0.010607557817927589,0.001555551787244003,-1305431.172384401
6653,0.04339588073445877,0.03471157205826653,0.008882582642106868,-363794.4146155156
6654,0.04870953037210637,0.047789861130735196,0.011229890246235347,-360348.31159013876
6655,0.03235048765213552,0.03340514583677929,0.00020083775107244685,-736417.7207510178
6656,0.034438989613424974,0.011067009738602708,0.045065937530091964,-259727.1028906812
6657,0.04192535662797579,0.04526467923354785,0.03787769811721734,900529.94491362
6658,0.008245271927379212,0.01802771564942579,0.03544657367932098,-690416.2229442988
6659,0.01616625216291062,0.03550164668083707,0.016807936248630223,-349791.1952057344
6660,0.008886472717560424,0.025908190919476812,0.03431138797517914,-498815.7277318082
6661,0.025859784364137935,0.03209336491496449,0.02190255090521654,162804.30792018826
6662,0.038916566449167245,0.03249832113223538,0.028730331704265845,146363.50514581983
6663,0.021768585773778035,0.026786377806897778,0.0025504860845730892,-929885.2906644027
6664,0.033335983834176755,0.010220586463271059,0.04300744801959209,-103147.26570977998
6665,0.040617188409498614,0.02639773331033264,0.0423565534156208,406043.37957734463
6666,0.033540162190797036,0.007063002244565664,0.03703863773145945,-246583.79564533956
6667,0.04979032328360422,0.002048865437887937,0.012245971733071693,-490572.48881269747
6668,0.029887037419178225,0.02075972266626319,0.03187781032733215,125992.33797847916
6669,0.029320216656939287,0.03939947339497547,0.0035451460070372977,-685548.5274426341
6670,0.02203080349642242,0.04300268948449002,0.01813809526734808,-159036.28207854868
6671,0.02518944026351227,0.0010789313146816637,0.011208694754214927,-685864.6365310668
6672,0.02318275607911733,0.019948406313217183,0.03573274384550715,-175044.26275971258
6673,0.030593999079577223,0.04401412610822494,0.04273853508487006,780853.8611720171
6674,0.012060992038315477,0.0008819364516935491,0.04272353848518812,-807043.3589364052
6675,0.01645604320525165,0.01735548546203,0.007919739909923706,-503955.6540046658
6676,0.03465036330736164,0.01400544591803974,0.008837155053112184,-343828.4916581552
6677,0.02516953705307891,0.03752079529607213,0.013479929876248416,-175840.0707514192
6678,0.03610195004944254,0.02309875548355357,0.020188636161955095,138936.5234684799
6679,0.017976043406808456,0.007279048265972993,0.016631688342461377,-454867.5663428992
6680,0.0439625765313741,0.005108346223602934,0.04791500075509014,-384593.1954692226
6681,0.005374826374390896,0.01810158211496769,0.03031530869002721,-802217.7450928525
6682,0.041892070180407436,0.0071791409037001985,0.007055111202921594,-479278.10992572235
6683,0.03141890623308629,0.014637331620238898,0.03222510485089952,-342682.7757633468
6684,0.04102916014647654,0.0038435255493772524,0.04222470615388913,-368346.5892701278
6685,0.001879267817722069,0.04494130926444065,0.04878090708000159,-871118.9595860037
6686,0.03337276012303913,0.0492127652472087,0.041099592106430195,1222967.1177831884
6687,0.0022182750066906455,0.000190547210123343,0.0010399244711132795,-1417803.6738494395
6688,0.022595347995969035,0.031169130555883218,0.024073591135026454,45190.82084866994
6689,0.033856516290728104,0.022480131705643933,0.0021281901555194327,-413284.16492063284
6690,0.011308335242551032,0.049631211830235514,0.017293191884933248,-388236.6209298443
6691,0.01623828688723647,0.007639602450958716,0.049357186105947984,-520048.9030269278
6692,0.011522966079629937,0.03234132836269267,0.0021023729076097676,-908055.766743718
6693,0.003323616503167759,0.03583758486600093,0.031758408142336214,-1032690.4751186132
6694,0.03400811978103277,0.011548520357313602,0.04924444912611204,-88413.97225275531
6695,0.027918758107912278,0.04847740861343443,0.00820852764876901,-515514.1964382265
6696,0.020254975492063995,0.01678427594942309,0.037753746335293124,-139461.2592926013
6697,0.037378571805254564,0.02432718966598517,0.0008074002108668155,-602921.8060858091
6698,0.008760285458997225,0.0025132833554831926,0.04235072846245894,-762231.3529526086
6699,0.014488578364888356,0.005896131845033659,0.017708618264079556,-692738.6780108149
6700,0.003864465808318135,0.04894285674494985,0.01575039506738995,-1161357.4346629523
6701,0.04665333494449017,0.03413643454302628,0.02830534937119967,617974.2943441091
6702,0.02377484985612284,0.03436900534016939,0.03431376667730842,308703.49456127005
6703,0.0005260530380382212,0.04538918727641696,0.018398171021882622,-1586616.7541439699
6704,0.017663656077149776,0.02032952719414971,0.034264140265446705,-140789.262423214
6705,0.018800886802484353,0.01869155309636014,0.0031732439814221806,-587891.7505879028
6706,0.020832083221346415,0.007473923852187692,0.04277946270298902,-399164.8031826242
6707,0.01672555415986433,0.04804336990308352,0.034226400128349106,95960.50428967316
6708,0.037807576741366186,0.04738755907013729,0.011946738290833253,-401452.71493934595
6709,0.028364548484613363,0.0020362902247281103,0.0050379343977847105,-741637.0279463141
6710,0.018329345998439394,0.034125092531247014,0.041584680120276725,526585.9775062207
6711,0.012820210123673643,0.037453860681880356,0.011214557872402497,-369345.27449799795
6712,0.00030278030581655236,0.0027206512477867153,0.029277931140286068,-1266384.1284107359
6713,0.024857377304715683,0.013521261396471612,0.0003273929301413292,-467052.4128913094
6714,0.028400517462670062,0.040880331841482584,0.0034272438961689246,-670611.4727450089
6715,0.03682372286969038,0.03172713009820339,0.023967738610056744,343386.98820788565
6716,0.0024170677488026095,0.04617857081961479,0.023872049446337137,-1216063.1349346377
6717,0.019980348044060205,0.04307377010438675,0.04227891144918689,748617.2532079115
6718,0.036363047650001194,0.04146799914500043,0.006216424049147029,-412452.8022414725
6719,0.038045777754017095,0.016401704149206393,0.04337473967341389,12397.580875196125
6720,0.01851157329934296,0.0027151976060037723,0.02071901183851828,-827696.9298730494
6721,0.03783885175381807,0.02504660304896987,0.03818169559044842,337251.8657555906
6722,0.001763687043305351,0.008858210180051451,0.0281803965521397,-1237631.5999223667
6723,0.01926568769238158,0.03400878718350999,0.0481277116560211,646462.1003948019
6724,0.032993098035025696,0.020868144744129992,0.027118200922167036,175185.7841970634
6725,0.04564132408480853,0.03364946233311065,0.04015897488772639,799667.2331047972
6726,0.015075920455076676,0.037216057841913626,0.006971568466993089,-625648.9057187336
6727,0.03748878082026088,0.04407792964012122,0.04501162335267109,1134397.6198013988
6728,0.005829503052632384,0.04149410262868672,0.005496826138401834,-980998.8614771063
6729,0.023919847664138145,0.03412607648430826,0.02421245557558746,75557.50811851922
6730,0.01699548011050736,0.03419105787479276,0.0330439387553447,-50272.94601590082
6731,0.029144632758278357,0.026421433238836597,0.03528699495611691,368313.2131969065
6732,0.020151852835057577,0.0034384123871169184,0.02687272550956118,-626760.2628015954
6733,0.036172777612191835,0.014957995380803342,0.0070375569067966165,-565789.2758205694
6734,0.04559205970810595,0.043187483237309796,0.03092171096456596,649886.676483732
6735,0.039330357685203814,0.04844026573872109,0.028462949036342042,645835.68604054
6736,0.012209084230016994,0.031940599526631065,0.045729683805022694,-47123.73252074228
6737,0.034507410069924,0.0013120195574701566,0.04585663019312579,-358774.637290246
6738,0.0376837627626984,0.020091550669869902,0.04937459446745329,296695.6508445054
6739,0.03608396664177735,0.04127205409178458,0.04715832796249184,954565.1600537002
6740,0.0019789232360533037,0.038720992201833934,0.0193173217678901,-1410081.4168812493
6741,0.04345375064493874,0.04394479279666165,0.04143092352513464,1136251.7029674524
6742,0.038960029282639676,0.03971414173124664,0.014827625036080379,-2276.2596126978206
6743,0.020326410306319542,0.005752744535153048,0.04152957609308071,-546892.7577056615
6744,0.03230032379123293,0.030635835755830926,0.012303901955327391,-166053.75201814916
6745,0.030751804202579502,0.022727586259057703,0.04976344033328084,553825.0976902664
6746,0.04315341363687189,0.02629914409532786,0.04042277836493377,444126.6214578084
6747,0.008225250042916915,0.005070024956330077,0.0315325399837682,-1223937.5910334273
6748,0.03633929139694463,0.0026528219659733955,0.01004816755989102,-589118.5626819436
6749,0.02686339884612369,0.00314082997944124,0.021202641814184988,-415786.567982729
6750,0.024103988972915054,0.04609048660691713,0.015783824819794037,33058.06374444066
6751,0.008433423671751723,0.0003754129359487213,0.006080405302182424,-1032680.8806324044
6752,0.037543299941057894,0.02224609412330733,0.009936252136828262,-575848.4788225788
6753,0.04665138471610336,0.03937691592193621,0.005718234567492403,-557270.3317096872
6754,0.013447867744667476,0.04247207412631479,0.03462158338987101,144315.89188008106
6755,0.04727726071311857,0.0038124719034820123,0.03877056114593651,-303936.0042258498
6756,0.003820570792178224,0.016833096784609137,0.0375334384087663,-1120053.0033869846
6757,0.03555049871263145,0.00010589115701216678,0.010097146642530232,-593051.8723547759
6758,0.038928683827678064,0.006307375630736078,0.01631894529798002,-539590.6313621334
6759,0.00919447534481615,0.0055727267705322995,0.041831287266150576,-746345.08300155
6760,0.003067087242591754,0.026802497416146206,0.03463352558546206,-748457.712404713
6761,0.0028795109327194148,0.03167133853240573,0.016703275762056654,-1247011.7449137121
6762,0.04167726118870476,0.039882981110895284,0.039695251860832316,689930.155863365
6763,0.01993317420810292,0.04112740948752062,0.031499100200551286,138894.3254470924
6764,0.018934178265076214,0.004033497772770922,0.003340945633936882,-554899.5384560657
6765,0.012570081721919108,0.014979232225233369,0.04637641457235721,-498008.3509619725
6766,0.0499969026934505,0.007183692372509015,0.047138411998136016,-308156.2915745373
6767,0.03532700058426252,0.024930408418326236,0.04773433196744522,348094.49508944014
6768,0.03568465911606502,0.0296827261059538,0.010476338200987562,-366260.0040926208
6769,0.012222197593539492,0.04557508680331228,0.010751939059729288,-627626.7092630218
6770,0.001615300714732898,0.01331135489422729,0.024027785980611574,-1444246.0525472031
6771,0.019098238036607908,0.04679014993050281,0.020928702222025076,181418.77677475338
6772,0.04445263438324078,0.029733146699463527,0.026206233620592625,71662.60467973104
6773,0.008009781632719653,0.013551595689011132,0.04335833884095139,-720563.8769583091
6774,0.038997860574138704,0.022371168222454066,0.045451107713414506,447390.2392503098
6775,0.040958935154342686,0.005604216656450234,0.03029652469011515,-342463.191668094
6776,0.039942160337040455,0.040417206396708726,0.0045670588955063155,-535267.521665162
6777,0.011230558476518071,0.020651965840445888,0.012581554722059657,-864419.868001224
6778,0.005446907334899765,0.03144002148304808,0.025373672576886486,-929662.060434195
6779,0.0077494877149276945,0.02931909981385384,0.003100747670323212,-929363.5049970933
6780,0.019152052963665546,0.03962589817701935,0.04450248182826013,590779.2675212172
6781,0.012261731639977869,0.04297543994946068,0.04458788900637977,282612.40184837324
6782,0.030344115230196977,0.049108894881239006,0.012308791119640346,37176.99213640316
6783,0.0034487116051146794,0.042172157594177834,0.024546532959977715,-1133179.4038041837
6784,0.01732269395509109,0.0027616415745450543,0.003231223941052425,-754816.7441347577
6785,0.004535822534094631,0.00918212602778269,0.0485200462111778,-927275.8322333583
6786,0.014070207103107503,0.040852365022613225,0.0009706890199721041,-690220.7110824172
6787,0.01609075305491004,0.04530962164930223,0.00925203914407437,-456384.8629328604
6788,0.014201176020673806,0.04132574408565243,0.006069584322603633,-663886.9096080256
6789,0.0026591595386192103,0.048298837749362215,0.020239587934358802,-1432856.0192908307
6790,0.032893563488905764,0.006355795570067574,0.011008869893343166,-620344.3214239012
6791,0.022999037907996196,0.03375766087143888,0.014662395556329573,-115571.99627522756
6792,0.044231687552002096,0.03905720018116271,0.02757789454292694,387338.5012537588
6793,0.02296055917198238,0.03097712713712545,0.03658315832235226,230808.9971979628
6794,0.006747514764535995,0.04263206812804428,0.02447013918288726,-881939.0036043518
6795,0.046767199490477585,0.047777119805705766,0.0015358410509042576,-564865.0370501529
6796,0.019224048788444848,0.02631117066231327,0.02697977440636854,-363226.6856242045
6797,0.04111966834235045,0.007055199371438426,0.031124134484746144,-526161.3287354236
6798,0.04712984939226313,0.04983455969021433,0.0005042770489871784,-503654.0827573761
6799,0.04862836414492211,0.0061105013890148056,0.02684752688596811,-525145.1192832225
6800,0.012318490464171983,0.03031955186970166,0.0018513295850198842,-904433.0366586313
6801,0.011916634033639696,0.015028781659948615,0.045780359103984196,-520685.81848692533
6802,0.029181477342423115,0.03541048611798618,0.03380075916585352,577106.1677694768
6803,0.019614416829959142,0.0007010534281042813,0.005351038163310046,-682467.2459193411
6804,0.022940424220185003,0.04706473894339502,0.012437890371677057,-71131.76677720131
6805,0.0349159359809227,0.04132979215506785,0.045339264209138,1200815.443451567
6806,0.01467432060038505,0.046564158728037694,0.03039911302690897,-87143.0300685546
6807,0.025420339205888695,0.038919631593044235,0.01193563066807326,-185891.5088629457
6808,0.04062901157704821,0.032498134722086826,0.03996830644226751,451629.37493785203
6809,0.04278610975247296,0.030867372151189083,0.0018367554004234622,-481419.07382252894
6810,0.014887383006583273,0.04390098724807931,0.03134782554803488,50011.54355534013
6811,0.044502818131028854,0.01922642510246439,0.02523637279036623,-372858.94883353007
6812,0.0431296221085457,0.038101567887918145,0.018875056564363443,-186261.40668462982
6813,0.0011315143020727615,0.044016978157885266,0.03931784232414098,-1006141.9753707343
6814,0.022458041535823217,0.027312024357009308,0.010215600856702735,-273110.4761292627
6815,0.02060505449179343,0.008159771350572692,0.010528478679541799,-591187.2091993983
6816,0.04231847466617138,0.018123618888908465,0.040736166146318066,47528.488869671346
6817,0.023694993202388916,0.003538888795288592,0.01807635943031006,-594209.2059613391
6818,0.007913672730550747,0.03467882073131713,0.04556970234087347,-262406.04063061
6819,0.0381537782056672,0.0389218804323023,0.04309332733468832,958036.8168094136
6820,0.03883323253909574,0.02842866262033459,0.03571381447300012,682861.04154581
6821,0.020797737694799635,0.0035393987949396744,0.035278989767239366,-652917.6559772673
6822,0.03608304820450716,0.011186129521450284,0.047697078191265285,-222440.91666300662
6823,0.0026255716319746603,0.03679795241389418,0.04842391943136628,-1074906.9163358137
6824,0.015457488884999022,0.04562327090541902,0.04132181266152346,556354.6469715367
6825,0.037205473263561724,0.0476895783903931,0.0327028537404201,708445.3048118065
6826,0.024744032618286657,0.03378405109010328,0.02059118962887187,-122587.74500074363
6827,0.01624435867064426,0.004112281251576372,0.018900428920519786,-597951.2214075539
6828,0.04015975292428429,0.04727178941282737,0.04875758587865213,1294701.8679520155
6829,0.01032629354800075,0.02857158809879768,0.02878740791837551,-760893.459886429
6830,0.008802377227766845,0.029081410138471958,0.01813814201588938,-749241.7859088714
6831,0.04712032179830772,0.01276011001128582,0.04174805977541747,-447346.1261892386
6832,0.04484278141563606,0.03679361277664329,0.010733863894473207,-404829.7104035754
6833,0.013018453418323434,0.04855589327348711,0.003791453306057191,-912861.9801738536
6834,0.005854295360206302,0.04892848671890116,0.038844738709536,-392968.53182566055
6835,0.03731919255301054,0.008010388057285017,0.024446941576320953,-434867.3589022446
6836,0.04203813012422809,0.016443535060461135,0.009638256620720527,-357072.84807299887
6837,0.0005472658884066506,0.031127124243038054,0.014690515514089725,-1364127.3681753874
6838,0.04318362134392703,0.014175904337977014,0.007578790609225167,-461879.4586471502
6839,0.04802237560021591,0.04823885061272548,0.03425119141763701,858825.4105970917
6840,0.04641928512981356,0.00809167906243914,0.023017042998514717,-455722.83762151666
6841,0.010207944548213905,0.023939162909751455,0.03955889993734028,-385638.76836856705
6842,0.04224639235000318,0.00020821971338499945,0.019475169834993117,-647201.0325403155
6843,0.049703434355623785,0.029465748090751753,0.014809796484897593,-281056.04482605186
6844,0.019449713002088143,0.016128187331689643,0.022379921501521724,-259996.61620585015
6845,0.02222433167958178,0.02534316525987318,0.023225300359616164,-207139.72448182627
6846,0.025805684247824208,0.0013994475162591503,0.0027213448238621652,-784709.8319156672
6847,0.01855719866039889,0.04424707821209841,0.03954161517007921,572772.4105836538
6848,0.005507682095578193,0.024741547937167402,0.030229363548907817,-845113.4658346209
6849,0.024059462141754487,0.03487833184895305,0.04986315790447606,772449.6544083568
6850,0.004823706496858565,0.02577670157285011,0.02561857314812767,-933408.573473288
6851,0.028118939886534113,0.008348372799147885,0.031917889549460954,-174780.82681452148
6852,0.0022170461294388154,0.037056174346591086,0.03315797628200561,-1314890.4599063792
6853,0.01652118342063316,0.04944946805500247,0.04143891913355891,687527.778899716
6854,0.026976781752201164,0.04952552049678033,0.041504532186414006,1057557.297109269
6855,0.006898864006830735,0.029553030209471354,0.02904288183414748,-717933.2266744701
6856,0.03264725858597499,0.04703782957887143,0.024601595665292145,446093.8747198174
6857,0.0038690731841907636,0.02396656802626748,0.03938971934575715,-1080443.1487178856
6858,0.017930438739677507,0.001355245296047092,0.015162161095332138,-437707.1692473795
6859,0.0341074972351481,0.004300471404294077,0.01879824043446243,-636071.2471044015
6860,0.006656541750041773,0.02379642958655946,0.007075674588604386,-999458.3339698619
6861,0.005451848750485516,0.03488993959642513,0.007900079431850537,-1001854.3132222284
6862,0.007739789729191377,0.029625958773305552,0.002179690578292426,-954514.013318234
6863,0.0016496314400096413,0.02157231344735533,0.018254774161227966,-1416028.319920707
6864,0.02723097010827477,0.04967423086451242,0.02173532480128959,182428.80734799607
6865,0.02880291887285957,0.04596218130895133,0.02415895515106918,387318.17066583317
6866,0.03905602627860689,0.0274326267971366,0.03186036239118272,307416.7990154307
6867,0.04662512201385854,3.51884158844018e-05,0.04504699446259878,-391559.26704564004
6868,0.024884600982851942,0.030338218462077706,0.02250289859812557,-7613.561916742317
6869,0.013045931467616179,0.0033003595058461567,0.04725628547416349,-493279.1764717099
6870,0.031193810313736803,0.04367353687309053,0.014540414152743993,-26353.128133820952
6871,0.013899947459939383,0.016789222235364477,0.011551911446970388,-726770.8219080338
6872,0.024898535669231583,0.04681207735806006,0.04380313358149909,818847.7100292686
6873,0.024755022698099483,0.017438123291301243,0.030584390138177917,33801.43163939366
6874,0.030612906673952108,0.034188204450200745,0.026780001291572743,266530.4311591889
6875,0.0013377630103351247,0.00380232586736467,0.04868874927024191,-1295556.646118174
6876,0.037311764756659364,0.04741234493011112,0.016976280050915168,-109936.74133816887
6877,0.026747470915664706,0.016097595954332466,0.04544675233911438,-149995.46147955908
6878,0.014386669158304666,0.03469056519357431,0.008752778744556633,-723989.7297502661
6879,0.0052625725538336336,0.007781728215317064,0.026472763330807704,-1104438.0471671724
6880,0.04222705202545984,0.049963986258645295,0.031134152191389028,795161.3680850078
6881,0.02668017659235832,0.039344129523258636,0.003187210127727941,-659147.4541312834
6882,0.040469861767297,0.03791897704959136,0.02647707630524773,437784.66172468534
6883,0.0011493487873200038,0.010109849026233209,0.018485629970215574,-1262566.9843231242
6884,0.047061111296447286,0.031924441209502386,0.025504630662441338,-37440.112614601494
6885,0.024421321020290737,0.038998786580957484,0.016181511948230417,-89111.8979337124
6886,0.004726240189257164,0.03385216538948853,0.016450800395195548,-874700.4270432369
6887,0.01627964184908783,0.022735761804706486,0.012136701086767433,-396213.02657913684
6888,0.04608512649035636,0.04234852110862489,0.04955441654865307,1338427.499310494
6889,0.04822743979653313,0.015722767260677544,0.01902989793403926,-468359.023851249
6890,0.03491289951500364,0.0007922951276615909,0.049694444269439295,-409930.37258952187
6891,0.0005421541033058253,0.026574296255115565,0.03343501560651852,-1313004.8635470846
6892,0.04570731539775682,0.0322068160389055,0.029848439985170058,376511.538364299
6893,0.015017964957515362,0.029546069748101818,0.037485075649613724,39964.780478103996
6894,0.02577958394775879,0.03898176491435623,0.0034806523437092398,-460154.2752125183
6895,0.016768872549979726,0.04799069670320198,0.016172220653281395,-234675.41073114265
6896,0.03109276509077929,0.025994237883340838,0.04683120066613574,288555.1517703608
6897,0.008138593820302608,0.01496940497548796,0.04311886527154306,-843024.6319224807
6898,0.03331012723865993,0.02715246803345249,0.01974501959955943,-131014.96534779682
6899,0.020565771651025508,0.046746134138225065,0.033553780226690595,616746.4065141776
6900,0.046454919320756835,0.04860930543939966,0.027350400305159745,535988.652033847
6901,0.030494447261565628,0.03281824645355332,0.04195845014399261,633274.8213774788
6902,0.03295358563031506,0.0057323711091215096,0.047121505477708325,-585464.4809075642
6903,0.03304671792268168,0.0434958635894771,0.021236887289098408,348741.6896659428
6904,0.023735817894530872,0.03444281763612669,0.038820199316602425,473374.9539656577
6905,0.0039229354991024866,0.020367141676302214,0.038492819014691954,-1056911.9716712262
6906,0.04961179650731554,0.0005821225598126645,0.013240411372086747,-452453.08210271917
6907,0.02324242909519035,0.011147085088413961,0.001346109927882655,-723600.7718906348
6908,0.026977151205267075,0.03246993045198323,0.02080310304990566,-1904.2099075534068
6909,0.018493903984416967,0.049280528008974256,0.02387642616100847,240498.75120334307
6910,0.03990347266208443,0.014358708609790105,0.04150941265359161,-202580.71941033442
6911,0.04118498445999485,0.013385106072151166,0.032792747607085275,-147565.99416639388
6912,0.03410074883436754,0.022130776447185887,0.038689003143871935,185162.12508446764
6913,0.015344263059849463,0.024213591955880787,0.04950758529148952,175440.61445379656
6914,0.008933783582649969,0.007389136100862459,0.007109934369844845,-988751.0802482555
6915,0.049905463591728594,0.00799566382967976,0.009511961841597034,-442883.7445090445
6916,0.03473932927037112,0.03797483124024457,0.026353065273308152,435903.00164676993
6917,0.04913345595838092,0.0019454440160621867,0.03104104345243914,-469865.75871122803
6918,0.030323465970080857,0.016062239364320424,0.044972023503892386,130123.96311146283
6919,0.02764408530525435,0.012317013407910738,0.004417925810037116,-658047.241688513
6920,0.005355944676908803,0.04486646231350098,0.012515438116920808,-1030098.4568787487
6921,0.04535026508058715,0.006005895439949588,0.04919676285049772,-303721.43263316626
6922,0.04166745354311547,0.005811437079850723,0.004302825140817035,-635621.5716015905
6923,0.040171859121075834,0.003903312764483924,0.013109049283737989,-739572.4684778538
6924,0.04006249046333854,0.04537900061741622,0.038382602912934355,819121.4238112536
6925,0.04449464103764351,0.027994415651871354,0.038980558102475416,208492.72125288585
6926,0.0172093164244712,0.03926070344980077,0.03398704537122436,-16520.875196457066
6927,0.028741503182953005,0.049615066034112504,0.023488976243742063,482466.1251374322
6928,0.030962361878527578,0.02549528434319236,0.013025566978797904,-230596.8259748474
6929,0.016518274048336275,0.04893928839779705,0.019605522900735348,-65070.020845230916
6930,0.03397031337183725,0.028354863183435716,0.044490263590475684,604552.3731646066
6931,0.03788450390315024,0.0040325702999928605,0.017772093571937198,-537271.2975407669
6932,0.03559567713789044,0.00806784040058503,0.025171959077988488,-285725.2369267992
6933,0.015888452416443384,0.0032377114896751493,0.0498573043919312,-459249.8953427126
6934,0.046468229975457326,0.0373763077154163,0.010051291762667298,-538637.5516582543
6935,0.04942630967947351,0.031539614148301066,0.04830377189336471,598377.4962090198
6936,0.002128945364593471,0.008673535866758548,0.03386234426057898,-1121525.987408147
6937,0.04535898555728368,0.008789110639640513,0.01585491198125624,-510891.7651985986
6938,0.0294088665754295,0.04998305100781157,0.039983254339154006,1224269.863822653
6939,0.04617813894914456,0.03375062672988713,0.043868563533332613,546255.9195514105
6940,0.025352251615852833,0.0062079317471096076,0.03547787096157481,-322260.4474734819
6941,0.03007374611999479,0.024267503205742936,0.013749545775888656,-138759.98236905714
6942,0.03921015060961788,0.04102050407082438,0.018209281371754923,-52973.78682174853
6943,0.046388327979727965,0.018487084718430507,0.005378124740639124,-552096.1178183771
6944,0.008326418375528956,0.02472577352044586,0.0039931496675568445,-748882.0113998989
6945,0.03592062720066702,0.03975479276489212,0.027473416634765574,491188.0910994047
6946,0.04466742264901046,0.0477143233373126,0.022379054385532907,-76480.41519866549
6947,0.004456358411155092,0.011563205482103678,0.032880802185674546,-990987.5026243452
6948,0.020289219152490108,0.03425046970748222,0.03333675930763945,103242.47248142787
6949,0.030268406830585688,0.007891628344949197,0.014295764802856138,-541026.4737570242
6950,0.018893081327290614,0.04122089949657946,0.03411114183817331,304146.2480974522
6951,0.03224671330013745,0.03360686723554864,0.025160104072569814,139982.0904246516
6952,0.001981585773403172,0.010056034374948087,0.007015107790020065,-1373364.8466293341
6953,0.003199833219685533,0.015973832399164924,0.039386509584817424,-1152463.1389083366
6954,0.005756590182190219,0.005571125854096093,0.006213200959575871,-1137148.7833020634
6955,0.01349108456282206,0.010110356902381185,0.0006980558236796942,-1220345.785400563
6956,0.013825115679217731,0.04981472323280586,0.016824322142796444,-409554.5011412214
6957,0.010562951598691134,0.024785696474608595,0.011468423212473844,-838160.1856330386
6958,0.027982260066035654,0.0200327923200415,0.04484206591397247,414010.8073390076
6959,0.046395963110662526,0.03565306290133233,0.01078471238701182,-496852.0384162879
6960,0.02369492739367242,0.015271158352037373,0.03991387345549365,-154289.86310220917
6961,0.001458705457685161,0.03312458471724143,0.016161341307206378,-1500070.6554239509
6962,0.024050229122419088,0.0161497485644533,0.018239501362918204,-138679.7102570725
6963,0.033718131939642355,0.029774716671487518,0.012204462284741825,-186164.1263867115
6964,0.0021818814073813644,0.04280109049265352,0.024615334081176516,-1123133.3180558411
6965,0.030936511212459168,0.02442496362319789,0.030947010346653,312094.26167856494
6966,0.03134862358992865,0.0007520268377202044,0.026662955829980423,-689576.9687610075
6967,0.02510539844520332,0.004790875814452822,0.037294093049815284,-525888.8421523388
6968,0.011792968477188715,0.002726267387699233,0.04015794870417047,-555568.4696138467
6969,0.04325658756561377,0.012034737815751317,0.034377275847517895,-207198.11531100844
6970,0.0002475337031248415,0.03605749791911524,0.023241022172032184,-1378607.8073997665
6971,0.03962415532341498,0.01965169863329634,0.017553786376039084,-510076.29469947226
6972,0.04203924375687354,0.0019323348957582976,0.009358249343820846,-534313.6438608096
6973,0.020606443444379285,0.029816908069572018,0.0002556256558520154,-573152.4775808714
6974,0.02875738473336873,0.018924626981690024,0.03150010218499817,-129076.31072215101
6975,0.045348691979461474,0.022043600581330005,0.027728932164978577,-168223.8936988457
6976,0.023139495924642862,0.005926100160580339,0.03965564938735602,-593316.11708714
6977,0.04425978602868957,0.040573329064173984,0.04737982871760375,1408810.2348125945
6978,0.02340142588984422,0.03261608777513694,0.00841708024940539,-277055.44021419255
6979,0.04884040605901305,0.029027702493698473,0.013083155405043978,-460604.304286626
6980,0.04026871391844413,0.029324555860428248,0.04748374909844122,800173.5882491927
6981,0.03849886895243225,0.04386324116055985,0.02733250044376675,702889.3681998431
6982,0.025865421267272357,0.03786632356053358,0.005250698774767759,-503658.39557773917
6983,0.002701579574178131,0.04918511230356786,0.045814776435338794,-840689.4056092107
6984,0.04778304706224534,0.0031182031748197892,0.013465070595502443,-559083.9302509844
6985,0.0450771189597009,0.004473978843806631,0.022571725605419892,-514385.70691653574
6986,0.017064567655588753,0.04399252392503015,0.025903806616857372,-64824.381440645615
6987,0.01451870911034519,0.026215058789400433,0.0056223102806084065,-452832.16129544587
6988,0.0365601366278232,0.030916877722995513,0.03003543905304676,314389.2612122078
6989,0.021892217650420466,0.014712207654699539,0.0032690326367260714,-750163.9562829924
6990,0.04735162520640269,0.020827696077945074,0.024796085197444296,-335608.6522439524
6991,0.018788337739655072,0.04939386753368389,0.039808600530934976,673955.8986417073
6992,0.004788011239068458,0.030408753235363142,0.024231728682621863,-853668.1522950816
6993,0.03966760176098204,0.04986580060784267,0.0372153370301206,885579.3323046105
6994,0.04324644104024967,0.02513177511779076,0.018679899518048177,-483274.1196268659
6995,0.032163984075268215,0.03747092068680487,0.011376696660201524,-242979.6470448997
6996,0.02516937399298909,0.00568954933954326,0.01081764066396172,-281406.6070196596
6997,0.04409294450716152,0.007236599131536315,0.0405674125901106,-400925.2799741639
6998,0.018629787162652022,0.03317606877718996,0.04551631858212026,173761.0599030516
6999,0.039044934004137916,0.041297055989922844,0.01305745350516715,-349247.59311617794
7000,0.018083730181352498,0.036639601026982944,0.03886172933106429,292700.97045427695
7001,0.039502613380043926,0.03700539907021441,0.011581130562127246,-127221.63427073146
7002,0.014454332007796401,0.04710205037820279,0.02769301908726637,-20125.84269192414
7003,0.03772252006386866,0.02995978397797108,0.046225093262340894,679071.039760593
7004,0.04343909090481585,0.013068739567781196,0.04423547359779444,-153143.24132992447
7005,0.015001967939015655,0.022049022571533086,0.04256167890594515,-11121.491100327507
7006,0.016200953766950354,0.014538595909374974,0.033432842469796,-406694.85029779305
7007,0.0499838181206988,0.006552849054572408,0.03505303232598515,-446295.0054811594
7008,0.026347769395260918,0.02053087451543517,0.03749293748539081,-191930.34783418896
7009,0.02774181647048046,0.0398905574020698,0.03719269723745416,377904.7169808108
7010,0.04925594919673141,0.040543292426502314,0.003339989871429844,-496440.14323702623
7011,0.038978964777206276,0.03248516101039755,0.004489517511347257,-390186.2567391721
7012,0.03027446142590469,0.037540180028376974,0.009859725662219444,-351816.9226630286
7013,0.02174558239867884,0.027124314412195396,0.020657635929791987,-108601.93878575467
7014,0.043800240147563715,0.008445160271178143,0.03857777762784275,-530945.4772002518
7015,0.038904559626903305,0.022401498044632963,0.026973899595048985,25257.13298955909
7016,0.0076781224656476245,0.0097578786060327,0.026583240605105887,-829784.6828546628
7017,0.01123403914667458,0.04032326923142948,0.03081090416910122,-298716.90132234304
7018,0.002828933920220167,0.017893833416915417,0.042921296568412225,-1139222.1387704965
7019,0.013872202401681029,0.03598589443745864,0.00469000689980183,-865338.8678288966
7020,0.046526682697468735,0.022467284066689686,0.02457828177958747,-394376.7773025942
7021,0.02849150656145848,0.01817161698000625,0.036264265060088084,-35527.876285180035
7022,0.000729178285315546,0.00811021338224388,0.00944104588050635,-1716765.1432370269
7023,0.031767009196639835,0.04453004072877309,0.0031819870740666615,-618065.7237301812
7024,0.04262292999862259,0.04097567978762651,0.0038312831080989985,-382558.1892898124
7025,0.007161421188945943,0.017502266211524294,0.0057334807177547575,-984354.6641399702
7026,0.03791430675502418,0.025203465688224392,0.020538230414326016,115487.00530665842
7027,0.03624738126298957,0.01464476865321332,0.043576570755733034,-108833.37475808137
7028,0.032698336934040416,0.017325265602261258,0.026993634516076493,25038.283159015053
7029,0.012972423804719586,0.04924903703808341,0.021780216332118924,-218818.29753914295
7030,0.044838707634268796,0.04890102286373366,0.02678962299869498,310799.00730680936
7031,0.03649977850485077,0.02861233934706042,0.004578381639036089,-552512.2059354448
7032,0.04762090263086771,0.022831822550763232,0.04470315617807648,-90908.49806173047
7033,0.03278026729692809,0.005259544551705947,0.020852648548315658,-496878.9750231562
7034,0.009792407734790988,0.008492993224377993,0.03575443718416971,-894846.6168669831
7035,0.0015009993660730803,0.04830702844469897,0.02249616879730422,-1265465.868551801
7036,0.024487884052936594,0.014971444798557733,0.0042808036406214054,-679973.4456989982
7037,0.02941213391807524,0.017237724925271397,0.031203630802220845,150349.48078611313
7038,0.02778849039036769,0.010845542340469734,0.023082696120381427,-158238.26546781315
7039,0.015403150469479265,0.011986204061308231,0.03848521796484511,-308508.23746427154
7040,0.0005953295999604147,0.013444142931256248,0.026554284183599387,-1293108.5704706614
7041,0.023807299421522893,0.04700826634597809,0.042182874062862204,1025743.2576903158
7042,0.037580131359412884,0.02570390666351797,0.02144533661920662,-71951.16380924382
7043,0.0018284784289397784,0.041083412481940945,0.021535645208105605,-1394830.711061777
7044,0.016048369586132805,0.030331718997214083,0.03770689094498714,-176725.69726410133
7045,0.026152566026636792,0.0074791587737695845,0.046082323535202245,-219081.8729931463
7046,0.005642474496318984,0.04847858157483719,0.022123855096533213,-782177.3464832719
7047,0.047331159711313735,0.0457324879868963,0.02031336327451318,-80501.58414499593
7048,0.04000126452627003,0.0044886265913382795,0.0041367134635900025,-781803.5414663487
7049,0.01779783018606781,0.030489255007158423,0.00046605349097424977,-561786.492418617
7050,0.02575875625048757,0.048782345187427,0.04292227143000979,1272143.4969649145
7051,0.011623530987612457,0.026403438096503747,0.008570438455833902,-831191.5032025878
7052,0.013163007368149944,0.04615004192386374,0.049888906738050694,163562.27758905682
7053,0.012128049405892339,0.010603393650393384,0.019192966217078708,-677122.1092833144
7054,0.02229282111760225,0.004462433381544406,0.007385433196869701,-301883.14505953446
7055,0.021241363371180558,0.011771028403324158,0.042246738473919875,-400810.6483183551
7056,0.03757732810714062,0.026816921544036344,0.02163146595342007,164309.4684176307
7057,0.04154939016069956,0.00829976717869781,0.04436939294337163,-240327.21448317418
7058,0.00245386916842823,0.046169723089441464,0.006940502618224393,-1382799.090661736
7059,0.040604952201858446,0.0009022539197140189,0.040753908520421156,-534792.0892744869
7060,0.029203538656994255,0.0009517125462748133,0.038710487976212335,-331765.1113612972
7061,0.005077865052374265,0.02699527129514491,0.01660019702185797,-977393.9826681404
7062,0.037958413064899436,0.04266107858363252,0.02321383505014443,100600.34072250115
7063,0.037897010677847925,0.045831246621852485,0.034460026873715736,725757.2344837876
7064,0.016099524304707593,0.023165603977785054,0.011499887006698335,-631065.2255974583
7065,0.02292041698046046,0.012294523952874899,0.04036248624287295,-281569.20394556655
7066,0.030495871363190426,0.031662299285973326,0.005513164423542372,-632198.3179447737
7067,7.301537743259479e-05,0.039459331744877646,0.027115320786413783,-1386975.3862650858
7068,0.04657766874207425,0.02686196194948043,0.010733926215731916,-371007.48520645045
7069,0.034923829262816834,0.03504914901563779,0.0032766302080275258,-628607.6967897029
7070,0.03468254486605236,0.010626411126221003,0.012726030789292958,-568050.6277168351
7071,0.001570734812789032,0.03136861113864333,0.03658646967327539,-1094834.501547125
7072,0.01152458315752516,0.03962694660765381,0.038101564307032904,-80005.35812475526
7073,0.020488310408472533,0.0034112581102807016,0.014009266373633894,-719455.8789760711
7074,0.00827145744645491,0.04794091185635909,0.04088721320898064,-446099.3218630492
7075,0.0039188235712105226,0.025673001462137825,0.01334431647878649,-1296565.733576556
7076,0.0016058988253604412,0.016115063544458515,0.0063792646906996545,-1343848.2654513943
7077,0.011136601048998274,0.016327023096425964,0.02044452250739184,-757812.465979768
7078,0.023422122659665603,0.02600986356831947,0.018500038222165633,-4975.485995119907
7079,0.024917479547961353,0.020892922970931017,0.0482219488798477,206638.81005543337
7080,0.003382043529776774,0.02929756702242747,0.00968235856902895,-1444969.787821619
7081,0.018771892662730622,0.027323290494345703,0.03799047237113442,355773.246080995
7082,0.048886555589433806,0.02468108315770185,0.01284895579855141,-560169.3042801974
7083,0.03957876090668382,0.011078622492368663,0.02539203361088843,-381804.18603862263
7084,0.04233556488247815,0.020189925448038454,0.027848888331673746,12781.684408343941
7085,0.0059775009536872595,0.002798388673646385,0.04931412353666101,-1265502.5862253064
7086,0.008944784605397172,0.01677745184776242,0.02523424435870918,-1073931.8816811226
7087,0.01872358040987043,0.0048669530012084294,0.00984570619491515,-733248.6333598933
7088,0.024672383395165465,0.021940078790604473,0.039909692188778954,78166.39249449692
7089,0.015589397862664767,0.047015756011340074,0.0141405178575086,-318740.0266659722
7090,0.016564932888565236,0.04746566646248335,0.04202416888307342,379639.0999318168
7091,0.015848398294165074,0.019764234555058442,0.042113013765953305,-27160.79984306073
7092,0.004304471710692076,0.01473381555285503,0.026577804893127027,-1095991.2797938422
7093,0.04144520884461497,0.028230833700993635,0.024488942362369107,191656.58080646477
7094,0.04810587843265821,0.00582051970754624,0.03900329628409861,-423925.90091465716
7095,0.006351742876266348,0.0366413719851966,0.027154480928136084,-856164.866460307
7096,0.01323231053852887,0.02716685436208779,0.04397080435264794,65068.25464209187
7097,0.023609183602838785,0.0003289282931394855,0.002830280403312524,-789820.1067464171
7098,0.03163184887231458,0.033896578096037626,0.020088744388136272,7862.17837088556
7099,0.012139019356984155,0.03579832941178369,0.015208058726997466,-541910.8721074243
7100,0.0037005792918818115,0.02048052697518765,0.02695692975792756,-910515.6927151678
7101,0.04828143986663066,0.029611085641683695,0.01041600730649504,-532703.9548802588
7102,0.04160967924946943,0.014574099590252005,0.04796390917873877,-55428.51469859456
7103,0.016265613333719887,0.045475897772881774,0.04394769840879579,555586.723681782
7104,0.04319963737748531,0.001969264017962352,0.042493498422389524,-479156.1067416833
7105,0.03606500594758584,0.016714913819975804,0.024504921327786373,-43439.87130384541
7106,0.03199575200886042,0.04717684891279286,0.039004224386836824,954276.2062011396
7107,0.021425037114758735,0.03227103532172882,0.009293543772190244,-437843.9589148787
7108,0.021197119786644944,0.03956506666512416,0.030329485724789586,303534.26143368136
7109,0.03916245738355953,0.025490836773611154,0.019007171714741495,-280789.76727194345
7110,0.03712701890439731,0.004687742923998018,0.04893034171148394,-380517.88321863714
7111,0.04741868870020171,0.044018430310143214,0.044213904942482285,1236136.9715267937
7112,0.025552806025071297,0.024897286022693584,0.04100410857416268,361175.13620207884
7113,0.01416282561004027,0.04249568897029926,0.010044010595189185,-658888.9803081115
7114,0.04395536355389656,0.027054260989282597,0.042160551382920186,387363.6050481294
7115,0.02465713917844959,0.030421609303075494,0.046339306508703784,465966.16308540123
7116,0.02091061261540495,0.011014319402032331,0.004549016923169435,-655749.4611519302
7117,0.029498953182810775,0.030554256017000597,0.031035255467058105,331405.89152100286
7118,0.0018583060379052663,0.0013707743452699096,0.044770851002646356,-1533944.0009521642
7119,0.03477509916126825,0.005665860399331923,0.003731839687063149,-625808.3653392951
7120,0.00809285070457157,0.040345949003045334,0.036154301387180496,-387995.29104273824
7121,0.03193265944957189,0.03203953935534707,0.04294369332908715,772377.904821596
7122,0.016672936918156418,0.016111501039019194,0.02127134148359725,-593614.5142524906
7123,0.04948380060464067,0.027744947130125104,0.02734505675234398,-278251.2693949043
7124,0.04047968932004691,0.008903224970679703,0.020270050409176177,-454375.8015067942
7125,0.03206812030961189,0.04940083842101717,0.0077234798349039464,-500446.63518979365
7126,0.02260133901133811,0.04527909010524449,0.036276553419772366,618958.6759956051
7127,0.030689011859745638,0.012855418150817472,0.009360536709604678,-588528.6893000384
7128,0.01871061467658173,0.012755395317932905,0.040423794942984,-535363.5408626471
7129,0.03603517138965961,0.041759906044216887,0.008554115535224982,-369264.7918168366
7130,0.015498467918485604,0.038427573148734046,0.00817742082805666,-472711.23239336093
7131,0.007280252856110875,0.01915294402688903,0.009321844397558393,-1061597.5551777028
7132,0.0039451329019602075,0.015638726227749623,0.04377997575199154,-1057645.885942218
7133,0.0028266464319805507,0.02830525603615787,0.028150194195711988,-1059245.7541528007
7134,0.026542028039602112,0.025275436150752124,0.0008618234879964826,-587018.5895429626
7135,0.002372559467317981,0.025560350632782836,0.048415463635652974,-1097151.1844687045
7136,0.020398789025287467,0.023616338124671878,0.049103155766830275,450801.65118616604
7137,0.03895567027178634,0.03850549235588282,0.025236772351988592,390977.6260206008
7138,0.04489563265991704,0.029058815269653277,0.032834866295217785,524296.7667078116
7139,0.03937777601461025,0.020329244005253225,0.047663514227159164,445251.6160002397
7140,0.04940036164245397,0.029356891602766857,0.01110276936291112,-298358.8306260744
7141,0.038745100866271934,0.01610693017399737,0.028855175079443515,-289097.80692538194
7142,0.00433517602291591,0.040369535251507535,0.047954347943533863,-612651.6549373512
7143,0.00471107623168236,0.03657995302234318,0.043041943178237334,-768405.2628254793
7144,0.005475310970775144,0.012339823478174462,0.019593562402752635,-1299688.0919244462
7145,0.04183801658533932,0.02467156327515237,0.006848165127081857,-353746.2079157998
7146,0.01281855295185444,0.023368892043503384,0.0019632123077609974,-1007418.7427594428
7147,0.03154985344846103,0.0012660948207362688,0.0390435672136344,-574252.7919402524
7148,0.03669254687527383,0.04327199959863244,0.0078856370251579,-346778.87108336046
7149,0.030129260547873855,0.03905137917933787,0.02578743902951864,217182.89801042303
7150,0.006540216350641737,0.0049462808338563875,0.03029487039706279,-1086783.7500917108
7151,0.024880380413695575,0.04647800683660752,0.041692038551163546,834374.1689226001
7152,0.036187459582690734,0.04911983802736712,0.034730534176159976,976911.6272097685
7153,0.004618136684955332,0.0038781488753696527,0.0407934596704969,-1031088.5761956963
7154,0.018035179180153554,0.046214189328117265,0.0059123717525737364,-279414.4639549813
7155,0.00993935059676207,0.03865837496550101,0.04237372208640197,-103754.90644792629
7156,0.04335981721429157,0.004956963262573594,0.019090115124423462,-533111.7902618703
7157,0.032319317655159156,0.04593978083407817,0.011950751552088286,-41460.02093174887
7158,0.030017144174019163,0.007175964772425336,0.03736393557110581,-399042.2504964648
7159,0.006376222833477718,0.049999124422111955,0.004613344984371992,-1112952.6689168455
7160,0.03426685780190252,0.03885194170824414,0.012899489172832141,-217583.23807209398
7161,0.012741433465812009,0.029807352580001008,0.031523729243998704,-310623.6347823722
7162,0.036026298808289885,0.029014699384096287,0.008723338698521604,-461785.7032523989
7163,0.04620717373271372,0.00833057878567231,0.028261925918594156,-415656.62838778284
7164,0.046000142233064104,0.04564847957256626,0.00839532374053244,-439020.6727511531
7165,0.01193013478654783,0.030092528852975853,0.016858216653907354,-727316.5547711379
7166,0.03654416197391415,0.026120216046703382,0.01330450279720945,-278617.41205812414
7167,0.02055189588061714,0.034555553553911954,0.039257067959536755,295627.33986807155
7168,0.018478049507228363,0.0052492691682283045,0.01766385036179734,-466694.3012165018
7169,0.03152353597942519,0.0379916080423201,0.04398296193179921,622751.3778650746
7170,0.04809709411292699,0.026468208724713168,0.04401037215754391,294398.9396456999
7171,0.013103900881281633,0.027982585721268244,0.02696924629322374,-543175.8166831011
7172,0.03843470705887491,0.038656142475112565,0.014267147916147938,-332923.7999345472
7173,0.04429307170348874,0.04457464916659337,0.04741207628781291,1174827.2542824056
7174,0.022882216374458517,0.049370716207329836,0.03924556653821491,712471.5836982277
7175,0.03265936911067395,0.02161289851520903,0.04212156104041253,150410.6699942526
7176,0.03820687774874327,0.02927791326202427,0.04985729435033694,841183.5512449993
7177,0.01247306827970316,0.032087704564330674,0.016056358277583695,-286986.27551880653
7178,0.022892162017076237,0.01694732470719298,0.016727760262678876,-449152.17374249885
7179,0.01884130542367875,0.002833978823499961,0.001993054167397823,-722836.8549045353
7180,0.03624611310871527,0.015545427648177885,0.0010607305411736768,-596604.0068677322
7181,0.004074057828836852,0.009792462061801966,0.002410612812502666,-1123982.3000816542
7182,0.04730736021998719,0.028418044007966187,0.019701218489096728,-331405.1516727273
7183,0.026635611692634432,0.005641005042955777,0.03509227900054417,-310919.99710233416
7184,0.04847952471163091,0.006532856778957552,0.007630006129539385,-621542.8558169977
7185,0.031433169241771836,0.007596496367641082,0.006302639412488292,-724014.9492442082
7186,0.03352419087850699,0.030932873369227506,0.0108868505403323,-330380.6720263605
7187,0.041158947441346315,0.00526254226602978,0.016628744962626906,-472310.4753336929
7188,0.03694338219018141,0.03069506051062064,0.030003547657676596,161123.56528038066
7189,0.034313706447357144,0.032323136241937445,0.0437135369895142,814926.7939934355
7190,0.028438367378499776,0.020064224118078813,0.0383044663597924,117396.341760209
7191,0.012961984724745329,0.03797960178759251,0.013999198946826892,-463166.0708711724
7192,0.024019037922549863,0.03695966591203056,0.031382962391077025,190604.87928733547
7193,0.004284452264799893,0.022327983844299088,0.04059277799841207,-602470.534445385
7194,0.04983824861856084,0.0233398990866967,0.0042962861277552776,-522675.3466113789
7195,0.018309285519746882,0.02449614988230226,0.003671426414868384,-502992.7652601613
7196,0.043212949162844745,0.026939555245356264,0.020805779872068338,-131349.88260184013
7197,0.019859225230549837,0.0014154268422270023,0.025943781070014795,-344501.0302107427
7198,0.023778804082558586,0.01729426285204084,0.032933864595291844,-44175.85671980196
7199,0.020551612258402453,0.02858820019193574,0.04425212123951851,435941.10818024364
7200,0.018194335045903193,0.019896191984427433,0.04329519856334222,124016.71178397287
7201,0.017904696511892432,0.021968144953434215,0.04004061111791307,-91750.02536411138
7202,0.02959334511957149,0.04669429243851321,0.023533147008611446,200483.7877320441
7203,0.023951320419007906,0.002146418535823952,0.009865158183090833,-656853.0214649161
7204,0.02699996580258955,0.009355531848557658,0.022679169784114925,-298869.8214585456
7205,0.014165859006378229,0.0010406665355286338,0.023755471376945794,-781632.4865949951
7206,0.03231349911268924,0.016911684823173307,0.038826348076460654,125973.1608009915
7207,0.007302696539729925,0.004564586771105101,0.04674207470230314,-741282.6784197654
7208,0.04608282738535058,0.020327212425261944,0.020996594402395125,-180839.0614051481
7209,0.042551778989866576,0.026526055902297986,0.0058556894133599165,-703506.2615036796
7210,0.005743672135900074,0.006556536915484784,0.03903826021677782,-964686.7113230096
7211,0.03009481327967215,0.014988309555453584,0.008103671020162474,-491916.8879106047
7212,0.0061731760316999455,0.03706937543921558,0.04429312848045528,-613488.8277649035
7213,0.026553919333560955,0.03863550485925496,0.014156420249582125,256491.8367330646
7214,0.029283189672704255,0.02190194239225713,0.0043847096090146144,-735716.7012702912
7215,0.0243683387237379,0.04233933744994788,0.0025891258912997487,-630919.0508572805
7216,0.023855298848557777,0.04366315380305176,0.03950359647383218,585910.157942908
7217,0.024672498983332472,0.008567231963184369,0.04242630981457498,-315743.45202214597
7218,0.007656729117731082,0.013841035659855089,0.006213759572611716,-1133484.5750032053
7219,0.022950455721395036,0.031459896398632545,0.04135591554928708,375085.466851797
7220,0.023066880419092817,0.04853601357925949,0.029792849372760916,726668.0205999371
7221,0.03022050176375379,0.008764401481316774,0.00950580172600482,-574365.9826622464
7222,0.028831307854175016,0.036043970187771626,0.010235334382389855,-154389.7714713642
7223,0.024200883884629678,0.017810003065408194,0.02193818780408954,-314070.11710395897
7224,0.011106546900767678,0.007036143201617379,0.01602505145269354,-796613.3623066813
7225,0.0434458333419577,0.04026128797543831,0.005082706685635624,-494685.82541363203
7226,0.00439042561401804,0.02464756144095221,0.013869110106973887,-1237681.727173607
7227,0.04117128975056301,0.024309058978970056,0.04263538702259326,218075.6098745903
7228,0.005409940932118856,0.04850385383642228,0.038355067103872306,-705658.6930894086
7229,0.0365938281533018,0.04701080806158477,0.02351513701125868,446199.0662248774
7230,0.007444445703092568,0.02484503729205381,0.040761191970527945,-598741.4024392402
7231,0.04297714794828172,0.024427285281391643,0.03661511100871469,95737.86717433024
7232,0.012347635011959391,0.011527352095493848,0.02931297761915341,-723922.6064221306
7233,0.021087558437879985,0.00805262047110486,0.03806812464141896,-313156.918632795
7234,0.026607372386298102,0.026019615370827892,0.00946547598398399,-315534.13653149374
7235,0.01205703181329636,0.03463539421913334,0.042595154125067425,-205553.7711476756
7236,0.008860607340715688,0.040617286059709094,0.03940475834463748,-308340.88264887116
7237,0.040745590928766395,0.029087190694591553,0.017592100934537565,-270177.5490284036
7238,0.03855104608095217,0.02399727107860183,0.011093204070262631,-370487.8465259336
7239,0.020119338007860074,0.022885842064017455,0.02526725763958497,-248252.21877240573
7240,0.044878178770439245,0.020558250628813418,0.014240540852050981,-640621.0649289485
7241,0.048117397884565066,0.01209740954655454,0.0005558145371046041,-675634.3324614897
7242,0.04249105090606127,0.047722288538407875,0.034106597373645936,803396.935924406
7243,0.020382482709606044,0.027187734259715175,0.04160007855483282,299196.3284428206
7244,0.04426701649732977,0.005126294335545989,0.0433998358620502,-565417.3626390409
7245,0.030867490810815825,0.0016139276067998365,0.005424285128519846,-755258.495121588
7246,0.0022767106856844133,0.0474279286292721,0.02132589513333423,-1148662.0820898085
7247,0.03578078154289254,8.586706739555639e-05,0.03965859832877702,-625725.0033503411
7248,0.024101769365665823,0.046180133488133934,0.02604487456275952,423816.6534827929
7249,0.039440007461202485,0.03147333456801583,0.02602692363198089,297357.5597399561
7250,0.047412209443425085,0.024779961106268733,0.044619418248708846,61320.713465500114
7251,0.0018038815067434489,0.03287094226245591,0.04558307896170727,-1019368.4944041066
7252,0.044963766474313695,0.024252681525267522,0.02360485829848402,-158551.0434697893
7253,0.04052567173116198,0.016750794255310193,0.046858071257827226,-123533.78349254339
7254,0.01253420602771297,0.0037198913656559863,0.038596197630642815,-525220.1327013411
7255,0.02023621277561248,0.017788868428167005,0.016045497738979297,-222354.1712440019
7256,0.04902211170930195,0.028583832653660792,0.04959572212993955,419861.4217314497
7257,0.017179049417173475,0.02069846193301554,0.010588134905433394,-433271.9094065837
7258,0.02151820581697518,0.003100267145180774,2.789259664935373e-05,-691040.3909575724
7259,0.022653673805267678,0.0373011962296412,0.021853258323102705,41618.49766700632
7260,0.025900269958171004,0.02228079477827609,0.02634021399606459,-75078.47108727545
7261,0.038780202387483864,0.04018931453092227,0.041902902185623536,776978.699282806
7262,0.01062149540348082,0.022892222817195846,0.04155028481017857,-455984.2957792965
7263,0.047093950993864764,0.027149169120205707,0.02464999890008542,-137984.45740509513
7264,0.038229738557373,0.04958471568012704,0.02129660991756623,133054.35437146723
7265,0.008254983911741676,0.04171534005434727,0.03552126042399901,-316550.6698797092
7266,0.007253788599764061,0.016175464836902582,0.027661169611500683,-995564.1378107399
7267,0.036573278016343816,0.03903232917775323,0.007786568491495699,-416771.9586166889
7268,0.010837533528357307,0.03720612572125228,0.005805618638704286,-646129.1001392106
7269,0.0249080119462281,0.027299607719583504,0.016967727356280778,-331941.72045273165
7270,0.03981681070634407,0.0027707905372895193,0.03887222473903983,-516447.48847580294
7271,0.03230163741574943,0.0253608787836699,0.04361863487393009,476048.2432436703
7272,0.010112321901680649,0.04003870175621745,0.009388727038077327,-825994.5795598596
7273,0.04952230486115005,0.0016382384944905349,0.027659862958902534,-458700.8039089373
7274,0.008400840711065461,0.020398753323668584,0.007397333508728066,-1043976.1483162179
7275,0.009691272589527006,0.0030490254363244097,0.00040017726369254717,-897719.3233178467
7276,0.0359652943053333,0.02267302663730853,0.0022796092589061124,-530238.1395969602
7277,0.04694849094419358,0.03328050727312662,0.0132136566016747,-352156.8980726831
7278,0.021934757356004933,0.02446333414528165,0.02849639073854321,-271691.69648173865
7279,0.04287251388347811,0.02949501413670761,0.048936307452243165,584218.7380560027
7280,0.036340454464836296,0.049425859913540454,0.02753745756382403,567289.9020639613
7281,0.03392245942315448,0.03689492860323233,0.03773735172844986,554055.3129279125
7282,0.0012214814168145462,0.0063737160367578986,0.011386119301454467,-1697333.003173087
7283,0.013574724543820905,0.04526840946476613,0.03613016117362178,56239.932786060956
7284,0.007164080526718442,0.021317751654053998,0.01215607725645413,-928516.3669161232
7285,0.04149318232854049,0.04588984930097778,0.008214506840679458,-456368.3565677938
7286,0.020828539098875526,0.04764184926265815,0.032854472134579454,729209.7793169542
7287,0.043404843417146705,0.017884686550207713,0.01048511831182849,-337149.640248224
7288,0.03456518644895171,0.006871316743873451,0.041995094836313016,-425011.031519351
7289,0.037741857842770586,0.01524533175134017,0.02493557598594841,-240505.99523737808
7290,0.03995969498096875,0.04674551598862128,0.017608024794361382,-78755.44278546548
7291,0.03949959091926322,0.009723354054714167,0.045177006959328206,-312483.4523887723
7292,0.034312500509997824,0.007636966003507412,0.036991446080496544,-234369.91661368086
7293,0.036202883563414036,0.03711487284585442,0.01724387087123404,63317.231888534145
7294,0.03699001249634179,0.04132850284050286,0.017356445477054113,81395.90981680284
7295,0.010397883329052188,0.04439399607464595,0.031034703249058423,-178233.08825673236
7296,0.023019358452247486,0.04398719529699935,0.006800282178907386,-408876.7797437221
7297,0.04052923029304876,0.02454106379416517,0.0021262130759015676,-602963.8913727757
7298,0.048630634283926895,0.03890333713744212,0.010737791192728864,-427373.7303091528
7299,0.046184779000063333,0.04676727793278901,0.04002328000482591,1299539.3421478223
7300,0.006358521657103756,0.009319066661668646,0.03770164674521245,-1009967.7498630432
7301,0.045690288523149596,0.010750906894721008,0.023041391761180002,-537670.7935812718
7302,0.007739697984122629,0.02390039214153471,0.03212645650173621,-610535.1875853547
7303,0.0009277444204679963,0.03214635958471484,0.031987496384286704,-1355847.4119889948
7304,0.02275042434328181,0.04477011312971066,0.006740950876002728,-448262.59139514604
7305,0.0025655915226861672,0.024791557998732797,0.02665172600410548,-1169463.617584131
7306,0.013334459312184256,0.04808138533268432,0.012686361999157481,-320747.9872525699
7307,0.013508091436656395,0.04054932274106034,0.04614118379143825,130895.52880823507
7308,0.02680698730024298,0.0009526993473282175,0.017771744127793015,-731413.45162877
7309,0.011196991430791288,0.02555090236673277,0.03412858946343899,-372536.75778673904
7310,0.01962181427040062,0.026867999036296164,0.037993015720611575,190981.21205165633
7311,0.012307350423658315,0.009798394913188013,0.040281747341359087,-426435.59687209874
7312,0.0018511811920417565,0.007529829185528253,0.0006178372731135252,-1556473.2611450956
7313,0.027769239672795338,0.030004286590368426,0.02655153471847519,360465.3406608162
7314,0.02071345146551401,0.026451456170923204,0.009696890075798131,-542813.3866377223
7315,0.04131213624180785,0.049038650185313795,0.027031144132302728,737149.7721707894
7316,0.01871777691591947,0.03958913582795856,0.00965359655420976,-239699.54118740317
7317,0.016038678304791765,0.04699902917176632,0.00931470863089679,-275762.20942130405
7318,0.005605778891829111,0.02731768478222617,0.029370866834137917,-870500.9951913746
7319,0.029857505200546003,0.008223911452045651,0.036057236364428334,-229087.7416536647
7320,0.012114056396636846,0.04740512754734496,0.011397858867435585,-607470.1023494174
7321,0.0008655739550458453,0.028392259665870806,0.010142393655335603,-1341473.2276655447
7322,0.03142869126737065,0.011460668028547389,0.021404218209490095,-277933.4692455086
7323,0.008975720039400637,0.021440567853870704,0.006826016936169805,-1006859.0077482489
7324,0.01689865288629223,0.009946580840890153,0.04080509363915542,-478625.8972435469
7325,0.03646770417972552,0.008340969908194674,0.004145227626383885,-691148.2997077082
7326,0.0012872303006514541,0.01133358980672204,0.024008868299835562,-1520141.1203041335
7327,0.019994159843210027,0.048574951588127954,0.03961228225959762,629571.8353740551
7328,0.003909334137393228,0.007946619126664901,0.0013299525937428226,-1423727.731281018
7329,0.006911318071912826,0.026470857441314517,0.003836901766260459,-1160465.5937276692
7330,0.002993397365506351,0.005908075214796704,0.03347068225366067,-1348004.5479732077
7331,0.0009679062454054921,0.04848130500970313,0.01903931317572763,-1439886.9229270727
7332,0.01682936805118602,0.023740641698393145,0.025893089730831532,-496774.9032627555
7333,0.021000669448191695,0.024316294040715537,0.016986695037464312,-319835.27153844375
7334,0.016100371036171613,0.001365763255763053,0.03359002670385238,-465617.64582001674
7335,0.030863598978261894,0.033441018868610055,0.04705275270324861,681056.4458526205
7336,0.02365423698344007,0.04408852171511209,0.022197162342892415,107257.14418118348
7337,0.023880701373078086,0.03164762588574448,0.010795069969280936,-155428.6998612206
7338,0.010867806127855168,0.025491592210980702,0.003430490886014692,-1062094.6552548516
7339,0.011832902471199697,0.03967060767904708,0.02318667136631198,-261528.16736296788
7340,0.0013310966774558175,0.0030370709181144653,0.0459757689286316,-1303510.1127875785
7341,0.04783592241701464,0.03205519189107918,0.009247255427087332,-361346.0185853051
7342,0.01840431037262615,0.015273352826065218,0.03925781604107188,-325324.2167242874
7343,0.02685448425628826,0.03898282743073485,0.01802553051074999,60633.8398228495
7344,0.043475573173835325,0.02145811873647386,0.020868703419062197,-215388.4576853105
7345,0.024454921901124374,0.029590287685220668,0.04470559265790641,528022.5801947314
7346,0.02288777723986936,0.04650681186069909,0.01968341676834401,-127237.2950239645
7347,0.01622863472708579,0.014752280365939363,0.0010576002349932112,-796265.8057631993
7348,0.04245719703069282,0.003961686888131716,0.016716567629363445,-733866.4105774412
7349,0.012522839319361562,0.03722183670966108,0.046629358783544905,72587.49424308032
7350,0.04083548919644219,0.01599991648786264,0.022787867176546458,-339951.0258366499
7351,0.012351844821730447,0.04619900956606848,0.005937228729493988,-599768.2273164426
7352,0.04759772278223533,0.040682841370800235,0.03557888562631552,824603.4660511303
7353,0.03869968283250177,0.01696734034510236,0.014794325370355611,-474512.2017761159
7354,0.01907104327838261,0.009080662421037734,0.037318004259805186,-299323.619261044
7355,0.02375219185030099,0.04429049791598585,0.04391907546384263,701976.3348309516
7356,0.007792693929127243,0.010940913433689315,0.02053201128305633,-1012157.5594842861
7357,0.005940722980881686,0.0344716942380191,0.03687978276682526,-741855.427479226
7358,0.03606751793979659,0.023510515700903446,0.042160811093366765,307297.70351931115
7359,0.030292287336930013,0.049680588809330475,0.04077191090545895,998682.962324449
7360,0.03611294078915309,0.0061651401258745525,0.041630001881584056,-419341.4211846275
7361,0.015278610782902463,0.02094571477724305,0.023138014231014248,-105980.26184359168
7362,0.016565526448935494,0.005421940006472826,0.009968192394417664,-736678.0647256305
7363,0.040173322721613135,0.032613506611585734,0.04714207454830496,776817.483672945
7364,0.04105341768257319,0.020111011302405765,0.03931030752131859,159196.24314278967
7365,0.028821459623155854,0.014315054141248652,0.048754465666786956,-20449.740802146716
7366,0.0464245496677064,0.005609922689622876,0.041971074083182514,-180057.35433972898
7367,0.0038843359880101347,0.046440959688595275,0.0312083021406735,-741222.0035464145
7368,0.008329112222366574,0.04086312179039689,0.02578909203817538,-553707.944865183
7369,0.0029774937340211974,0.039921369239586696,0.03941690944945933,-1004670.0998494391
7370,0.02410299734250735,0.03655548332471314,0.0020074164506533876,-590086.13832492
7371,0.015905329840738305,0.03366111912804955,0.011530286276235159,-377575.73441418307
7372,0.022520568983565883,0.046597337939450506,0.04133758892865199,879456.4289960732
7373,0.027899827383135296,0.02883581654322531,0.04435030086514766,385052.36581340065
7374,0.043152955105135476,0.004414836719148413,0.023278869024892568,-576665.8885108044
7375,0.009542682678572036,0.004160987854392001,0.014619775433874799,-868503.7703334563
7376,0.03053219026726538,0.039718516042826515,0.045623818476286916,1104596.993529814
7377,0.021147806739408987,0.021116153665554745,0.007662627392460148,-585665.9237816283
7378,0.009742064191319288,0.005124744535040704,0.048795027316096404,-572112.5873050339
7379,0.00637987182077176,0.0378321225291919,0.015888214508339115,-981549.6449233128
7380,0.026857389973515597,0.043635510605213174,0.04680837257371001,1112672.3263539786
7381,0.01201151594329209,0.04556347016800419,0.012602621719959002,-618836.3569385008
7382,0.04023986013150535,0.0007625188429243979,0.026761573813452223,-440210.24299947487
7383,0.03629063433309795,0.0419469484449121,0.0420564443197348,922125.4731361672
7384,0.014943391671004847,0.04265748047404948,0.016182351387677926,-28115.708031190814
7385,0.01168836839172694,7.366348601045569e-05,0.011785762756670239,-966266.5909980973
7386,0.005921941189469926,0.0337468301299498,0.007239381388044298,-890144.2843922273
7387,0.029269175887228296,0.0063233879862611315,0.03522092664309226,-274420.34333444695
7388,0.014277275082393338,0.015434819380669535,0.03201926575575277,-344072.4731074032
7389,0.04694726618550701,0.04958005249784875,0.01786318057832915,-104429.02254042614
7390,0.04731632866084479,0.030616073415107234,0.045323428803206306,665185.3297554452
7391,0.001392607408072022,0.001658642592396309,0.0037286988852042683,-1472339.5083292893
7392,0.04021965009669029,0.0068978238982273735,0.008829250581988907,-562965.6092865159
7393,0.02926999509931228,0.04787229310344781,0.028355624354021988,481798.7779826987
7394,0.03662979004346861,0.00938671317450892,0.04570870265743217,-487539.10540970904
7395,0.0027938324283098893,0.014140950415547327,0.02268620956647012,-1270985.9774670538
7396,0.011308607737306088,0.03318804070564817,0.0339396216601856,-313609.27371469466
7397,0.010592900930769068,0.00042956343659351085,0.0037158623995326157,-962805.8206603194
7398,2.1394251363782147e-05,0.0452696857748678,0.03108328476110213,-1430324.6602743794
7399,0.006921763768509743,0.004625646109922016,0.040879743223927574,-892949.4859313448
7400,0.040551979788816556,0.04636898201071388,0.007963674062723648,-466641.6780491392
7401,0.026113738007976103,0.006073802835121739,0.03978197823872984,-403981.5882267625
7402,0.020624239190357243,0.03479127782888346,0.001515684111535759,-510368.535857228
7403,0.038896549854590026,0.011474314237523592,0.042140217890333224,-141075.41637577343
7404,0.009292924195914343,0.039504861879749276,0.006705286583995357,-868500.2140625496
7405,0.033170861915852945,0.038962936260474076,0.019311642555608445,114295.69072315223
7406,0.01221663069523049,0.017226379732174536,0.014829582949247539,-636825.4291500506
7407,0.031653331517748115,0.0022280872240025896,0.0020718192721023046,-776801.5976527017
7408,0.0143886289927117,0.013848668084691401,0.008853511908714208,-723423.5041011408
7409,0.03584074732943587,0.0011881461884396816,0.046211738469521715,-397403.9175489356
7410,0.03787434132315224,0.02014788510567178,0.0429467209967384,442257.5805512331
7411,0.03090767586968229,0.028511478079972404,0.015650893047303334,-46480.79211194288
7412,0.03315523368093231,0.006984735554225258,0.026244964718916963,-426967.9298306982
7413,0.0058055030369821075,0.022257347062686034,0.030813560485108915,-831184.8764330496
7414,0.007775171876950277,0.011105980603880378,0.04066288625585383,-523593.2225395848
7415,0.012785643361708893,0.004777802903423639,0.016534506063549687,-712283.7244281872
7416,0.046756997015352596,0.03468912807847007,0.028771716012528994,320124.29887739057
7417,0.04202098107488811,0.03300936250159322,0.04055727244028808,773736.0235435728
7418,0.032857850109677664,0.0432128910085388,0.03120040877576627,427778.19903447595
7419,0.013243743467944158,0.0020559071425599595,0.005266012346002941,-772132.0538048872
7420,0.025622289280896184,0.04858841902974894,0.03797308431123619,758535.0268908127
7421,0.038772133510325574,0.03318935609734804,0.045174406631946086,790318.8835918977
7422,0.036772965977103333,0.012918170543559072,0.024974114258537877,-277403.48298654903
7423,0.020217149815843438,0.008269540905437273,0.011118853237034876,-502645.00244101783
7424,0.014257839411635099,0.008682183249614311,0.010865419961786572,-697875.7784320809
7425,0.045819668051189005,0.017161960410467247,0.041375834479170065,-136214.00188218974
7426,0.0032194972163801963,0.04909046947964154,0.03823958706448197,-893401.845432153
7427,0.04533580335368047,0.026295568578978204,0.03172689591001689,236349.23988247156
7428,0.018040951466963353,0.021601561048691716,0.037537140716427886,35070.69510104997
7429,0.002498431999945261,0.0018275667699793664,0.04374605238642508,-1371385.6992444077
7430,0.005500382002473276,0.036051497466993654,0.009977139864875768,-1402184.4650735846
7431,0.018310444320926322,0.014677490972041813,0.024516774493519567,-311100.7516797769
7432,0.041333074329340386,0.043776704542386254,0.01110222625969437,-359376.75794251775
7433,0.016882424957974474,0.0418458429594146,0.004481750096775644,-696696.0278930715
7434,0.005844841926764422,0.02397907098440763,0.03950721780559875,-651847.6612961513
7435,0.016798809054244215,0.00347159547451259,0.04839337736032386,-342470.33361829695
7436,0.046945566112855275,0.03259507081543004,0.03409382065559074,468271.4384383488
7437,0.04668476756760657,0.032193170736703254,0.039420621465649924,634192.185978675
7438,0.023175793432770916,0.011400129907441393,0.0416266075894787,-146982.22724707233
7439,0.034219096473902304,0.01447810856464269,0.03116377755804153,46885.46819123911
7440,0.04082419910722612,0.013517261316885427,0.038407605436095366,-310726.5493287685
7441,0.00361716944959109,0.03124744120704634,0.0499466812602148,-742384.1913595422
7442,0.0433187368699475,0.04378290261449843,0.03401785764191367,702459.7107536386
7443,0.023059356379792263,0.033860776597967504,0.016059616855606508,-266277.6813016878
7444,0.02763842687094761,0.026983995522465384,0.027186517546174845,136682.67080236963
7445,0.020599379522593237,0.017640091518065348,0.016517725717698033,-420596.5899190179
7446,0.011236542913973652,0.02192736224689243,0.005887282681773976,-948088.8273933792
7447,0.045078677116046906,0.0034841899856809244,0.04187093573742834,-481970.4343267461
7448,0.012062420418219033,0.04266095897389596,0.036013309737361436,-165161.9327349946
7449,0.046048756063103005,0.04351164870717799,0.035054376178420464,882861.5320838282
7450,0.00758394115459381,0.027452265990231525,0.016991402681272572,-994977.0776263155
7451,0.04428878178202121,0.043611424702739245,0.015701872619935543,-296218.81821484363
7452,0.03358497896389974,0.01691424135286067,0.03390952476956597,-183271.7906562073
7453,0.030693552219684245,0.025547397622603964,0.04392030070338136,253057.159506425
7454,0.01230251328411236,0.03987333321494593,0.034475386148614645,-55250.22161606704
7455,0.014063393488534776,0.02108428773054495,0.0034507085261540286,-751567.1798860437
7456,0.029878832885164283,0.044394547298775545,0.005890921169901054,-436916.80895457993
7457,0.006599923000299119,0.02372834262288323,0.014061505202891872,-910315.3405122359
7458,0.01384644557068996,0.031933506705840435,0.02051281887321446,-293793.4014434828
7459,0.04223237794446652,0.021445306037179188,0.030763774082053566,112605.64886663159
7460,0.019894568943416763,0.01280117485848627,0.02356660532283767,-309250.3628050596
7461,0.03602402130454846,0.04764045703377347,0.0021083412952798974,-542899.450307312
7462,0.026591347384048936,0.03179830045929665,0.004286026336942645,-555977.7854495255
7463,0.041458551196117854,0.013797599932902478,0.043745597297890876,-209133.776192601
7464,0.0276303480875108,0.007603946384097587,0.03696104451095452,-306145.44312588306
7465,0.007861425131002703,0.0360189219424149,0.04040991096946975,-541568.950729653
7466,0.028776457256403327,0.013554622299657143,0.02186688818227054,-223610.6200763381
7467,0.026401022748550315,0.033289054986141146,0.031696276913345124,304114.2332590593
7468,0.020021216468128156,0.03790831837302397,0.03857081824677522,298993.69957383844
7469,0.03481655995414979,0.013607735210344219,0.023469814335733127,-159262.81898745993
7470,0.021637850107164958,0.04083961179724327,0.040408999046724084,502974.83508051554
7471,0.043304045231289,0.01155878906867458,0.03742272834936914,-300910.6268476766
7472,0.043519960433785185,0.008324537053168107,0.0019968530312450493,-509086.8851023644
7473,0.005275427422796131,0.03031011883509334,0.02108239352277925,-997821.294731971
7474,0.009752568196394501,0.026415178587841422,0.03927612571373207,-500668.6388457766
7475,0.04279088403484898,0.0375860491397748,0.044275569740109225,921760.5672426942
7476,0.030209269935919675,0.041853684039158214,0.020859354618127098,45235.98335188675
7477,0.04262393088288436,0.044790659440850894,0.03432040303592048,857120.7266823773
7478,0.021552315232468578,0.014083695648053729,0.0162589736473783,-220699.61061993425
7479,0.006617755103672141,0.002358090263039575,0.020720902304905614,-927141.9224728105
7480,0.002133434277902302,0.044029401334911365,0.03249790451113246,-1026214.9073531588
7481,0.04218336231136346,0.022220833037460613,0.011197647183767496,-467875.1583604625
7482,0.014513941446748002,0.042736656031207125,0.0060946615245507435,-503891.721699468
7483,0.03491329170939418,0.01128451212850905,0.017658494008231496,-451363.48100793787
7484,0.00015233764854294396,0.023954438466503337,0.006417640857014368,-1560823.5895704657
7485,0.04298237040919609,0.004886395950326916,0.012518426867782524,-651509.785771898
7486,0.0007399202942372619,0.04964386891115393,0.03207188639772902,-1291863.171397898
7487,0.03217884105019211,0.025943042427475443,0.04340277496033529,523936.59280847956
7488,0.007209404242219053,0.03964259282330246,0.040356173797598816,-335246.6225321765
7489,0.0018064178989948333,0.006633847460604337,0.02735744504363089,-1404986.8216527256
7490,0.00450957602216065,0.01411831131099336,0.02018365549950082,-1047715.1056915277
7491,0.007860877938516841,0.03520733440490958,0.0247530665479819,-812735.8497754701
7492,0.031990822041625164,0.02371497644955661,0.020624219841558124,-28918.900406899913
7493,0.024619452674406735,0.044975738401649416,0.019801941414647018,220710.5216914566
7494,0.03211312984068639,0.04169812581073254,0.031054382511440895,557771.1770014794
7495,0.011303219033662066,0.006097984125371509,0.02954385648241123,-586362.7189191745
7496,0.03636976457878466,0.038436857509784414,0.03469010987348844,774999.2934470942
7497,0.00017271124285637708,0.03869201474234682,0.030231134471508977,-1353509.3579572178
7498,0.04940906912157528,0.03822936401663741,0.02151035803853479,-574.8680885823464
7499,0.033807497958395986,0.030796786745831528,0.016869673909547144,-144296.92247561648
7500,0.026676457221769225,0.010219048974105072,0.004391508599140659,-754438.8114352282
7501,0.03665122217120413,0.019206434712788153,0.037785666116623345,-116413.23428293144
7502,0.024416850860032032,0.04048946873733663,0.03698044108312349,533063.2825420782
7503,0.03820654848608518,0.02146657439688809,0.04805896298733419,282039.1178155081
7504,0.02026272907390217,0.03965718791268606,0.02447944027005643,296894.63740239287
7505,0.011754283180023134,0.031445696835197476,0.02345547102531971,-478588.6401672939
7506,0.013203493115223336,0.019126583985035008,0.007996866883132682,-826524.3432727659
7507,0.04935227073718676,0.03215918603899323,0.00867724235396145,-628387.9934546401
7508,0.03822941680868895,0.03009392487402218,0.036127560279648925,544234.5480326791
7509,0.02922431867066084,0.0030233609693202327,0.010161986593362838,-654558.9153174654
7510,0.038437216582324185,0.0377175166052045,0.037693766565755314,544067.6387432762
7511,0.0007607358713477563,0.04025753956793051,0.021956409739122242,-1463173.5333121973
7512,0.03468307256716835,0.013603983913703273,0.03847643184099416,-308274.83806533995
7513,0.0491140884405267,0.012676937534965967,0.039209882020843974,-243104.66998452644
7514,0.030247522651445855,0.013654790846283744,0.014717852191532321,-599454.9088766944
7515,0.036581883591132854,0.014217298929807626,0.002389678359372621,-705340.4494651031
7516,0.04369801499250999,0.029447462685400425,0.037923681645295595,681557.467339138
7517,0.030161186930680185,0.02582287178402717,0.038499119059341995,265062.5257794968
7518,0.001607816470151935,0.0155943243747532,0.0313734362771834,-1287936.7042920396
7519,0.04719873474085948,0.01968253615594357,0.048764545263152555,-44930.27803457523
7520,0.03776409310181922,0.024244822462368767,0.02145792029544007,182037.47661733872
7521,0.006472125946806934,0.030759707030786843,0.002617683376196206,-861401.0963485269
7522,0.021453716270924458,0.011885438136289712,0.04781430483530451,-47433.868365786206
7523,0.018163197779735376,0.024462686388972917,0.018774655076260013,-472371.79007198015
7524,0.006860490104450784,0.017629102298177796,0.038949941959206515,-520057.6251308546
7525,0.03105978379276508,0.021870750146243997,0.04102853348551567,384935.5996888305
7526,0.0002074374269016799,0.041330040015663226,0.002976779130947316,-1671052.6289575247
7527,0.04351359544555167,0.04737860234306668,0.04095847495696349,1232456.7106635387
7528,0.0009796885281450952,0.026310398224950817,0.04143981413757239,-1306732.7364118514
7529,0.02725081810474092,0.017996835302285654,0.023534771336681717,-165503.8270448939
7530,0.004034695544211919,0.02481568224229341,0.0013923413951586806,-1269543.2853424544
7531,0.032205772391524945,0.019522612654030783,0.009567149026125366,-322629.99558155495
7532,0.0008691450548654445,0.04610595071147121,0.027815951354194363,-1084804.2447157907
7533,0.032347669282431844,0.03896788572599205,0.031329521108990614,467166.9206423211
7534,0.02065520167565432,0.03137941015164858,0.012625828985751215,-402761.0129317395
7535,0.028067581692685462,0.010279365065093816,0.04587114025693576,123118.95260963537
7536,0.02547838394211259,0.011692014041316874,0.031981626293395564,-57488.0474584157
7537,0.0045159801745529365,0.021700950930533765,0.0432982309471504,-832039.6915836385
7538,0.03839292514746696,0.035171976293610165,0.02353016713219775,288474.5484184436
7539,0.022343955894799386,0.0005654813786002743,0.03000189734165748,-557487.8287044833
7540,0.02885041656456871,0.0002639510477844997,0.00685217695660203,-623717.7314380661
7541,0.000621807793911472,0.012658947297940905,0.00019265609901236713,-1760106.5159800588
7542,0.020868462911459454,0.02381965606664669,0.02185408303298982,-253518.61627951715
7543,0.009969460281713461,0.026177961493244542,0.0407047310825252,-386998.59590332734
7544,0.014560762528126193,0.01562877171616461,0.027141292126555333,-537767.6694896357
7545,0.011687719623636256,0.01688931637487332,0.0226218612094526,-1013777.1301703805
7546,0.01931512011381873,0.0409116151890834,0.04244967802925877,697243.473037421
7547,0.020143923745686187,0.022389327493360256,0.04784470631008726,382865.12888923666
7548,0.025154375596063844,0.04965160256848223,0.03814013863438188,961504.510512921
7549,0.013211611043246113,0.011454633265645215,0.007953224400613157,-801839.7806446204
7550,0.04030728631015945,0.01534310210878655,0.033789625510873854,-158484.24926064126
7551,0.027006807477110536,0.04129986514533448,0.03754087168204687,596138.7842324411
7552,0.0031874462179880218,0.01692138047025777,0.026004935607022384,-1399489.7643215097
7553,0.04018194561271635,0.03570137689443112,0.027470197533417697,367542.5057428799
7554,0.04041876702608681,0.021746423805485627,0.0027829786962933704,-551084.5304621264
7555,0.04352678643075952,0.026329667594824042,0.04042015436819942,398350.082419106
7556,0.019604085897683643,0.029427612593974223,0.01655465027314402,-432677.5862177382
7557,0.02047874872226936,0.007369911084150355,0.0370801783455199,-346497.146616335
7558,0.014014215299918276,0.015086557222533187,0.017709448127890687,-720624.6548665038
7559,0.021606305819860068,0.028808195601068218,0.03414033158477333,-100974.13429225981
7560,0.03378447543121014,0.021184045796414697,0.024094533379057925,116802.27124530678
7561,0.007016025897792744,0.026075304134913796,0.043852835108449444,-472279.43374436244
7562,0.02302249406307031,0.04690067965496745,0.007789176996488245,-402940.7356950887
7563,0.0368454729568663,0.035399445518975746,0.034076447678781124,707626.1548473286
7564,0.033142859968014415,0.0011154136788433468,0.03710611260260525,-454323.6427659276
7565,0.024984213739644975,0.026209309484999506,0.0025436320105598712,-840892.099867006
7566,0.00941905641563114,0.04555034537815799,0.015776416838743795,-497894.03485540824
7567,0.019694011030771404,0.009460175959729046,0.031609539107114136,-436882.50741339783
7568,0.037035043790341365,0.046063092072186444,0.028103180689586935,495436.26213409804
7569,0.013781534040782218,0.003548165742579901,0.013305471901460204,-770397.9685395807
7570,0.030918227114975133,0.04870517843088698,0.003959890888450795,-769135.840724559
7571,0.019418321904337923,0.033361785470715784,0.028728547210248742,-95357.5330069928
7572,0.03258463015986064,0.02316042358450898,0.013351835271899183,-120475.22936639332
7573,0.024137613210636927,0.0190768064968439,0.03546487657142754,-77959.57649965932
7574,0.008581241118439414,0.024807396648587277,0.04795312795237608,-585681.0385939592
7575,0.026589697885324465,0.011860473739254746,0.046792514790034725,-25650.198063096832
7576,0.012207869342715783,0.03755900689968426,0.005476563003647284,-608344.6684830218
7577,0.042604480490266675,0.009028729380262251,0.01970897340674631,-420341.3886218059
7578,0.04828101673025424,0.028969736385304163,0.013199796796255832,-489237.20027323434
7579,3.135844809845634e-05,0.0003394611690047511,0.013729384001045692,-1769641.336183212
7580,0.026342739650569186,0.02424456343230292,0.04609408156430069,501375.2921652729
7581,0.038204705742058656,0.04623678179670528,0.025588909415995675,573100.124153371
7582,0.02233332060725506,0.028304414856018784,0.018607304385503686,-280624.0545108355
7583,0.01054057456685828,0.041833027923389055,0.03402657917805914,-207277.46053123748
7584,0.016282904611261306,0.022314061945021547,0.011272391738556759,-684827.7015635336
7585,0.02814195283300551,0.017917907159138987,0.04377876587341109,28470.168548627797
7586,0.026418147022823177,0.020586531885156467,0.03748098819366266,110350.70033517545
7587,0.04525506452348826,0.04087095488128928,0.02474585475980794,170228.57618735387
7588,0.017822166851511573,0.03310646715704297,0.04084340217455719,362323.04327941255
7589,0.04893197886682516,0.022862561797936817,0.03341200718436215,-17043.929150558568
7590,0.014655162660484534,0.004373164822665654,0.012652886390765722,-828207.6801944233
7591,0.0007245067097396085,0.025471379944336226,0.018657805630596155,-1480522.4534837797
7592,0.03391374049312242,0.030765701715870432,0.008393321722220843,-464591.1105768732
7593,0.03369107972408938,0.009370011232704594,0.00029765721245832437,-715637.2714511658
7594,0.048509633147973255,0.001349252352345931,0.017087453835324264,-579100.096192861
7595,0.03187556204753051,0.01851872685792652,0.0190604577370707,-2815.6859500878527
7596,0.03613637702276476,0.030107696723126506,0.02591887231382575,98166.59747797396
7597,0.044315836694188704,0.0054056823018604205,0.02348837710570035,-514333.2130790455
7598,0.011953337126091913,0.001840392408370528,0.0489516851091147,-809564.0671047531
7599,0.03670134136295648,0.010809275799567886,0.020121712757744173,-469483.1668991492
7600,0.011301212187698967,0.034242764299190064,0.01752235357194917,-547905.798890586
7601,0.0459931290933032,0.010377760957548294,0.01749130921626701,-510974.804633729
7602,0.0465907243021779,0.044234037705104,0.014658507299152752,-137493.76614498856
7603,0.024153433884358467,0.044185249172653894,0.033531728033729884,740860.6340136108
7604,0.03186398406666432,0.03302792850466949,0.04604905671114753,681733.989952055
7605,0.025858692035504678,0.009088993028089349,0.023636187693916795,-322976.6330940232
7606,0.03644441509042184,0.02460671570188998,0.015663136217979507,-77281.4755766
7607,0.03331649559769107,0.02251148764197729,0.04814101306611863,336779.8531761204
7608,0.017607027545897297,0.03587434618144058,0.02775359949599443,-274819.9826212718
7609,0.0038782386699711957,0.02348789587426396,0.0014581871082721743,-1398688.6836451408
7610,0.03949158515532132,0.036726504261362765,0.0025255918969953775,-564560.8790939442
7611,0.02498473567979268,0.048076973127862674,0.014231939011346097,-123358.11275660408
7612,0.04521516486636999,0.007554632988360815,0.0003301226889739495,-444724.5766938098
7613,0.02652606926130041,0.011962165398166386,0.04396121010273444,-141774.1602305271
7614,0.03369610022326077,0.03434451769042033,0.03366402013942867,657997.760709183
7615,0.03394788353176967,0.03735574282287237,0.03349438266578252,657601.0942023504
7616,0.041713763778636434,0.02790610685123561,0.01753441119308848,-264841.79636475997
7617,0.023342358584209046,0.022011751601602236,0.016625315241397605,-405373.770561781
7618,0.02077340612510914,0.019249337588968518,0.005557014035982611,-547654.8060960385
7619,0.041527615052972505,0.0378232865615894,0.016876936606558684,-108657.53767639423
7620,0.0472566019531419,0.04746812703317335,0.04283598622596091,1159982.4577366712
7621,0.0014686419430225861,0.018560899708599584,0.022866828338595203,-1299837.34220309
7622,0.0359358141236184,0.03174061672180959,0.0339189306794688,404491.8701741464
7623,0.038360670690079,0.04742177145345555,0.0275754183625026,759314.5845351944
7624,0.045202123224506036,0.04074094425368219,0.01689621241562364,-293870.22357535834
7625,0.040683523359471806,0.005867263598652728,0.007937981195458589,-550790.4598294537
7626,0.04961892427465242,0.021434430061310107,0.02303090120014093,-314863.23413140484
7627,0.04755154338150613,0.01809198930816961,0.011848329869860126,-411953.70080534916
7628,0.003891086871867422,0.026130990110214143,0.009984457151983574,-1225825.0109945473
7629,0.00324030173588587,0.04065347297258515,0.016429845817079874,-1330922.8202046268
7630,0.028969509101420012,0.005232281989054877,0.02527913165253988,-449104.785874926
7631,0.031592005626459044,0.022493180547209723,0.016874090820812405,-165266.07147109226
7632,0.015547751719966574,0.005469187645223139,0.005784560486426233,-649239.2364746509
7633,0.024784808145005607,0.006941462694238293,0.011172542098510525,-587110.9537792088
7634,0.00824088362124803,0.0401242180667092,0.0224858533835951,-730715.894051171
7635,0.0276294765699637,0.029147907403365255,0.019819243640838254,-83497.8954339031
7636,0.014921552532166371,0.01912227549688781,0.026741159870991283,-610532.0578322973
7637,0.017928863028663495,0.006830796218986546,0.04568434710718136,-322540.32064729254
7638,0.03662031209469051,0.0033134930232619486,0.04528499750697185,-432859.2516820975
7639,0.008523259500921965,0.004886509174605214,0.008660844886779156,-1028972.4716591208
7640,0.04665169528297484,0.011064713870175958,0.039349596285100236,-388506.1299344695
7641,0.03215191126043694,0.025911153918297732,0.01827968185817086,-81495.64181359447
7642,0.004646705294735426,0.03553273889007755,0.019739073741037838,-1028703.1545710495
7643,0.026749307008464077,0.0025880907980870838,0.03879689149242125,-612888.4925246609
7644,0.034613575644638066,0.026465018495665155,0.024815371395373955,408987.04246140085
7645,0.016851538078970385,0.0171201947700397,0.0034232959323077464,-421107.7746388988
7646,0.03433567968779654,0.0022486473811981936,7.093896684226553e-05,-514110.5866562894
7647,0.0015490592862705543,0.010172373588353385,0.028509785740486085,-1373471.832365147
7648,0.034057960046578156,0.02103691913080563,0.02043193495276211,173924.48501700486
7649,0.02883929441824006,0.029841378398292342,0.04224987918315622,590358.2453384834
7650,0.040954408256640325,0.0411763102287644,0.04220863988701161,1157292.2161423338
7651,0.043991524351079926,0.027765839396998632,0.02975835819645389,474313.92984091863
7652,0.036361299860426945,0.009950377780894538,0.018023051503515748,-514683.59469544375
7653,0.04563264903096369,0.02613812153099042,0.002589380896086152,-377396.67412246874
7654,0.020277989229361745,0.008039460161872415,0.017814343093523772,-467574.81467569555
7655,0.027248798014752124,0.025256820087838784,0.024523451508734972,-45308.18055019331
7656,0.0009169473723785071,0.022255243916574935,0.0014481883646540851,-1432295.863922414
7657,0.020243038787794827,0.032349995545072716,0.006295222910334431,-534196.1777927728
7658,0.045838637036210654,0.031525574497969826,0.010879931779544572,-400299.22333051165
7659,0.019704383389017296,0.004845363165498634,0.001103164383276456,-879912.3089311459
7660,0.045793074012156224,0.03375920253617071,0.038982305074046195,875218.8355538642
7661,0.031108642391995497,0.04533827638042137,0.044795941049283354,1042779.484060426
7662,0.0029079276254583065,0.009473499178910244,0.019789494710594727,-1352972.3344969237
7663,0.017054477730756225,0.02627862658116118,0.013326590085974178,-354933.0529345307
7664,0.03987295589783268,0.0003746924069062407,0.039575654123992075,-487529.77246280696
7665,0.019668513829065357,0.0002567504374887841,0.04235321344703829,-660589.9236916516
7666,0.022337724856639457,0.036236332148451476,0.04392243622503251,373250.363755953
7667,0.0017156371561538042,0.01310810258479227,0.005944579513830573,-1492188.890587563
7668,0.00490050801978002,0.0472820545900456,0.0402784689632795,-471712.09450508154
7669,0.01823625800023488,0.0343646521401876,0.04597226368924832,371793.5450451009
7670,0.01104067469368949,0.0007075368787417936,0.04120541706034709,-863864.6386610485
7671,0.03613491645640276,0.00801286377109946,0.02448229227425512,-351438.917766612
7672,0.008021694252246752,0.03013069309145749,0.0323784972660937,-481178.63394444657
7673,0.013834135375700218,0.03904185634585642,0.023679817446207126,-141957.44643494344
7674,0.03531789556477548,0.031990559071164236,0.02253794660553072,115243.49115317065
7675,0.014635863103879754,0.010215220192778863,0.037297201621359403,-537297.662470545
7676,0.032097173854555724,0.014047096417659406,0.0483549586401744,-11968.942790354058
7677,0.04051694653586646,0.006340113045862728,0.00812817066809749,-570872.4975335213
7678,0.027202390543660162,0.0051189775241440695,0.04821690026000419,-238292.74951884113
7679,0.03190117025577135,0.0033087018365237364,0.022174286518124454,-379827.31213436235
7680,0.011098423934230918,0.02452253680017534,0.012351274987587486,-977898.3116909333
7681,0.04158980771537305,0.03605496048208668,0.04532890758904962,887784.3243417275
7682,0.009897880736985859,0.019269611867475805,0.0402733273508643,-444426.801540662
7683,0.018692330032772354,0.018954419156073283,0.04930192216949447,151900.9397950294
7684,0.03854315934550563,0.04304087558654317,0.020348641805598117,183955.809641532
7685,0.029295926148498175,0.022527678527586442,0.022514678995478533,-63220.117320689904
7686,0.0063849567843385635,0.04210664257011537,0.019527121683604487,-998169.1381774731
7687,0.029091219698229132,0.04285359230623117,0.03867386265083999,746627.4331515188
7688,0.009911898851977637,0.030925568280342354,0.0247865544635774,-574084.5746937036
7689,0.013007607579774745,0.002042895175504822,0.031489565401133034,-845807.7555476541
7690,0.03899274574357403,0.04708592058516102,0.017749187937472984,-146491.7588724279
7691,0.01996085757677478,0.008150281521244723,0.049230801166644696,-51212.215513228635
7692,0.04247934981533213,0.04788018644864714,0.024767356906272315,437559.6532551702
7693,0.010489069209371277,0.028659227686512675,0.018604595790443813,-509982.39496634714
7694,0.01739322154052017,0.0041182142011548465,0.003657460735100604,-636011.9670853933
7695,0.018939927649275514,0.046309927199065515,0.036151185523961155,378234.0339596864
7696,0.03802792900879778,0.011714533822763896,0.0367264805541355,-97264.0220635028
7697,0.02031595631954737,0.0029695305236601636,0.01974067837591527,-522344.4012059408
7698,0.006562689371618447,0.04268497314657243,0.042014703223745384,-641367.5615622865
7699,0.014373446414996272,0.03059611513877926,0.018187985917863032,-344641.11930422176
7700,0.007711308717180749,0.03247036557043098,0.03800533216554612,-477311.674660277
7701,0.038736137053287656,0.007461029294658289,0.025628925924756914,-281961.54236185714
7702,0.0011949678599725178,0.004508474881424885,0.00405255765426939,-1576285.205667454
7703,0.002859539677525058,0.016688467452891733,0.017883980042658544,-1135346.874551533
7704,0.03489351710351142,0.01649398606818762,0.007019790208887411,-589354.0518678322
7705,0.04734378154950847,0.043773820199284955,0.0062112877701888175,-346953.6455619268
7706,0.018138934998457434,0.00840423254924858,0.04795557137164839,-238016.51268338127
7707,0.017798879605228062,0.0049058713458967175,0.03634219941649402,-546956.1437918388
7708,0.03558587580926979,0.012051722786184584,0.016073092546006192,-467387.6514533439
7709,0.020750944874586313,0.013385000088582384,0.014444385408812505,-503941.1312846123
7710,0.040079519600932846,0.03759253026133069,0.03463146059852432,511275.9777205063
7711,0.03433867784224244,0.026094096533193684,0.01754606389805295,-265239.29386071634
7712,0.03602724727387018,0.00581838687674845,0.007053525260334603,-642943.9340279915
7713,0.006313260397287979,0.03663590258751618,0.029577044218185595,-570641.90117838
7714,0.02250801896844238,0.02381156707144009,0.04137796635855736,309816.22865256143
7715,0.006083988948317066,0.01916221401727903,0.03800831027503363,-628202.6306941318
7716,0.03289196852855352,0.021757336073894035,0.011217060481550634,-529304.279674164
7717,0.04732206066524794,0.020395968142825457,0.04389175019517916,-27370.797187856173
7718,0.03889152400166379,0.043076501650514985,0.0008460997119338787,-510929.9562869196
7719,0.023869571398999662,0.012971691340881948,0.013701067761261699,-160406.7438214714
7720,0.01349201611622003,0.019465683592298284,0.020535230807658417,-517560.91317156795
7721,0.031702012407412355,0.015018227617403797,0.013638857306292024,-304813.12833297974
7722,0.018030410132624963,0.03432572464677497,8.558781224737854e-06,-737124.1011837788
7723,0.03734639786133654,0.01694843759962199,0.028811988662542296,-153995.2488344641
7724,0.03807611461192799,0.025541758381663966,0.032357562426548706,450528.1530545068
7725,0.04599703650665438,0.0014933136197385123,0.017476441808699516,-700684.8118925227
7726,0.04634270796496734,0.041871491485211576,0.03084139906757878,565789.0517270872
7727,0.011465147569901663,0.01652665189639744,0.04289781881333129,-424968.9306519093
7728,0.034913572864098456,0.014282511483050132,0.006612275090262143,-517463.9385731484
7729,0.03903851670521144,0.028811233986027557,0.048171909495401205,525019.9732482353
7730,0.020324558856519723,0.0174513481878099,0.014537807147993971,-219246.6359409442
7731,0.024094006859633605,0.016136482123580903,0.003659529989352073,-703356.9794231281
7732,0.015606452894640766,0.010944296665153126,0.04076924981392794,-518935.9259014454
7733,0.0117796266562634,0.022943578550946843,0.03363691211812397,-504054.0164721936
7734,0.007461343636622303,0.026564124221797852,0.04235934758192995,-495288.1536547594
7735,0.02920403758830456,0.024119321948459928,0.041943944735275615,214921.04707554632
7736,0.04736259636894363,0.041049269970172525,0.02042047243003773,-409889.7290846436
7737,0.03058465443346467,0.02633208475150424,0.015165431134205888,-69278.55903162848
7738,0.021766006447959577,0.041463338972206915,0.015023992143351483,-187331.7983713373
7739,0.04447785285578066,0.04957146596040727,0.01533836478677449,-110753.72687340202
7740,0.006136902731308569,0.047858717442767325,0.008553257983802987,-942568.8439001228
7741,0.03857319044680887,0.0019556739324100903,0.01177825492350771,-566343.015046149
7742,0.01300776555149823,0.014861751602664758,0.04596518801865844,-307422.3410776449
7743,0.008765485460495593,0.008681948204430457,0.034583746835506184,-746936.4253271441
7744,0.04761585534998986,0.01946421792157771,0.03865643280758863,-108663.15056356676
7745,0.0015517946252795235,0.04120318594035344,0.036169845056120954,-951110.0766397363
7746,0.04483078259277312,0.03187271417691513,0.04706683220802328,672678.2449864807
7747,0.019492870474737186,0.036626572236037484,0.03627821041054703,388656.2092549772
7748,0.013430393034246752,0.04602897695475694,0.03895883956023045,360905.1027512886
7749,0.043317589176228175,0.018129550039923354,0.04206273917477873,-220002.70608402675
7750,0.015748823031486708,0.04822005250002243,0.0011973568182906736,-855308.3601178968
7751,0.03095937736761997,0.005611975567332223,0.03593665866639111,-514546.8771435952
7752,0.018184415183701903,0.043532029671404855,0.043635125545267966,637960.9316543366
7753,0.01840449367519374,0.040499088848076396,0.03405684385797358,323086.39411024755
7754,0.02132834643268562,0.017161822197690118,0.010515246573461041,-387100.71727106225
7755,0.0031604226428254556,0.025867968430128188,0.027002026853775514,-1114637.9333450051
7756,0.022200932923017083,0.04752985898567191,0.0006845058631583634,-618999.5790804747
7757,0.04251524799882942,0.040041072351653856,0.03793761971270095,666445.6499418815
7758,0.02624576561903219,0.009517768910398029,0.04314396843867191,-183877.63639545316
7759,0.037229732728165085,0.041641060719024285,0.01178937866365682,-516854.74574793846
7760,0.027718749655196807,0.020797961947752998,0.03198357176191139,62380.73521024187
7761,0.037630384676798495,0.008685768422249357,0.00870191160574757,-715750.0888531475
7762,0.002180343796938661,0.007859251916556632,0.01200866148148344,-1481315.0339656821
7763,0.003625928954972835,0.017784547745256004,0.03375831476227824,-1075609.9137696302
7764,0.039653656387207525,0.017290813142915012,0.004191244898114721,-505129.48355408275
7765,0.03796861630792042,0.01955918441848156,0.012571379752703638,-490904.0351262959
7766,0.02353454877236738,0.048493213803705006,0.018631991832397634,161325.71822006785
7767,0.0479726537193354,0.012658457983989646,0.005277238000945006,-647569.4444091243
7768,0.00785894015011962,0.0386890869921087,0.026880655822444668,-610101.2565336314
7769,0.029096112519153023,0.0483854198426094,0.025241868525948237,341050.6139371087
7770,0.005851044447225302,0.0359257617179996,0.01039256820348215,-1013571.7015475042
7771,0.029076900740120933,0.04271893827309975,0.023854053771629902,296863.6508890893
7772,0.01571425504507974,0.02877732936035217,0.006347564564105701,-503313.31566837797
7773,0.015378202813887937,0.02520713934301884,0.012707558181061958,-621836.3598448717
7774,0.001962906076116472,0.029257048971092926,0.020062368240564107,-1386124.1869761383
7775,0.01953051297174149,0.04984063979489875,0.005589201594347998,-452654.66811143217
7776,0.00770878189031049,0.04381309087422283,0.006513082952702393,-1159138.6962271475
7777,0.04588114160405587,0.033598043064210444,0.02640814524619315,219623.69770061053
7778,0.013920034076473565,0.017973674103566935,0.04129772849567151,-31359.543913983292
7779,0.0028752274125965374,0.03842743035031271,0.04139103426785374,-893696.7573230754
7780,0.035298345444182685,0.0027252332370088397,0.03713274601823371,-545256.2613311711
7781,0.03615819495530805,0.0006546938016460835,0.044614168264394606,-547313.5446770901
7782,0.006609791266335963,0.0480391086011024,0.003538529054709494,-1025593.161264994
7783,0.011902471442797581,0.034512109565982635,0.0068620657238444745,-1123817.9114321063
7784,0.009248377849045053,0.0005585821828528903,0.0413240037901642,-882655.3639745583
7785,0.0018808650364607272,0.03162865078637477,0.02911536641144572,-1260198.3537783741
7786,0.025562013027689665,0.018757886241731244,0.014978128222770488,-269798.53979666356
7787,0.047847376238055433,0.03926791376990948,0.04613662993329491,933777.9289810081
7788,0.036694897637973636,0.04145044605940088,0.048208771093447095,1026705.1351851432
7789,0.022682227830663673,0.04534481367106074,0.0021537081344996712,-585431.6075632821
7790,0.005393606762296038,0.024518716757267717,0.022698662526400116,-1212257.677649266
7791,0.021910654001960957,0.026859582588769394,0.026918639641949224,-18668.178632357627
7792,0.043528236915131385,0.01729564063393362,0.015812047784677884,-420805.73349955195
7793,0.03509476196476249,0.0324238468830033,0.0414923492011666,555871.2485608568
7794,0.015463906347237034,0.0003197108126843373,0.04720318420429588,-470978.16406802146
7795,0.002211269686925399,0.03400064716802331,0.016091599589288897,-1460159.373307561
7796,0.021176652769545657,0.04190163887046325,0.02097897438692628,158324.43454092584
7797,0.007218576405167782,0.03772175424676949,0.0010105758530019827,-1113476.697485451
7798,0.013736649421694764,0.026903680594580395,0.02188818477573201,-480626.9284031748
7799,0.031011416950657608,0.01906738463569048,0.01952923561480731,-241445.94869872724
7800,0.017432863005206578,0.04436352344664427,0.0008648255547083983,-743721.1460176231
7801,0.046982098367090025,0.017911083760086374,0.018244137784515363,-510193.31896586803
7802,0.036294642402490855,0.019413836936293033,0.03083224110506136,135315.16935793718
7803,0.04518153395430706,0.042309902376298475,0.0257683338804589,177246.08681202275
7804,0.035832606395626986,0.019621737255269608,0.03880220784154265,243004.25957757246
7805,0.008509171837480718,0.002281589071778795,0.02703663379593789,-866103.8203695987
7806,0.010766934240323373,0.03643629714315813,0.005066175434764903,-797048.9121761236
7807,0.00042475690842920803,0.033785167487092954,0.02503997189590833,-1238522.236980817
7808,0.04760077034150918,0.012374280393179789,0.0061628058750305865,-511256.082722999
7809,0.0011553090909179609,0.02221236744726939,0.005040844269795553,-1369071.6440519448
7810,0.03878217191648026,0.0035992897192800356,0.04603774052251657,-593844.58524142
7811,0.027042696162103086,0.03481859744717541,0.006545855290238734,-392854.7342886638
7812,0.004475266289232405,0.01768418882586047,0.02602172696355705,-960126.2982619104
7813,0.028775097566481396,0.01648942291448476,0.013633114759216913,-248541.64633308625
7814,0.04907052711622498,0.013633095997199413,0.006896245414229035,-444528.22158205835
7815,0.017972983219333594,0.01519356571904983,0.021086760050289956,-542815.1717796489
7816,0.031185686818642106,0.030157396662465304,0.03491449427075929,576636.414212371
7817,0.0078342535307041,0.002297218199698908,0.03954048998642268,-880177.329386117
7818,0.010857631980381,0.015783250194483563,0.022783985720456913,-749322.369670728
7819,0.03581531841719859,0.00817922150330015,0.04512011324921397,-191845.718459103
7820,0.01607636670957682,0.04913313464195338,0.014270628149431242,-430326.3631178562
7821,0.03628265078757902,0.01883345560010846,0.04182938679369597,101463.15787399377
7822,0.023120329621179925,0.04352659429733953,0.03769693125857546,569498.1885266585
7823,0.02930142979032004,0.012499496482890532,0.012993385953045512,-298321.14964116085
7824,0.04957110457668388,0.04626939984832913,0.006920919487853245,-372494.38229575666
7825,0.010203225803958677,0.005340719312051362,0.01006688992593709,-939405.9592965207
7826,0.014511878910947941,0.04188134658876052,0.004759112549643185,-770666.69152478
7827,0.044106028300131224,0.04859650657134751,0.014087003420656968,-203691.19679047336
7828,0.022811692287105046,0.026466418681201694,0.010284466642866958,-410888.6502058008
7829,0.03657881894683742,0.028999939979448386,0.005608867750473912,-567744.0382563801
7830,0.04479911563155087,0.015109634604465705,0.007812365838568886,-531128.6728875833
7831,0.049092720082020175,0.005145449850584866,0.002984834231918521,-632477.5976901271
7832,0.011877650341507723,0.01596324586984247,0.02169013330753508,-795752.1813388398
7833,0.03425851090272555,0.018285669211495187,0.02796668053514899,-60662.092860764766
7834,0.00029057128150147826,0.019244984092609625,0.04724843377117407,-1359053.8935474418
7835,0.038742335283250856,0.03704002845582673,0.015225798824801018,-209513.7206123326
7836,0.024408808658717963,0.04222617511440046,0.044007783487975245,414884.25170156546
7837,0.035527151464556476,0.022827071553462898,0.0036582522622465308,-554608.781777846
7838,0.005967665427607533,1.4646091245640314e-05,0.017959988475146692,-1117876.4909741383
7839,0.001169198174979852,0.021751089536339453,0.02987708116087209,-1486831.8389146107
7840,0.029794007018913576,0.027764875910047435,0.011308543041120356,-408263.6437918891
7841,0.025959445084449063,0.048991796520852324,0.02223088935128725,249473.9120213524
7842,0.043724584317251326,0.01907027205809716,0.031152221890735306,-199728.7373155779
7843,0.024091945328975496,0.03443112381808345,0.04486889198044571,687231.7260316748
7844,0.02204503746032889,0.0378699729129819,0.04412698249343916,595425.0616858328
7845,0.03947722731049501,0.001227799943789626,9.482675912214634e-06,-612037.0354151576
7846,0.04414798383241204,0.03646567061758895,0.047906601608520484,1053203.936869925
7847,0.014624119701748468,0.03939841263575625,0.04007610385588184,404453.08612131525
7848,0.0428663244873844,0.03460139568507475,0.006915399620863583,-368435.8120335881
7849,0.03404713697621302,0.030224184741887095,0.016683604625770215,-116569.92181658292
7850,0.010430674586698259,0.044254997215676606,0.007097324748009487,-874520.0274552945
7851,0.02110989483469787,0.03113992613528605,0.04858982157077569,601533.5341872409
7852,0.033548817620557794,0.015243909946076184,0.003033096716632894,-495915.45182800177
7853,0.015885156142336272,0.014639327965682243,0.040953974090687115,-453567.36603744084
7854,0.018829227725925102,0.004922416644191469,0.04349887313462024,-312741.939818942
7855,0.0009027133391553421,0.00015046977641720584,0.02373766217408086,-1522348.8839151207
7856,0.00346101449954907,0.008855094801177183,0.04926422910609305,-1225022.016596541
7857,0.042218250149641125,0.03820188379658633,0.03353965265986007,899426.0497759002
7858,0.0023907724509720676,0.04179543559135336,0.02355941647233871,-1131954.5761544134
7859,0.004915998694750784,0.015037550557500924,0.025098405989227263,-971456.8781685124
7860,0.0006847298710589312,0.0126209736525692,0.01679618143683829,-1342448.6616549375
7861,0.023189566976729848,9.908027869189318e-05,0.028272131009064335,-596522.417316099
7862,0.009881685543438608,0.029862526537428796,0.011957515355925319,-868830.953761169
7863,0.020135922079041454,0.03118150996231398,0.032828630322040996,-36953.27652761928
7864,0.0015297846559344742,0.026753727403961126,0.040832083466290685,-1193052.8706024394
7865,0.010321152277721969,0.026599431887276367,0.022380732119343272,-528834.4035086007
7866,0.042496745395331006,0.021938153731971013,0.04719202552303237,156203.32032678853
7867,0.032621421552064156,0.028069161069032733,0.01459597704885885,-304142.38938743353
7868,0.029826280724165783,0.006562321123402881,0.02081220477328413,-619765.2043753682
7869,0.014221397289237681,0.033513825173557575,0.038199799076462676,765.3110532985907
7870,0.04643144273926072,0.011105038539051211,0.04423753491336824,-284409.4109544106
7871,0.042297574259460714,0.04312157874764316,0.037023793076735305,858640.1264115175
7872,0.013386072178862458,0.04389360875062661,0.02997742310264602,-231909.38408423588
7873,0.037030585192136665,0.01026286779965145,0.007870526775701242,-563804.361814866
7874,0.013842581753736245,0.025568538838785244,0.020831254805986327,-374622.45551883307
7875,0.044380401801934026,0.0006509251576276021,0.004002419647297417,-495413.3522369218
7876,0.016270493014884136,0.008386611622308993,0.020337530809506996,-600736.5036129502
7877,0.03587965502425742,0.04967089359005272,0.010103737361231286,-402117.7838366331
7878,0.013298731729022345,0.03843693247744249,0.01360248536501344,-389466.48597427784
7879,0.03518749863687872,0.02917445241411903,0.04274470494153564,297146.83960488904
7880,0.0016668387448156687,0.04898734799810034,0.048212533478550534,-938698.9875258054
7881,0.0011193897339462633,0.02497547108390176,0.020071305248458855,-1371207.3775306433
7882,0.012708157560183881,0.048891296058466295,0.008730023340627812,-668838.6770093341
7883,0.013177724615066229,0.00041114868052754,0.029011156406537533,-847194.5306996756
7884,0.04303993194666591,0.031095646782674038,0.03258036129968454,682613.2594580251
7885,0.003316018478715571,0.03574036095553609,0.020450220939673205,-1243007.0236438143
7886,0.02368562314363991,0.029250778470361373,0.04876821819201539,820383.7682616477
7887,0.03740916278587211,0.034196354491728136,0.021594651739265825,139252.78984972692
7888,0.0017225258264429444,0.026934233618275422,0.03304406151883658,-1372370.2548813666
7889,0.03520948423541073,0.03039405416376242,0.015018351255100128,-374415.2949238784
7890,0.011051570084207114,0.004504701084908441,0.0351415686442255,-738085.4349487022
7891,0.04853929706217769,0.026251123240577535,0.03365913326833568,69552.11339045987
7892,0.03463012512811022,0.008072105291139354,0.009590070942751439,-619013.8816459711
7893,0.010408861518509739,0.04664207668553403,0.0007790030278149951,-944039.4630550896
7894,0.02705843865047557,0.018858881117510662,0.03296751680817264,155072.20817693791
7895,0.011024608238456185,0.048058540986229026,0.016560766706994884,-693477.3691312923
7896,0.04629633908082865,0.029460017848389447,0.02072305494857528,-287511.0721168959
7897,0.036694276163417465,0.027653233713288358,0.006929126298566041,-470850.7427317396
7898,0.035224459983380606,0.028974695615315262,0.028282249283239864,248855.54147021048
7899,0.036907289018279686,0.03267400937914689,0.018312128173728244,17030.743504417787
7900,0.015924438482661552,0.012540942810703405,0.02875727152219651,-666412.8728262706
7901,0.014994387956985012,0.0060209145899217725,0.0391348746080395,-375606.32885618956
7902,0.010456612109116359,0.00824384959222435,0.042450048641292745,-602796.5134104004
7903,0.035106400433088034,0.03830784828554641,0.017518027305913203,-29453.470400436625
7904,0.030871810386105283,0.0466097125109418,0.014134863122214587,133822.49369078677
7905,0.0034481047797217668,0.008543902954623551,0.044873314117202856,-1031915.6940867311
7906,0.014076554109675444,0.024562645339058206,0.026728446703326372,-351487.32103562343
7907,0.04800068125088372,0.015073950765233386,0.026069564549501663,-290079.416523683
7908,0.04790621642805699,0.010067241003139049,0.029894265090367446,-293267.6980316245
7909,0.003180337801797545,0.013148758932903376,0.003460746979205881,-1501851.8139643208
7910,0.016507637383087265,0.010321690389826305,0.03992078614111106,-486118.1486576281
7911,0.023169772455810533,0.020250010687725112,0.03461615637441957,-11015.63038933948
7912,0.04735996576253493,0.015077169648114008,0.003337552367260871,-343668.8866751252
7913,0.005489008362710185,0.042860751191033775,0.04229274956263172,-623497.3119735639
7914,0.023768270345682543,0.007382148165296809,0.02632446882950904,-395069.2000029155
7915,0.0334210945089896,0.016611824506380473,0.0041259014410413965,-655714.9020836451
7916,0.0160970820864072,0.03452869833020849,0.04891838444114234,492481.2913764877
7917,0.009504507297158578,0.045727787381410506,0.022831145587546772,-336278.92641321605
7918,0.03316090627254133,0.04318494658201079,0.027873020665700167,628074.7814192364
7919,0.0030730692014858674,0.013288933606002102,0.04014528637066219,-1140213.0161824233
7920,0.027644591795095666,0.016453713036421624,0.029165086287734444,190523.3617171852
7921,0.013428505307152068,0.012050514991730495,0.04141965120354574,-615652.8603078685
7922,0.020003380313474484,0.013699447336578475,0.020458821603422057,-458976.4074367344
7923,0.04603166644806921,0.009039434520612094,0.009261467392522394,-593809.6738560133
7924,0.017688243311256874,0.003021939248907968,0.0037460613013110713,-844995.5027203136
7925,0.0005489292037042071,0.0073093541450367895,0.03201936896318886,-1285903.1971005134
7926,0.009821306780893041,0.018889498224782305,0.03527926681538608,-577393.1992831024
7927,0.0015911580881987466,0.010452945744009713,0.04979441067444903,-1353872.6733967636
7928,0.029848090037653638,0.03299898250823171,0.02580240040024185,246969.95983661752
7929,0.048294623129489345,0.007214851016963786,0.0033686395512893654,-628037.1599006446
7930,0.04080830837312468,0.00020481847639433062,0.028078090242691714,-642391.4659352604
7931,7.061935685759302e-05,0.01741223226072162,0.03254432346135953,-1329246.6885429865
7932,0.027366318365262828,0.02799311510058461,0.007867309769905085,-221451.01675011104
7933,0.014736635104937347,0.035501455670041114,0.001164858160378446,-941847.3531676708
7934,0.029764165069862736,0.0258532805931733,0.017197860757106245,-174393.15964120606
7935,0.016738765481609224,0.03994736088985493,0.01909984313776732,-44495.21815721771
7936,0.003992984493816287,0.04810197194802951,0.006518463115845913,-1225319.7681404664
7937,0.03987269150342951,0.0006971666847395198,0.018219921089893672,-390119.8525401399
7938,0.02575902733247778,0.0014891242054511811,0.036704331369922794,-637775.0830963132
7939,0.013029074560149302,0.02705842275103534,0.03961638161909013,-221496.5476158269
7940,0.029555690897397475,0.02278066373654966,0.01680561810074523,-92016.66606908815
7941,0.0022552614460943144,0.04565105013836738,0.02959657310524899,-953446.2485896521
7942,0.03157677765893865,0.022025623884797903,0.018635607799611483,-20370.684859511435
7943,0.0023327370399396307,0.0084495814177662,0.02127742525473952,-1497090.6960788388
7944,0.012085231869875895,0.0022221008124405583,0.02730070202046251,-800465.3644989775
7945,0.023205685220252067,0.02106865026543935,0.039211470869884496,-40725.57454639799
7946,0.02997639227026911,7.075741646289657e-05,0.038095494929054265,-443564.47147845716
7947,0.02412937851947851,0.02584069866781274,0.04447863833928132,454680.2175481656
7948,0.005460982657480362,0.029970192308903604,0.01410798654862494,-1159726.537883412
7949,0.0018355655475540912,0.02186908098613596,0.014180651548025742,-1485684.8819703567
7950,7.46480414172579e-05,0.02464724958194039,0.015556170960375133,-1532765.6748139958
7951,0.021706163992543645,0.00058655726387023,0.020089100329211126,-671951.4953105476
7952,0.02352022679664581,0.023301057360944268,0.03584630967145808,2889.2229245555
7953,0.049564328774293204,0.0013931175868121815,0.019801327523138484,-504708.89312490646
7954,0.04283587167849531,0.03128483806076623,0.049180074520832735,972118.151349615
7955,0.03567079718560073,0.0362123661645574,0.0038042265654549268,-581569.4587647663
7956,0.01376273751261662,0.029190485457548522,0.026119633863165098,-283890.7356575657
7957,0.03812957132098114,0.04968288461912421,0.010340213225710982,-348142.3769150337
7958,0.021419956099776052,0.04334199877195845,0.041907460583439485,960311.2009566963
7959,0.04085967160804225,0.031019680955741542,0.0496596749079234,979922.6373372462
7960,0.01789517246236132,0.005814742206785473,0.0066279954080903924,-699739.3869483778
7961,0.021784596295188308,0.04024749923993415,0.02264231245454217,47936.0681583361
7962,0.030569159135365218,0.017901080520205254,0.03574156020887097,-36199.632097087946
7963,0.0076570829798080445,0.02600578091809992,0.009256476351858056,-758254.0969293428
7964,0.023429606835229596,0.021524701218796266,0.030228107001588955,-16296.68204777217
7965,0.025477261799303166,0.04878705643514677,0.04501557975660436,1004034.309784573
7966,0.014703899396642867,0.006058840296309098,0.003237587535004388,-858574.4684416305
7967,0.009899689939793689,0.011105370464834553,0.044434068457797724,-490952.43917103135
7968,0.04624204399222474,0.01152351463351224,0.037936555032605325,-303139.3629995425
7969,0.041788197928533756,0.01887552909316639,0.04357970536905703,267580.60373464343
7970,0.04943261375024943,0.04838975924420192,0.03709534143835712,1000289.6108332908
7971,0.018583138549296652,0.01135027435886561,0.04964350341670272,-137754.45655881843
7972,0.013808726398108585,0.021919134837457433,0.013206226831781043,-649165.3918254374
7973,0.02480594297542983,0.0055190527332684486,0.04045282719444662,-181482.26845455522
7974,0.025255356046388455,0.020975117190910643,0.01815723000268999,-145338.0202228758
7975,0.028989215709756145,0.03899440301430798,0.04512804826996791,916093.7332423084
7976,0.04207591677203155,0.022275658235972124,0.04169960315728655,68008.78327676232
7977,0.026430769696262447,0.03190890790731463,0.03372802017214604,11202.424450802038
7978,0.019984091702432896,0.02430265626208071,0.034629449797491246,-179300.51093246927
7979,0.015396412247018716,0.03734566458567711,0.01770515716200574,-234704.10132057354
7980,0.029274474064263756,0.0418811358952666,0.0011602459798726594,-678981.4703532258
7981,0.012017002259203657,0.02805838366050827,0.00530512200732835,-821143.9535708622
7982,0.01028008671959832,0.03745447317417479,0.0012911522491137863,-952498.5781832511
7983,0.03050183798388735,0.0017078527226443764,0.005796184848711855,-557220.7894645426
7984,0.01951703946671452,0.04823843455144658,0.02729237748732144,372592.8797375571
7985,0.015611208623338986,0.020566317810851904,0.028438610285357893,-102152.95096374373
7986,0.030970825995065555,0.013395164404442562,0.009864721897838775,-458341.00607017474
7987,0.024765466168060718,0.03224256251152185,0.040828999680691314,350642.143016966
7988,0.029639765801340135,0.03462170421550008,0.024198963055723357,513585.97545136494
7989,0.028335962889632884,0.0317723782873123,0.011816562204829024,-70647.4019972264
7990,0.04670370781649753,0.0172669444880702,0.030234406765668,-207782.70306201332
7991,0.028047710437718407,0.04266727374672963,0.005680218753516398,-660737.4820925281
7992,0.04421155084234188,0.0068507525367296875,0.007226518859044401,-504554.102409709
7993,0.04311274164785654,0.012855095319758508,0.03058932355285295,-412068.9044291811
7994,0.023180536897817322,0.04671331262706357,0.03910419940370381,793412.9248903663
7995,0.016749688889364157,0.04067203732881279,0.011289424451758519,-511700.63964368904
7996,0.03077856758797569,0.03757918858623039,0.03515792383565177,543303.8200175189
7997,0.032834100153178614,0.04149844153404781,0.027810422132812308,460518.4415726139
7998,0.0464173953004861,0.00724048858209686,0.017785429669386094,-465454.73446506914
7999,0.0391496005891212,0.015402785391826414,0.022147455364056698,-269421.51437866245
8000,0.03864397788636464,0.02692849263935662,0.009380879310292967,-597203.1396151236
8001,0.008741926697865516,0.015061614690777509,0.015150628528970722,-1102306.7239302725
8002,0.006833727304056703,0.041733033110574407,0.014131331393402509,-976454.3809710883
8003,0.04011232512970295,0.04867250910497256,0.01659807031028131,-70943.7391318381
8004,0.04851154968992991,0.009560039951735289,0.03237266538453427,-252472.60038358855
8005,0.049559007457643155,0.04041859572685118,0.01148503933763323,-445046.52179666917
8006,0.012866632604055007,0.01312153033354781,0.04714963187899869,-392728.21896527393
8007,0.012270578481395922,0.02548076570500688,0.017494464753171707,-568610.7569509116
8008,0.018063470012725836,0.020410893739787633,0.017252247210367805,-512691.1076244203
8009,0.02999637794519064,0.02127357965383708,0.0220505783001798,117274.7887596888
8010,0.02529969894098241,0.017808926192172787,0.03772797912431234,161935.68106854148
8011,0.025174117731673648,0.02546055659779491,0.010492257161569936,-372408.5618835544
8012,0.001541837865620377,0.04046375580425545,0.04277409236028319,-1013072.0192580146
8013,0.01206233983273286,0.018001615074963322,0.017900895844142128,-612895.7185006026
8014,0.034210616761614035,0.009361796027662656,0.04893566911782633,-354121.97556900023
8015,0.0030930737614144835,0.048688374699277184,0.003439104396312992,-1367817.1272331583
8016,0.015875701306061668,0.01253466252161502,0.012981714021088381,-642560.6639486625
8017,0.04973347433134384,0.02291758759044815,0.005975528243159734,-438100.3310482416
8018,0.04911399824829345,0.012133278665938375,0.0036273520946113248,-652001.2567139626
8019,0.0012090314778842204,0.023161538091195484,0.045916618409963306,-1122514.6130783684
8020,0.0008480237133949853,0.036258821551451235,0.013021091587530027,-1389551.507251329
8021,0.010953023275912533,0.03518948926848685,0.03739366322567351,-253221.74003353616
8022,0.027950762759908668,0.010112771750013861,0.0003154070650085439,-614809.6660769505
8023,0.03686388964892651,0.029980724719620867,0.021127311706891857,182249.08322732925
8024,0.010679097589651326,0.03809671972192119,0.003544763485407082,-756535.3690029384
8025,0.03213512026058884,0.03441992086147548,0.011162864494070723,-543982.4546258247
8026,0.02416624566339777,0.02600996846997522,0.029564096179528987,-31017.775297682852
8027,0.04505939838559243,0.02732075500051393,0.0033659229527052584,-584591.7614932017
8028,0.017248595258413307,0.03141634234269982,0.016657036871438113,-275830.5482325394
8029,0.038397011405822544,0.009495270304713734,0.007150255721016957,-658767.2493645409
8030,0.011551633486299367,0.04380425026489339,0.03404673505275293,-430143.3088141057
8031,0.026002432575936464,0.015016864277329501,0.04592954199717699,113432.78289091821
8032,0.04443882016612209,0.019970022733371798,0.0376361918835378,-11704.293914132999
8033,0.04567819578967007,0.015667670528556166,0.016435917181359866,-392960.20850469096
8034,0.02729031463773578,0.020418329443755063,0.03807397878513087,27322.505714392875
8035,0.026846513341820945,0.010592772931017609,0.01781936335903588,-290261.5049105177
8036,0.03356195262115867,0.002671712191026826,0.017108358757231403,-611624.5001736234
8037,0.0008048055796841037,0.04104334781605434,0.005859496587397196,-1416326.2424716398
8038,0.00386023604256876,0.0393296508333138,0.004475343130444626,-1204054.9078851682
8039,0.03421312713704741,0.01899317878796716,0.041084972945947026,-6701.411458756352
8040,0.009142562724316955,0.004220853677877045,0.011420372612205826,-1041768.6441635675
8041,0.046606751740515595,0.04145604865821585,0.014289365371678582,-309180.0200500329
8042,0.010305707059566321,0.007842094393889438,0.011060170301453044,-1107697.6757829904
8043,0.010252197171164974,0.04440939342465547,0.0009992954182082958,-823562.5665899029
8044,0.044006125480524926,0.002071235416852735,0.041341741525673846,-397047.81709544116
8045,0.021287361822079322,0.0038602777308737127,0.03995026035962317,-672198.742608798
8046,0.01282198542992797,0.04390140263104495,0.037612882710382246,-71455.65892992505
8047,0.04908852364836482,0.041593644531545106,0.01204807017234686,-289388.7540697156
8048,0.020460760018013658,0.0348315150750693,0.01580324781372556,-530619.1125235263
8049,0.027325180932432344,0.011882355941077317,0.03314754305433136,-84893.77159621347
8050,0.01710669906362097,0.0027589019168539177,0.048388703117320714,-305926.02275787084
8051,0.04219517844408704,0.015185838630440818,0.006481240009502166,-566961.1364445789
8052,0.036761308663265706,0.011033639088868737,0.03027270368662135,-300084.29203716584
8053,0.038953956417148786,0.013621193169162528,0.01423183175625446,-649349.8824926458
8054,0.0030806332332611154,0.01599240787663937,0.029872553423241396,-1138650.2742053003
8055,0.0077898413036721625,0.047654139714858074,0.03612078666769274,-504343.94384451915
8056,0.010195044363476818,0.026530833622824747,0.019572044204129016,-521810.6183340584
8057,0.01911765785443383,0.027999409984310865,0.005407532949414185,-725343.5329960751
8058,0.010765681292570162,0.0074840152333224275,0.008698959717850608,-1161315.449771115
8059,0.03276087240227681,0.04980824438789625,0.03255530576459234,529885.1112190632
8060,0.04923617610281983,0.028850367779489728,0.014165430979505352,-333373.86599728715
8061,0.04361524152185511,0.0033595547590386243,0.005121396920697941,-639508.844600426
8062,0.0473812204438425,0.03250925996768787,0.04644810119504679,643110.8591377831
8063,0.006644326005556117,0.03841304767788299,0.011740522529333603,-915950.5468694324
8064,0.01716770921501774,0.044949568821731845,0.020562767463828555,37871.03721942988
8065,0.03352682984733776,0.044363802712092296,0.04354369641859067,1026748.9940619761
8066,0.0004453626911658071,0.007910763783784403,0.04593108195678327,-1344041.8459820186
8067,0.028120793416113052,0.02400999944398251,0.0032628929135173623,-687052.0670709582
8068,0.0012526120468725644,0.04767073685088506,0.023692554125247095,-1200216.9852976461
8069,0.03932086577523031,0.011000069667473739,0.011853597624610274,-371599.41105935985
8070,0.028012766019710325,0.043801291802420816,0.014428996780229781,-82362.98594360535
8071,0.016439999187791068,0.027531415310983562,0.002000278588386456,-836044.6771691294
8072,0.018938107412263594,0.0278141444820848,0.00024134011281716773,-653315.8313476741
8073,0.03190017585829801,0.0025480489077371604,0.035997945986586004,-453888.15650478116
8074,0.040083923046016344,0.041939737890366036,0.033669405341227275,986979.933392223
8075,0.028078530228898353,0.015378074710559592,0.02123068592833204,-174702.52519033712
8076,0.004352802851509957,0.0353550778698634,0.001234218401723941,-1264803.2427892105
8077,0.020671854226870685,0.025310535083669768,0.03250447590017332,-69501.89806454329
8078,0.017159944570323837,0.02213939164445708,0.02936880059707004,-658613.802481573
8079,0.04615873954174014,0.03359860655854158,0.012721720128515503,-341969.3230626048
8080,0.042363181029967174,0.002753223590119214,0.013614953099233475,-691319.9256545588
8081,0.0054075892009381515,0.022351932021512946,0.031846359537676526,-808017.9931957193
8082,0.026549766063643516,0.040563110106899704,0.02837440821685367,241159.6048128242
8083,0.011633347312849818,0.02682109305842136,0.03677447607663484,-267277.33769956115
8084,0.025147668212941978,0.02209847741916949,0.02645486766999627,-88208.30711853092
8085,0.027402908617976757,0.01552785654298161,0.042711317552916225,-12966.818888297725
8086,0.010384150738845466,0.0016416060854143268,0.037074610792873296,-658932.391544643
8087,0.042115688549946906,0.032136813648497915,0.02344725714562835,235919.94198616425
8088,0.048760272312186756,0.018538011852185,0.020294892664726595,-402718.5370935688
8089,0.029555637363066503,0.02152134417014233,0.027764918834418548,-32904.14940534278
8090,0.048328185626668636,0.011874934612551697,0.0074281462897219765,-472926.5802913681
8091,0.021177561669732583,0.025199928160184005,0.03565982921874447,13261.315485813402
8092,0.04775865903154373,0.034433516853478355,0.04935875778071598,807940.5395524858
8093,0.012316934667181307,0.010444504434033254,0.015326737544938724,-756876.4085963409
8094,0.03935619613037378,0.009325736124198491,0.009809502483421684,-609270.9137661891
8095,0.02058678803072303,0.015877214369816272,0.032323904457190536,-542187.1842073373
8096,0.044508351642225406,0.006933028592094987,0.027337746347471794,-389187.99592260807
8097,0.004420035885655693,0.011074670503139745,0.015455077319768157,-1313268.7855769617
8098,0.028955147287336544,0.027743949612653702,0.032153312583989284,300499.2692111295
8099,0.040945320861386914,0.009361493906371537,0.03716912387304023,-402786.00234410964
8100,0.033351047747219684,0.003985551746264943,0.01723476600263358,-536605.6099166648
8101,0.0013849674440837125,0.004509219087055855,0.014189340002833041,-1311772.4801240065
8102,0.012155808221717614,0.04500868847193962,0.04468942814374019,50684.85675993196
8103,0.02889337587883426,0.036751777954305245,0.049980065656637616,1083651.5310381243
8104,0.02050963488987644,0.026121271303145288,0.03255749695225784,-117107.99072344371
8105,0.046027910620934094,0.03985082753620657,0.003221088876336981,-696922.6347788025
8106,0.035647514206014946,0.012596776512792025,0.012745084827077459,-531735.2609422872
8107,0.027361912252624777,0.03481504256152889,0.00796139112541987,-334653.156073133
8108,0.015725574048196883,0.03580605021250282,0.007600099660496945,-579835.2882711756
8109,0.04248542381748377,0.022802139708121307,0.02929951251042569,188766.66349329703
8110,0.004019919918774712,0.04772506221506569,0.04537661274856612,-556610.253094606
8111,0.009503935806003184,0.033155113826444864,0.03965586093661615,-266273.866388041
8112,0.006098370091801453,0.028872677970463213,0.042522696506919935,-739032.8582658444
8113,0.02533570487203575,0.04618926699624053,0.002390094846030633,-573447.0283286923
8114,0.04596053414868369,0.04886090238638108,0.007797105048655818,-417050.850487558
8115,0.021547509830454503,0.031038246133066685,0.044661914414437565,204862.52638385844
8116,0.007976308644486908,0.016701397903540426,0.03989649058505099,-533006.9794162053
8117,0.020500228135595783,0.03024717373872203,0.028000276160833077,12256.93951074708
8118,0.0486585847838298,0.007076561195840875,0.04742202810438079,-270649.55080990324
8119,0.028207535784394028,0.04520761290276631,0.005897106842451949,-611660.7704121986
8120,0.03207515069399438,0.04200550181722718,0.03934407507068002,827132.0829115153
8121,0.0004969161267122879,0.022610273310610038,0.0057673362184275994,-1296803.2562132394
8122,0.00764125538888687,0.035314385499042554,0.047828976476564505,-333676.200936094
8123,0.03170487205916008,0.0051188530402279725,0.0121998295927579,-539724.2294022901
8124,0.01894371987119573,0.00626787755881223,0.04239840511875309,-235300.77903090266
8125,0.00972525916103864,0.006477553861687252,0.03628423360766574,-798506.5667282454
8126,0.006341617563278563,0.020515972357425683,0.025775415237558504,-1024656.7782825663
8127,0.004011464684744864,0.027789410203426436,0.02400820012749892,-1119430.4773122023
8128,0.03342081393634776,0.010957296498683362,0.01783145720316569,-264857.7919614046
8129,0.03298276695299892,0.001779831112053193,0.005789747139683977,-658471.5263101032
8130,0.01417759156575419,0.0053178186953594005,0.0019756234502654123,-756068.5473437296
8131,0.049369121132384224,0.02278799910911072,0.02668420025498111,-274765.47599050833
8132,0.012745244819102575,0.00038436209602397134,0.03753620927040916,-780158.489284699
8133,0.03618764911141403,0.04862703714446983,0.0010551041202405465,-595985.8902569603
8134,0.0068510367195324445,0.03560705243821394,0.01650368186712778,-686536.8700391232
8135,0.0031886565755220755,0.015047906809183826,0.004385846274715127,-1006999.9333568695
8136,0.04188028778055699,0.04384665777022998,0.03184449609935373,665424.3507559332
8137,0.019279862801868598,0.03843946228681313,0.03157951316695697,256119.55739888936
8138,0.0395990989597093,0.025545367733492804,0.04791724522453419,309678.2022752621
8139,0.01450168472442477,0.03020924637251134,0.04040263001553779,33520.022441053836
8140,0.044693640944151,0.047337414494517886,0.019750548632281623,17491.5103373347
8141,0.03496713645853837,0.014509856099020176,0.0324689653807236,-99527.44690657296
8142,0.009211315256951546,0.021072559239113883,0.04601185378409583,-619489.764896665
8143,0.04054531585749303,0.02482530744319851,0.007342266302440126,-651587.1525041935
8144,0.019928580018206556,0.006933948929445044,0.0034263819076155223,-699632.3541554564
8145,0.045325569172260015,0.02457157360195065,0.004469435642601694,-576608.1941904108
8146,0.03583342956974094,0.003709075055948652,0.019808270857183088,-488933.83150405117
8147,0.011514527140626825,0.008231514159910814,0.026677460400250305,-870617.5144489118
8148,0.03598448066300381,0.024359486738889415,0.041040122744620836,561034.3680150639
8149,0.045869346276931046,0.04035905522666917,0.047824582757175695,945535.9202658753
8150,0.046451798574293886,0.04162584194006114,0.014631630030158632,-68519.34766348828
8151,0.008716603236684424,0.03635056847699233,0.04227645171362895,-316829.1744427606
8152,0.04115617593177487,0.03218112203540351,0.04149340823758884,818385.7461087513
8153,0.03535830972076451,0.03326829306514586,0.0023288248828780946,-532348.4815698498
8154,0.0230237263970982,0.0016923056794764025,0.004618502397488,-646582.3504014376
8155,0.02705023265665521,0.0023739516947113293,0.04566101913578375,-720336.6174161521
8156,0.022517047858323903,0.03499833248572745,0.0073897591231521405,-400606.35992196755
8157,0.042379762505248095,0.023903345816636324,0.027938795980643152,69259.90837853833
8158,0.03242420899321018,0.026994912643844085,0.028159356112742263,273735.72643354157
8159,0.03722616644779807,0.04032356853985956,0.015308303170926879,-299463.6249282431
8160,0.04610246475245541,0.017694833954787666,0.013616280309892054,-357481.78119256924
8161,0.015571521106317893,0.017925757869391445,0.015846530290479933,-486387.9689682156
8162,0.042187508844239774,0.02805763402589911,0.048382269096867714,697399.8453427909
8163,0.004197778768786332,0.030699008702485816,0.0048012148666504275,-1108356.8043555494
8164,0.022942504234026412,0.019136751126669384,0.034038745755598364,28959.58841228546
8165,0.0372722406640598,0.011904682603284894,0.009685740823595185,-544194.392079118
8166,0.020975521626362393,0.012099365025143706,0.03383120035606071,-409627.3289071682
8167,0.02588488248814391,0.0413488508965699,0.049063602113933714,1061266.458533512
8168,0.018905393226023776,0.04559983587379064,0.0388586118577168,565659.734962798
8169,0.0074561705752696,0.041796415359600256,0.024075365615136797,-709871.2803064276
8170,0.03545804356000963,0.035130580215984954,0.044298280199386086,885667.9094808389
8171,0.038058235172494535,0.0412311869058946,0.016045596956860326,-194333.37875843182
8172,0.04865687629809984,0.03307960810133919,0.03868458222393331,784602.8281432886
8173,0.04294406427563541,0.006189160970544955,0.01682054372447004,-616424.739010441
8174,0.041796798574328956,0.04609909955661302,0.03780467110264363,780669.4264179813
8175,0.024115446577532913,0.012556113180308515,0.026251374496340508,-207404.10704222947
8176,0.019865011237579378,0.04428153981461613,0.028363250457063546,201691.7712172954
8177,0.019603317592792054,0.02492399602527806,0.046678377186164105,212551.94678440274
8178,0.03066292392656901,0.011448970005781645,0.02500387895198361,-203402.40442253422
8179,0.02328291184971242,0.015520213755328915,0.03681497558852965,-254979.13743000914
8180,0.01341434747253964,0.02462744974811029,0.02205233514675338,-520862.343855391
8181,0.02334313336228912,0.028338777873688673,0.0341648633028799,-66690.44311881982
8182,0.007149992134287847,0.01441625508519151,0.03864183836147819,-548593.3561603051
8183,0.04538726761933097,0.0022328493018761333,0.003668278755052662,-600952.9974811346
8184,0.04669148404316415,0.007397044729321789,0.04896445652685541,-257388.1181738382
8185,0.04141110658969664,0.006035221322382789,0.005126252661153219,-698275.553563207
8186,0.04886484649324371,0.012741139984113421,0.026933360082780917,-240730.23232292297
8187,0.011811785158499856,0.030033725656535695,0.04200142719555101,-7503.59130225799
8188,0.03284545931988886,0.0023308329472320533,0.029759467181687496,-475848.0120564255
8189,0.03305083172999832,0.010044900064057345,0.038105895037039705,-230592.63223366943
8190,0.03134466848146141,0.0004773588517027139,0.04752775365100017,-542643.642604576
8191,0.022278979517968908,0.011618947900806937,0.004309887095842258,-565696.72296019
8192,0.018721446980066083,0.015388455552578601,0.014897657074739041,-468690.3259742065
8193,0.039660057066254265,0.032296057775068596,0.0066526505465501875,-467151.1604300194
8194,0.035403705184757814,0.03617410027066272,0.02571343151304281,397925.2518566497
8195,0.04978835076769742,0.014173963656405214,0.0029227819140192016,-545680.4403889445
8196,0.001440310507462811,0.016027402895594046,0.024895898604182617,-1155615.7589168905
8197,0.003911552954594094,0.028289930458793713,0.0450435282623149,-866237.4727077853
8198,0.03984314073694975,0.03362342819627456,0.033086584727202155,650373.7977843954
8199,0.03651502829164106,0.024710319214096915,0.020089990904391765,94697.62959134748
8200,0.01533277515571338,0.00498091823988443,0.028108127250895378,-726048.6592948261
8201,0.02362590420896248,0.005945144766925226,0.01341348742793484,-355312.3933394683
8202,0.03936014550902326,0.012780202446986645,0.02128595715229921,-256775.29885751358
8203,0.008065382792879083,0.008492330599769926,0.03781728593213321,-1031511.5961691948
8204,0.003333710057260464,0.01425130719645945,0.04904222449958521,-1197440.1781416312
8205,0.02379464569443826,0.03031066713674026,0.032039480038325345,227247.77139345513
8206,0.00980693396529207,0.018467104698408694,0.020035331888117177,-944329.1318143544
8207,0.011534160044928478,0.01169919059697659,0.030393465325096278,-690644.1216383091
8208,0.005423779550580688,0.00645727232496236,0.028665102442757967,-932814.2215025704
8209,0.022466903356361475,0.030596673291309925,0.0013479757189050646,-790888.4593951752
8210,0.03524578636382338,0.042494482091851034,0.026207014936570662,394042.0224872992
8211,0.04204201597963066,0.019983132636483037,0.003946212940803418,-632341.6403936959
8212,0.018877208525956885,0.0223184194160806,0.043276885100492574,-25945.06532265077
8213,0.016735825658259217,0.015755041266445818,0.04440087172421907,-131300.8012062963
8214,0.012548300163323579,0.03212232678004838,0.016331685646061973,-446108.2199270479
8215,0.0475727944842298,0.00948124630567001,0.036196914193734046,-314492.9849688815
8216,0.02750320546329566,0.048935390987053545,0.04970282188996698,1783224.5770914778
8217,0.03968490502119646,0.0051728032806665995,0.023450347216335505,-464803.7289086076
8218,0.04272564865532644,0.03192416455456345,0.04394846967420605,683842.1626594814
8219,0.03996831049977397,0.015648024031763897,0.009753268968580876,-543431.923917993
8220,0.016128194967300214,0.03479724955267893,0.0240532488071119,-484013.77711321576
8221,0.0021924102171094863,0.03712384909430913,0.002234843322843161,-1435927.8624756096
8222,0.020465213082394726,0.02311421870607592,0.025151342577240433,16686.96775643051
8223,0.006954544412020581,0.037389509065422176,0.04246861151607285,-458098.29470906046
8224,0.03489502758946538,0.04755353270705522,0.012875031968976297,-232248.1207383507
8225,0.008036504694338914,0.0033647630538637674,0.03607598679570276,-862905.0728621493
8226,0.00810536352651719,0.04690907123707435,0.029917523826347,-439826.93935449305
8227,0.040206783314862174,0.02173492065267544,0.036742293193597605,441553.8209392684
8228,0.0221825565694755,0.02693819039070124,0.03867908665095309,165602.45188789244
8229,0.011907677777124087,0.044225475655584504,0.03581494144848065,-72337.19333125338
8230,0.03732700672979804,0.011908150335124969,0.004506369167274138,-574690.2789778716
8231,0.0036428225627851644,0.0323508279915836,0.007500119121634775,-1178763.506055754
8232,0.0499595725197277,0.0480523830520291,0.0014588378475345943,-223250.96699610222
8233,0.036252879421963556,0.013038602685786655,0.017044989245526537,-471239.49769038794
8234,0.01201552185201073,0.04152728115544393,0.04468761628772852,138747.73731448845
8235,0.0020200778377620133,0.013501905658852587,0.022434923115904254,-1333027.1104379345
8236,0.02609110157920044,0.004382343907173331,0.041501409648788935,-569638.1978199986
8237,0.046698994977753566,0.02014325414833,0.042861703988300665,-30294.718972469673
8238,0.03381774450317824,0.02958718055402782,0.04095250749698801,604115.9097041538
8239,0.023651480854626372,0.027385803299046937,0.013733292980470574,-286028.5923475512
8240,0.0356092379860551,0.00795311008740387,0.012158078236522991,-398284.297393844
8241,0.02399604771067322,0.019265624291901713,0.011978916858031702,-390395.3157512629
8242,0.009594427326331907,0.04304485884043076,0.029542944869466653,-329603.93165960547
8243,0.01886963295060249,0.042289022547479904,0.04125802433557664,582997.0039935522
8244,0.0055443528451913585,0.028364281320661506,0.015280645836620633,-820170.2418243979
8245,0.02704174373454757,0.03589994085718618,0.00042537949824334457,-894366.943597514
8246,0.025678375528784738,0.014586617002987273,0.026700545007907323,-94366.92209002367
8247,0.0054921072039169575,0.040878320911762335,0.027183422600051518,-1106948.1739213984
8248,0.010553172521833238,0.03848423644750119,0.0018891214159745596,-792275.607735473
8249,0.029641169480772608,0.025088081330783274,0.001982250763003546,-738998.4842319563
8250,0.012485273661431802,0.0038570220440445006,0.036619346625213295,-683422.4866087924
8251,0.03528854849769796,0.004464898402414502,0.005460359232932699,-555506.1993426498
8252,0.04401411067786264,0.010042372150148332,0.015183053560883631,-558139.0034248971
8253,0.03421400821968669,0.0030361611294568605,0.047382825587914124,-424057.28724989353
8254,0.0011504503547564993,0.04245712556328837,0.01804530282789772,-1269882.3601225251
8255,0.007501996116366694,0.018874553953520796,0.04864207747427682,-575062.6550505449
8256,0.026448889263906945,0.0029640093277733316,0.04707709327853146,-511155.9579735937
8257,0.007178077731625565,0.0027343805200102825,0.0022712954073787817,-1228109.5654949779
8258,0.041316744886351044,0.007650960469563612,0.008949144735933934,-518568.743650691
8259,0.04720576752666891,0.03058055726971394,0.014270958061757206,-526063.6388793411
8260,0.02932273723838132,0.01215462592546836,0.024713258895150865,-36788.03819513312
8261,0.01673112270416563,0.031131326854504156,0.03794043353343163,109942.38643627372
8262,0.017425375932523423,0.007195651381910246,0.01778703025837101,-879028.1956503959
8263,0.037907744189929045,0.03935408603285971,0.039277547864306164,971165.0257505041
8264,0.048728620638383055,0.04123914076929465,0.04842865152951155,1367061.1740932995
8265,0.03133961920746646,0.01146741842797407,0.030409814712235295,-249535.23769138043
8266,0.009891702783198238,0.004266312670892602,0.015066225357847097,-884891.4241659067
8267,0.018138777794308582,0.035444396831824966,0.018153835563042325,-308260.7728171848
8268,0.00015742005979993423,0.045847065033444476,0.029470209544923204,-1275131.4759899694
8269,0.010537903770086,0.012614381276401843,0.006207011829873105,-718999.7091760434
8270,0.04532733741104639,0.011510429402268535,0.04703235677661958,-299889.689935279
8271,0.013215567912125959,0.03996255982255927,0.0005226076208312114,-937355.2890045432
8272,0.024163679760860653,0.01846072665024628,0.016729287946693993,-216867.44694082407
8273,0.04960781468451392,0.03604333556853029,0.012788895955000407,-285789.187475519
8274,0.03762208774203851,0.00647843861212748,0.0462964227070234,-459945.5684256934
8275,0.02131931123345468,0.009533145597908688,0.01364102420752793,-526476.1228001439
8276,0.007757441995047205,0.0465278997322951,0.015294680626569485,-736391.6023545058
8277,0.007142544358671782,0.04064503874311642,0.010662956083845149,-917147.7733608255
8278,0.004707517502047021,0.033419745582468866,0.0003702842482153912,-1129647.9872693226
8279,0.04162102968376086,0.028135478250572984,0.012340921078987238,-514983.4982506692
8280,0.023679687861217203,0.0131207475053577,0.02664285607371597,-472429.30555807677
8281,0.028582206060207577,0.03858410799652356,0.02330437100378087,190262.46291459585
8282,0.03933189059706954,0.003462183418862741,0.04606714659044847,-308176.5689430346
8283,0.009275436149634575,0.041828866980321365,0.024731589186243887,-753675.2032588783
8284,0.005235870309725766,0.01799012037944473,0.045916530725470014,-883665.7804433694
8285,0.04173569776998826,0.03611578904265122,0.018992294049338304,-57229.03152343121
8286,0.02943954067530275,0.011606098546847377,0.03239217566486429,68105.89650337193
8287,0.0130470162796617,0.04145034097634305,0.03522491123989029,-115305.65852446495
8288,0.019304480875515236,0.03297409658846114,0.016256807684333737,-118737.14036520019
8289,0.007782647467964305,0.011759197427648777,0.013584401700811417,-869923.3248041546
8290,0.011330830777224766,0.03391780000476328,0.03698306793574919,-266417.64723225747
8291,0.022856960183793254,0.049389694262360714,0.04455103026392707,1344557.2521109877
8292,0.004352509250627706,0.023022532815407077,0.0454238354265076,-768199.5227490134
8293,0.011013210419237236,0.01891980127661848,0.04734737280672327,-522999.6674641808
8294,0.03880311873445144,0.0416162500427356,0.043974188869914645,1127480.0955312517
8295,0.0085587836206448,0.034963700865801445,0.04014006450579153,-218060.26618671458
8296,0.011323974918096747,0.002167992873300939,0.008917790713999152,-993173.1309984132
8297,0.037070143560413306,0.03471453186535161,0.04458630739333376,950368.326509297
8298,0.01584765106646594,0.031087203061745967,0.0013396702659056237,-781265.4312072514
8299,0.04675421526165685,0.02772463030981297,0.03741926738491707,308601.0596719331
8300,0.01419079764180985,0.00409771865591308,0.0031411029373862756,-642780.9832199888
8301,0.04073301964164107,0.007597297570346429,0.04120009257181528,-259548.79562517916
8302,0.013263283216874084,0.027063602437339088,0.013095829641874163,-466754.47711267316
8303,0.002504190680791896,0.02711394536160743,0.01835602053176477,-1149665.8610208402
8304,0.021755499140940816,0.0300779451987796,0.01568303536837587,-42916.880663449265
8305,0.028190271636364447,0.03288865932150539,0.004477246696868315,-635215.7818750736
8306,0.01750482834764261,0.00449736490865596,0.0003466793823731884,-555358.419402904
8307,0.002561507635253391,0.029610739460034646,0.00421526352831873,-1423887.9755413844
8308,0.04342507957573937,0.037972204019222855,0.00044091354578185696,-595919.6416717834
8309,0.028662259812674437,0.0005125956273565102,0.00545974067892025,-745082.1990024905
8310,0.0494124638265487,0.02285115971481257,0.0013605600849784516,-598353.79652159
8311,0.04251572592959979,0.04586724151870336,0.027419171990331337,444280.1698977061
8312,0.03529710511150604,0.03900605684337944,0.03673358837878062,769092.6510154034
8313,0.024726106072176693,0.04163422196363543,0.02636642604067331,12732.580946993232
8314,0.012975163359318066,0.00020335574242915101,0.017929496223948772,-622298.2427753496
8315,0.00412928357199342,0.003163820931761419,0.023461211575188358,-1187446.6489851566
8316,0.04718372084230438,0.005275721402710993,0.013687499999839293,-476461.0412756896
8317,0.04150390800332775,0.020091482317513905,0.037940186561860156,61484.51209384617
8318,0.02711671653763142,0.03019656564237946,0.008057168187164994,-381887.57785090373
8319,0.017614110294856072,0.031087772011774463,0.001338409828438264,-876808.9573617481
8320,0.00941632573706921,0.019324730436384937,0.03372972943894286,-649818.404925111
8321,0.025479439302118052,0.03593660663704971,0.03634310226856313,408932.25561663834
8322,0.0015527369197119057,0.045085620663209876,0.04121075760714227,-942027.0143581929
8323,0.0135534159670261,0.024226246009932624,0.01540749757695944,-675223.4922331519
8324,0.04533210795699874,0.019140949576980773,0.019802656639299095,-290488.84907203517
8325,0.0455956018740169,0.030034694732698593,0.00689348081204702,-304247.16562685615
8326,0.031300842054732846,0.039722387192061406,0.01689205834719323,407928.1047516381
8327,0.02635027741560106,0.03134207770683384,0.025520835752997812,147758.30689384887
8328,0.04995622547346641,0.02533964235363902,0.03216864961180042,-74726.54464417529
8329,0.03967947182808986,0.0068291592233376275,0.002195515999014508,-627857.2478134676
8330,0.048649492937863456,0.03661295748757351,0.019664098776207062,-100372.05485730396
8331,0.0008834397872244549,0.008319985047886714,0.00048738963414814433,-1605392.4350575493
8332,0.01982286331282003,0.027742766754666023,0.008029160054746005,-557405.2962577186
8333,0.031992865485488936,0.047712062626305674,0.04952252309913306,1250094.1620781515
8334,0.041658321574972346,0.022194195414554297,0.027370468903645237,-51559.032207533055
8335,0.025165348816934736,0.007783336271997465,0.042720708551268215,-276834.4481096145
8336,0.03378954684635231,0.03189678080944753,0.011016558416823946,-309538.25650609314
8337,0.0076579649384022125,0.04365132385172746,0.008970697431110742,-1043394.6722974919
8338,0.00368592339286265,0.031280260056484474,0.03521716286547621,-773294.4627437674
8339,0.0059811205155671015,0.010342970265949237,0.03943818975307697,-838539.8403449361
8340,0.04647925998672603,0.023824435851991007,0.03960024864262002,14387.361006308434
8341,0.015970005893954003,0.035161697036700565,0.027861022971073443,70063.28251329131
8342,0.04216054567892463,0.03879505479256177,0.014206794089287683,-321876.54360057286
8343,0.007472761047456889,0.04038283862871933,0.00163962854976068,-1065539.7793993952
8344,0.03395194062033745,0.02379571220685687,0.0037649652813411096,-765051.8223869128
8345,0.0344280611086648,0.02414370433993452,0.04300506651221731,341032.5140912598
8346,0.010431596455535215,0.00011497859174173231,0.0065243408930949435,-981256.0120139502
8347,0.013480501641094279,0.03261221842076976,0.018132161375789786,-656364.8893948254
8348,0.005912345665264718,0.049078673158483244,0.005411372260574876,-1237182.1969132037
8349,0.017756017151666182,0.04383021282458628,0.03263076867925737,308330.3056606021
8350,0.015989895592107627,0.04851733898218541,0.02505492771538667,-3132.8520500775094
8351,0.0004054947934762021,0.00030816680756684534,0.047050466479337,-1330484.7131489164
8352,0.014059031523789385,0.04060324830180341,0.0021780010942283657,-724069.0187871138
8353,0.0073458554640628,0.04283897549199366,0.04970456584202661,-369268.6285510892
8354,0.002596146574513503,0.00838184866844685,0.036145594540094715,-1161773.8521481724
8355,0.026475147814174923,0.020298302305727062,0.009723376897607484,-587521.1602589065
8356,0.047271767931055475,0.008613427623338415,0.013262478290262465,-471946.84992336336
8357,0.01621490621048684,0.006929159820948966,0.02681165281170926,-489227.80089651776
8358,0.01706625378634295,0.03039237502678111,0.018392904384254068,-302105.0346713557
8359,0.005821176451406046,0.043629868856540605,0.025482603656614124,-724299.8682663543
8360,0.01609252449918356,0.0008182376137289339,0.029892323544163366,-897483.4478805918
8361,0.039125216498959864,0.03250306251085638,0.03938596574162794,843670.4454601882
8362,0.007749291895970978,0.04858514893078821,0.010566664403129268,-836323.6196278274
8363,0.013338979978671874,0.02561647813743761,0.0002597763486842431,-811471.8964005308
8364,0.022122424405925933,0.009786263760640984,0.037450905921012766,-215207.81902712648
8365,0.03788766920908571,0.030786742232022477,0.02108425876601184,20642.173885402266
8366,0.015511700846445521,0.041373098742450626,0.025354680960686507,-147135.82522757293
8367,0.024823339297292177,0.005671644444132718,0.01091915239279579,-504627.89843768766
8368,0.018024464595916258,0.03494264213919207,0.042263549559820444,306518.9817743581
8369,0.049643013841497975,0.021371605072630074,0.022660217361588676,-291480.20811748516
8370,0.03830302705610114,0.016061348821250765,0.027025898800706022,-74120.74449468388
8371,0.03385086615680223,0.011812485535231643,0.013979497469267556,-416243.9416656931
8372,0.017809531859453286,0.028884241751472195,0.013520772674811244,-438992.38341747713
8373,0.010408389125399688,0.007475410788640686,0.04046549489267189,-647017.0177160754
8374,0.044298574863190436,0.0452360972865007,0.04108168353056252,1162210.3828315206
8375,0.006864461158806462,0.004887597065237204,0.024958216461187413,-1061686.56749511
8376,0.026071347652916584,0.036641159623003475,0.011144037682810455,-66827.63651611393
8377,0.046547483492894615,0.015496489649760843,0.028890447545673898,-161384.80171069395
8378,0.04321068037108941,0.026172405424362267,0.03767787224166687,346205.80860658456
8379,0.03745131002036509,0.03950106232549677,0.04055241325234692,881703.631889939
8380,0.019623147365932833,0.018177812131310873,0.040174905008256816,-64976.31882190729
8381,0.028985519641627412,0.03038566419172377,0.02059586253970351,88068.12828007115
8382,0.010080732933675297,0.022846528462816956,0.04848232328845345,-398158.28698743525
8383,0.014543343962398831,0.01360041206870688,0.0065392087844533715,-398813.7521508458
8384,0.024059022050491364,0.014426519794707854,0.03435618654982247,-37100.26747392388
8385,0.006756229083437604,0.012365624134778326,0.0030925524739794986,-1289844.3488718735
8386,0.0020735452329886774,0.040707173625117915,0.045293905231276264,-1103081.3366811357
8387,0.03819444176843944,0.04325817351128986,0.004329807376851175,-513948.3165214402
8388,0.04490671405897756,0.023301991823539082,0.038432191146542456,144084.4778751955
8389,0.030787864420878087,0.017493490803906987,0.013239951635975262,-367177.6884861476
8390,0.005906508114668563,0.020632555074051928,0.024705135806477208,-1026280.9639387553
8391,0.04915575471219687,0.0018645238164363921,0.02950745811095365,-452511.1951638676
8392,0.02624974109641852,0.0011448095155227934,0.016487116550125986,-615138.3253344401
8393,0.021146371150207795,0.024713488086960417,0.011672804299522955,-258406.92298647095
8394,0.0017050109948714032,0.014692155642990196,0.04181809212167941,-1112630.840819775
8395,0.0403928938142192,0.0090375387250833,0.03231500828288294,-365144.71964524774
8396,0.046182368738683595,0.008605384547425788,0.006433817010392324,-583557.8252956958
8397,0.0011073133378351474,0.008620573234811597,0.04069762889127944,-1452649.6609548545
8398,0.04069948700810518,0.02702260385145049,0.016678223846696427,-413715.59938232903
8399,0.04033902095009914,0.009750762172778683,0.006992699504902045,-559928.3318539185
8400,0.0044605108966380425,0.04256629732612056,0.03574214901096442,-833409.5477644482
8401,0.03122931419147101,0.03637337311054372,0.0071739346101123815,-394487.0506470165
8402,0.01923945437455983,0.0407057614707069,0.045838275474054974,735152.0833317215
8403,0.025654781696117065,0.006103072304148933,0.04892586662063498,-367670.743381951
8404,0.019751427069538,0.01594973320437142,0.005999545785748861,-505806.54739697604
8405,0.0006314810497357548,0.03018366695759904,0.030621550931720965,-1303578.737848227
8406,0.011712056836103026,0.008099337807357854,0.02640044002494668,-746911.1733326362
8407,0.021770342752930934,0.015182701901459945,0.010911643098711073,-400632.6223379119
8408,0.04296529291289883,0.049191397955274975,0.017779086619136183,-48012.67642064438
8409,0.03490653930490835,0.043277360716437896,0.0013468390407730792,-524392.3808764541
8410,0.04540324402480923,0.024957449643489615,0.027837463020116998,-68093.99755717583
8411,0.026993665982374973,0.012146359670447433,0.03911207204953561,-87558.05069474255
8412,0.03661691862678508,0.004789617450916651,0.028139578725077163,-560289.8263556708
8413,0.047851310085254534,0.043557872171310456,0.031295218567437236,575195.1851690405
8414,0.009934667188053371,0.01736115650133511,0.007517903473051125,-781340.7875920873
8415,0.04109653074947992,0.038933541563625634,0.045517915366783845,696946.9259386295
8416,0.0031697773735464953,0.04823567408247462,0.04832136682911464,-675264.6790531698
8417,0.03372048967751812,0.044087412482000425,0.02192189365913208,313899.51737138594
8418,0.015670215050278647,0.007718422800241726,0.00157897349573769,-844058.5039991344
8419,0.002099867636236852,0.03457833538020481,0.016828733275514558,-1343565.1529931936
8420,0.002703083727862693,0.005610115479307721,0.03326418824820499,-1294560.9915380822
8421,0.04693401076510708,0.020398909615895494,0.03888287837472495,-300073.65911185765
8422,0.048679090505704035,0.03541496494471422,0.036150321666729185,634499.914430853
8423,0.030795039709085998,0.04888382573442161,0.014990301717783866,5222.1826388841555
8424,0.039149422548035905,0.020753903110606483,0.007770982104529789,-329412.5332539889
8425,0.03696861873657358,0.041470095735557495,0.04317995597225449,1007319.2384799687
8426,0.046093924747379125,0.037245579661583504,0.02638092775703507,185643.17341873588
8427,0.04693477131997527,0.010478283807590506,0.003865488171220649,-573693.7098197975
8428,0.021581286018793246,0.029110929377271083,0.03399946924829157,81281.34090189273
8429,0.04077109842395486,0.0013378322478282524,0.0401023170505371,-492687.72076751245
8430,0.03000643397407879,0.04764738502188727,0.01739487114851997,-44293.72015247161
8431,0.030848922973429962,0.03832742031419674,0.02581977103766571,343723.0358634379
8432,0.007795378668477604,0.002489988600998966,0.005570033066958602,-1012320.1949228444
8433,0.02474522911738888,0.03198043867531461,0.02852605329080904,120704.66538778573
8434,0.03564580709211911,0.001949732178723257,0.00681703607645488,-595851.1570961544
8435,0.03805700544742949,0.039059118423877895,0.035114691715886645,643459.6277643053
8436,0.03727150216326044,0.0481720043251165,0.04721093368765154,1150730.1531326293
8437,0.032224092032534034,0.015966728936878612,0.0007054945437965088,-656759.3668522738
8438,0.03158040604544413,0.02156519234185339,0.00735137258991056,-466888.3240497168
8439,0.010762887400229688,0.046826465795499386,0.0033111270328006204,-774989.8986571537
8440,0.03937353878064332,0.045102466557303766,0.034417376233914186,875792.4152203685
8441,0.0030670820657800694,0.04229264614086051,0.0326644470530456,-694880.3375339491
8442,0.013851644968594402,0.031482769142800675,0.006827139248408948,-785852.3117486321
8443,0.03538237764815808,0.04514978090793182,0.026084063230918716,608297.751248959
8444,0.04760529755220988,0.021904748391021408,0.04287835158907273,80638.62867235027
8445,0.038682420793863685,0.004421475717164075,0.0456326288966377,-484668.16404614237
8446,0.04552138269208067,0.01757079329478502,0.039671944083763094,-148551.75674251208
8447,0.011231872249271357,0.001519654295398215,0.010396856555835006,-1090794.7394770652
8448,0.02419939195718602,0.002888375174184577,0.008000309155570201,-695571.8929316553
8449,0.047521899669079166,0.02469204555833307,0.04115502648907321,130922.52165507856
8450,0.010331137462129499,0.004426084654538881,0.03902740280053607,-697718.6830536064
8451,0.017441691429943458,0.02299022176787612,0.04960645127277868,154096.9902857839
8452,0.01582652879621115,0.023657289614332867,0.03174056658588809,-319247.1018840231
8453,0.004453439036405288,0.035821605150730206,0.022586551013751784,-1046755.2548986113
8454,0.008750723876686373,0.021527092985022617,0.02303339238007567,-805058.2531422757
8455,0.032036848745416076,0.046856690819326696,0.03825327944310043,939135.2160355281
8456,0.01912250202051774,0.0484824107637863,0.039541558616164846,311307.0645707578
8457,0.0013975903036310801,0.005829320696004742,0.010900558102239184,-1475602.3495757491
8458,0.0041751791503432945,0.024271360960849087,0.01703590210960832,-1174751.7709985545
8459,0.04864627318656792,0.023636804862558647,0.010607743008786703,-500347.5447217341
8460,0.048536542212058886,0.02569408957120339,0.00365298856683301,-581047.4978946523
8461,0.004043731050926219,0.0337646340971689,0.02473979445137576,-994586.0021916927
8462,0.031211540722444794,0.042483000409610755,0.034069180548810356,780989.6758997043
8463,0.04308949290127393,0.03713442449775749,0.03371998764969531,643164.240224651
8464,0.006734937067782648,0.024141380643746914,0.021654634633358705,-974064.475470613
8465,0.027034767415093443,0.01955714300824713,0.031021862424028088,-190402.5619883017
8466,0.01962279372181184,0.027880894299792597,0.019743765494142515,-410771.9195649102
8467,0.04508836766614879,0.01867078403499083,0.03654662538663656,-145509.44066558417
8468,0.03068675847195291,0.0192761763970917,0.04038155342237662,485694.48209513404
8469,0.04637835847043358,0.038024216597294214,0.04742940229422197,710201.1299719154
8470,0.02181533459323632,0.04568700283238942,0.04381114854773274,812434.5828440706
8471,0.038119365766511946,0.04176003475769148,0.03650668198051403,953195.2650830275
8472,0.025615423114412506,0.02762095755709701,0.020884338883202527,-45426.029703244705
8473,0.033214634424453354,0.01623949388918038,0.03698297387304978,6254.470751833288
8474,0.02525576802827467,0.017659395765292546,0.007361395910263785,-361285.17571765574
8475,0.01277629544989295,0.032010018146586314,0.01849246527775016,-589380.485313673
8476,0.0016584563095910498,0.016486901485601082,0.018317884948973046,-1644845.5036710892
8477,0.011715044038510092,0.014315751436880676,0.03524637141144262,-415760.8727037011
8478,0.037313322694017444,0.04794494829959645,0.005904413273519921,-506867.42541834107
8479,0.015586250218438942,0.003852226299041767,0.030665186695085903,-457275.41586686013
8480,0.0008194146651902879,0.010267817067171576,0.02934900223554759,-1385077.849231493
8481,0.017936932367759614,0.027218812954536622,0.03201187542321179,-380077.20504232845
8482,0.041947003392917195,0.019643761065850803,0.013944845731931,-367280.9597377423
8483,0.026940256675589882,0.0034840653837214467,0.002095711138085166,-737898.7771334654
8484,0.022611861750494927,0.01090393750166136,0.00036082876066840245,-739191.8374288843
8485,0.03396852302531918,0.040807776837271464,0.007393928522797361,-306728.81250032136
8486,0.028195113710069893,0.04919924764106394,0.013437784169937017,80126.272483283
8487,0.03654073660600201,0.008105128880672658,0.04660464907916148,-339215.6953005281
8488,2.1679259286250253e-05,0.014736509011470484,0.048821625921166886,-1466621.5869346191
8489,0.03353451190008143,0.010592279969917018,0.03956827909082205,-139125.53897559867
8490,0.04490427897801664,0.024363558536865282,0.007801182660382278,-416769.7976772654
8491,0.012929651111640501,0.04715570586478702,0.008055139852283361,-807356.8561156769
8492,0.015595341847596584,0.007276883731056477,0.005280295558526649,-998797.9645452384
8493,0.026101252929502935,0.019835464564722738,0.0023084218412149026,-750906.5290463141
8494,0.007259743835322791,0.0018829189793730162,0.0012294974819013094,-985899.2917390045
8495,0.008923504690356387,0.0371824646175354,0.0007384984104554127,-1072854.9906847249
8496,0.015223871243007937,0.02823940355189161,0.0371851784217972,72703.61401664687
8497,0.033894594947952716,0.049421222090030956,0.013781363121078905,-184775.12047111502
8498,6.93640012973118e-06,0.0019109637939369374,0.004875935521001251,-1716934.223263914
8499,0.048761884429200195,0.028502414715087396,0.039968426696146406,457431.64888168423
8500,0.049253950800041024,0.042213394244453875,0.020380793818270765,-218208.5173293495
8501,0.04379407177606103,0.021687545825320793,0.0056984022236697355,-493486.99052824976
8502,0.027406567548783622,0.04578736703939343,0.03922691498147035,944583.7098392382
8503,0.020096358417387092,0.04274331420853251,0.023209124739699268,354629.7737032333
8504,0.034228736345898444,0.01665675843808876,0.009735700338062281,-413615.368352512
8505,0.01567352018933384,0.04375818157346589,0.049488549239315074,650225.6061731181
8506,0.01319584152231959,0.00826817064314595,0.0035541364512302557,-748153.4462237944
8507,0.03769097781194301,0.026400012773099,0.027805010046864382,360211.1822015091
8508,0.002260319322148685,0.004052849574575718,0.04573114948217814,-1514777.371406025
8509,0.028836541223193596,0.010960334061695233,0.0103730648264053,-334170.9498081301
8510,0.01204515930731407,0.0031878945476193467,0.002488162581328524,-933268.0698361729
8511,0.03599926748130625,0.013187840722410178,0.01922324976343275,-343370.6437916044
8512,0.026868146259349968,0.016003204721494007,0.02393932066240861,-176417.51570473652
8513,0.043250532709759815,0.012204974072742809,0.03956298365611892,-246737.88684886726
8514,0.013197432736633147,0.0093473803918807,0.0036329374700383777,-843702.7880821282
8515,0.03421007606205335,0.020581690390207776,0.038521345695969926,266927.5372562036
8516,0.0066335565516532635,0.030167527663007405,0.0006493522362526427,-1141607.5928879967
8517,0.01169149923395444,0.030482360149822203,0.0028019338410260166,-775351.4103422828
8518,0.018861437423110302,0.028083141001333523,0.03637932819813044,56075.869467965575
8519,0.03528280274842055,0.007409029995526112,0.0037585176600075047,-640356.8026073067
8520,0.01881791998999003,0.01204030202550912,0.015284569740844285,-418292.9485343826
8521,0.017124232443176707,0.019858890365038073,0.02593002081992027,-254365.7015622301
8522,0.000465186686378688,0.0149001182224492,0.013218356993478675,-1477589.467179593
8523,0.011811151627908974,0.0394309598939665,0.012564899832615401,-700313.9195183846
8524,0.007548232052782994,0.042591300306850516,0.019147074821624283,-847038.322517756
8525,0.009201699858424289,0.03756039278296791,0.03285871642359929,-667381.0301732906
8526,0.04726498835093222,0.04388977897845423,0.03471576809728983,651772.0460076408
8527,0.008049556276188802,0.02415906192190566,0.005939434510515679,-1142382.917830879
8528,0.02746991403111662,0.04583917784732115,0.0001911473528558305,-752239.8793234112
8529,0.04380073981323277,0.02696590371294342,0.007562475994575663,-562334.0449036782
8530,0.04279328708392676,0.026844817381255555,0.02240828510580006,-74513.25617184932
8531,0.024985908459536917,0.007368578784933272,0.005636908752938353,-579961.2354484522
8532,0.03307782313568925,0.04402059345226194,0.03472293555551118,690687.2228290181
8533,0.042039259497010116,0.042238582009823784,0.0016020286896850533,-557491.738490589
8534,0.038547744950261274,0.038604628526274914,0.01749884830025855,21216.305879419626
8535,0.02049245050033177,0.037274500006283344,0.04932773704352281,825746.8268406787
8536,0.04939125807199849,0.023692143070626583,0.03947753702269957,-74584.0582276096
8537,0.02330307463153361,0.04329795742026849,0.03248638305092981,536707.4255062115
8538,0.04683201954622384,0.049862008067508755,0.016509383017143785,-240601.03423407476
8539,0.04896619066560617,0.034625648341535316,0.01190431001145163,-560081.3088174154
8540,0.00015559749599137196,0.03419192461768349,0.011118984028016587,-1652680.5019804619
8541,0.011568931052329796,0.0276084032426003,0.0015462960846767849,-766768.3768894675
8542,0.020818462759510232,0.0399686736075368,0.001363011940439418,-654916.0956627285
8543,0.031197078952325402,0.007918982914088801,0.043141968719202665,-259387.83426463668
8544,0.019534346445053575,0.040606116450874995,0.03619101320094293,383589.97415412805
8545,0.04389175629789967,0.02584299474418883,0.024305650258908504,75017.05776593184
8546,0.0018715266182814383,0.026690704385492533,0.02609881837386991,-1209087.0647511883
8547,0.030319739127634006,0.006551081936566844,0.026998395484747056,-564872.9266279677
8548,0.02270161523700319,0.02979879956232849,0.03302750415364779,379449.6767989207
8549,0.018071170441583146,0.025202653220836643,0.019754890965028388,-217479.3331359176
8550,0.03827449667266689,0.03982118492221965,0.014647069854499612,-163457.34555802264
8551,0.012977296912057385,0.03391615530702293,0.038700810265866,125093.2729300931
8552,0.0005432745789091864,0.021371799073611305,0.015386543920671476,-1439068.5700610054
8553,0.038326022696280077,0.007177036231041734,0.03891232515003968,-459979.4522616385
8554,0.03307033084757288,0.04214647868624461,0.04951216737034754,1017726.2225246554
8555,0.02382775600251117,0.03497057473626452,0.03549804692302967,327026.01935358247
8556,0.04222866246773947,0.02590625909303769,0.005382387028401953,-531151.4660032804
8557,0.04896814775447444,0.0028418672286935954,0.0481187253435352,-332454.3856581576
8558,0.012767911284264705,0.024624196050640465,0.04753307518718932,-299376.39274358464
8559,0.033833027006572994,0.029278067260258497,0.016294642944173595,-179736.28781595602
8560,0.014620302231219113,0.0016388832046293324,0.029316611347566014,-894334.236484073
8561,0.02150506327906476,0.01121505984753034,0.019210706219358775,-638757.1568879253
8562,0.04704711040605278,0.04242000592216842,0.021520364952607993,-214336.84657526447
8563,0.04899765132844365,0.02310588864829277,0.01745709391075492,-337033.1405995986
8564,0.019396030477437383,0.04373083432553593,0.013387737529549072,-97237.53870091276
8565,0.01110513814786885,0.04802736620765176,0.036713445399986354,209586.81637201688
8566,0.03818904073830673,0.0370145199427205,0.03414536814393305,615649.476914243
8567,0.0045623983787196455,0.03768394236113101,0.01244609500679601,-1323203.169274307
8568,0.0066202632104304104,0.049150149590790476,0.001393189170446757,-1168227.2655777608
8569,0.0015818046786759245,0.01549562662210417,0.04221010316132252,-1318361.2526203478
8570,0.04889720606658371,0.005926386144123441,0.019771991692347453,-450026.96864410676
8571,0.03671509142598849,0.032276412389936,0.011668833945793246,-252850.16155667647
8572,0.016460297003845804,0.029718732592995307,0.0017703278557171743,-758806.9212723867
8573,0.03791144886774241,0.013770245963745648,0.041417309216135206,-233550.90873722604
8574,0.03418344209103935,0.032270726043330596,0.03836805604720667,770094.9431678231
8575,0.003756726080838613,0.01299853659404454,0.026086873382036364,-1133760.119022975
8576,0.03885781668264423,0.042452787632910674,0.019105182736771194,134700.8060247347
8577,0.039682382555421836,0.011013705506840776,0.004121762158703845,-749861.8679336486
8578,0.01232917125336036,0.04515740812119329,0.027201821029427642,-297172.0782491415
8579,0.024067455504750392,0.03716673449721297,0.0005046465747528206,-655375.176467763
8580,0.005915155934858529,0.004980136288068588,0.006083355553745124,-1169780.219785035
8581,0.022672518234940625,0.014034145728237708,0.03928625038964652,-112868.97473932606
8582,0.04195195588786979,0.046246967360666726,0.009803119960029966,-302992.14493499644
8583,0.02514258421956054,0.0024348909571254465,0.011995406256710334,-452380.654500255
8584,0.030753868526288808,0.021119615765892653,0.034534962356989454,177365.31693081837
8585,0.04196136902770367,0.0029767554442141743,0.046930648417102955,-322885.7492198005
8586,0.0021201664333148408,0.04908343612777413,0.03188158625460598,-995193.0891331777
8587,0.0021650009643639392,0.01968144090878407,0.012910422860870087,-1583031.3403189082
8588,0.03992861738085778,0.011272758464579775,0.041310625672654644,-204187.75566552152
8589,0.015617070021822277,0.04945718356192858,0.013520455354269656,-585036.7109068674
8590,0.03424804016126152,0.040009687840242454,0.010822970745565924,-319873.03794469294
8591,0.0037877872493587263,0.027562374078469055,0.03385395315202251,-1010586.2070272347
8592,0.04086380919596683,0.01363819731073429,0.04361429461789426,-202124.87690249138
8593,0.04578833244526709,0.038959348894890784,0.0003798424896448993,-630622.692958767
8594,0.004360819896028867,0.04988686769077596,0.03669743471575914,-711260.5606682373
8595,0.03133958184472493,0.04506810040550752,0.0019820732620684845,-669566.0007570011
8596,0.03786889312060253,0.03273387849596503,0.04241104157224616,755790.1403087922
8597,0.038895211681617796,0.024246542785806666,0.0035484226447654757,-578611.6323773998
8598,0.04547007702364883,0.03817511229540702,0.017819803237249344,-243638.20416953787
8599,0.049196412361725714,0.015555411010129905,0.0185280306130553,-502640.2939644268
8600,0.048733784944097414,0.033405553852976715,0.043959745311808913,593370.9620401679
8601,0.044387707336750154,0.026822416795992128,0.013348340978937796,-454407.10454417695
8602,0.042372293030275086,0.025094378354233733,0.02821755183666084,167660.31298705903
8603,0.02706839816914446,0.00047940302047075334,0.0022934552456941536,-768484.7399786593
8604,0.030819216296213488,0.03972186793471126,0.022851929207696187,179737.11572278384
8605,0.009520414884143619,0.02033177031004066,0.03841617758666969,-493536.4234798994
8606,0.005431069362234276,0.028009944329417037,0.03511063982005649,-690755.7541494119
8607,0.020791647086413862,0.030063105985105018,0.044173847291033026,275546.5438707003
8608,0.010640661585365214,0.0067541578277061426,0.003042415059057002,-948030.2890794912
8609,0.03631065367096759,0.04502654162202732,0.03451968131535369,796312.2362200728
8610,0.048822643456863324,0.035405536806395174,0.014424738489618073,-539869.8733095672
8611,0.01277946894332615,0.03333346835594583,0.03379058385869286,-267294.57948945055
8612,0.026190616581051974,0.026344454102049514,0.020832071636173302,433.3850969970504
8613,0.017496051465080337,0.031702625585270025,0.03737586480208715,46689.57320160626
8614,0.04067028668031938,0.015391840991964785,0.04288671181425157,-147713.85119982887
8615,0.015137110547712008,0.015243910779152832,0.040300114781184164,-443685.0280343745
8616,0.04846877172811878,0.04661128474816392,0.005553966633530305,-514844.1228737617
8617,0.014423830717866189,0.0379948262930572,0.04031217979212884,278725.0917234248
8618,0.025213326452360886,0.0008051389020257039,0.02509237866587534,-720215.6145050918
8619,0.0015573461534579836,0.014069772239727402,0.032843002518224106,-1109312.092806208
8620,0.006730119982912186,0.03562447718577078,0.031069311818115654,-580041.0566365352
8621,0.021484710929815232,0.018607752588866718,0.04573332000854173,240247.5399141453
8622,0.027658533095463567,0.04444497715379882,0.02062211267065205,189856.0965140181
8623,0.029732009018389422,0.04773043509150945,0.0062042998528903884,-394260.2899605163
8624,0.013139033285726187,0.04583469715784725,0.02110022061056689,-227479.3985713226
8625,0.013601769417962817,0.04986698557851398,0.005110465404885173,-764118.5205034288
8626,0.030577150530355986,0.039403726804992156,0.039336949898888945,668549.8183192976
8627,0.022092100962055383,0.0021980517102283994,0.04205135452698791,-546161.7032498609
8628,0.04013687371277776,0.011869037617554552,0.017026371184622673,-604012.0743225255
8629,0.025629616555753926,0.005707185383172997,0.041028226354974245,-266867.1212054581
8630,0.046104998555362146,0.015409716569476845,0.046201473266792276,-205164.62720482255
8631,0.04004347560879418,0.03639127220018281,0.04845768570032998,922774.9586345888
8632,0.016232508084153708,0.045782139859198455,0.004920179880446124,-583326.2166460274
8633,0.023900707515763422,0.027600562977312244,0.006140530853275001,-407340.36339670443
8634,0.03686770030325178,0.023758948191603593,0.022777021975434977,145729.5563740538
8635,0.02907198329214704,0.006735584021122926,0.010001258015097042,-553144.0528660646
8636,0.009034221341108607,0.047596629872878715,0.03865949414078908,-103416.7233960924
8637,0.026459848766476248,0.03297275656864478,0.03249890530701295,449238.4964448146
8638,0.013117250505625094,0.0043303918456887025,0.027746938091006312,-703038.1198785136
8639,0.013152124465681076,0.04367358244060632,0.011802652210341259,-715946.4071697393
8640,0.02864307375976465,0.02100464509495243,0.0371451413480587,259290.7444798977
8641,0.04753731086266654,0.020578553482277336,0.0022177263750919884,-498706.8468210351
8642,0.03307156955677991,0.0064592436641225884,0.005225075211297426,-695038.3603322525
8643,0.0330779068163453,0.005140616773642959,0.006438856587871317,-447493.0286727228
8644,0.021954036516022114,0.022616304311699295,0.04568571529667252,308067.37054364145
8645,0.01380671064976643,0.020046755386295093,0.03537605131785226,-512654.4711171203
8646,0.04135099681070958,0.017456018392285205,0.03155387100090403,-210011.4095301128
8647,0.0312092943663662,0.015160381112871508,0.0059310597447645615,-680230.5493751863
8648,0.03412585419500141,0.013403403394532006,0.01591411814258012,-213692.74771435346
8649,0.028617758686733375,0.008040446964076648,0.012074914936315812,-563997.1512438258
8650,0.02230394084731037,0.04392416395418482,0.03861280623309468,745642.282283371
8651,0.01587984268151918,0.015103444336121692,0.049367245604619414,-148381.28074068372
8652,0.032669213669266,0.03427670162163034,0.0027562162693704484,-709539.1706580173
8653,0.00524862668661506,0.014722681750184485,0.04210055611713462,-1157831.796716062
8654,0.04553346648118545,0.009551467297375944,0.035709838361284656,-378831.7898582158
8655,0.04370688155645768,0.04394504522404504,0.022940363248641533,204427.63458896233
8656,0.012938924436522087,0.04781419748114325,0.013829156922622533,-421559.36173758
8657,0.01263475305486202,0.010284144030185006,0.0266267730306197,-688452.1161905065
8658,0.0053592175682588734,0.028534383493807887,0.047184464532378664,-785948.2619752459
8659,0.025248460854312732,0.04826737918306796,0.045285172290420186,1332759.2417637655
8660,0.03961508333357816,0.03040286246012232,0.04403389339208468,634138.3188268407
8661,0.02774918960903507,0.01036006567994911,0.04625897374239179,37383.460260854044
8662,0.025109494000394902,0.045387403720632546,0.01965729331461957,252565.5549647014
8663,0.016786215781238973,0.03829956618134511,0.03172227286766729,-164354.58317713966
8664,0.021986246748880223,0.04392945370979897,0.02582883067487848,516235.5541976642
8665,0.0006395563833858254,0.034660192836513413,0.0031578335698640493,-1647468.1211506054
8666,0.024055114547743464,0.009603976394638131,0.01209917492483189,-274404.6183893596
8667,0.04899075999441612,0.005673965647767671,0.037885360241397326,-353157.1840265036
8668,0.03187225634512236,0.009752134914096551,0.04676689661328731,-183226.04079085187
8669,0.01007082255788011,0.02577923507696139,0.03952609700968362,-425828.20170863735
8670,0.03817855757277788,0.015985400261055882,0.04196361832010391,-217719.2223839164
8671,0.048104831000718565,0.02370099122264689,0.032615764982145766,-83270.40973479884
8672,0.018225703877181705,0.017704141551864595,0.023485793290984432,-235424.60690536734
8673,0.009856654790292258,0.03447007608850477,0.008278752237576131,-833076.729011733
8674,0.0002590501054428873,0.021973805189494197,0.0038210140656516735,-1316310.7735423276
8675,0.028121938166775346,0.02601845268220452,0.006863219892072981,-431210.9445650519
8676,0.01229984440088941,0.001222610920303663,0.02969765514826298,-828231.2888496801
8677,0.014643309732388577,0.035649234461210697,0.03149129398292045,-239293.94978144608
8678,0.018679379529168757,0.0010861587265476537,0.016008221916327586,-552852.2988809822
8679,0.016243188767765534,0.016635253707787817,0.0476721718978063,-188070.88969613807
8680,0.008227981507705196,0.013502979377793229,0.04161994763672539,-891322.9539282061
8681,0.04625787620878072,0.023414280158922215,0.027002439281509444,-129089.5581034058
8682,0.002642919178309694,0.0404019214541979,0.029728018480762175,-889698.5182352357
8683,0.023950502968594467,0.015128779104214491,0.022188549253355106,-330742.7487284384
8684,0.03676560159402157,0.0040387074153031615,0.02534070974823643,-484910.95631618146
8685,0.0017319032490656751,0.03861264725536715,0.010550894434581126,-1302025.2729384764
8686,0.04516938434017763,0.02380472890036795,0.02286318632168212,-344421.27579015086
8687,0.018017597622719345,0.025818045035611987,0.016901395327229257,-484004.20203749114
8688,0.017996231504661765,0.009780636735172788,0.01726072248792331,-552299.505625109
8689,0.040585754966247035,0.012284541558340368,0.04106340573989853,-82200.18787137134
8690,0.043065636014541386,0.03331671976039282,0.0015341962400587052,-512560.78430896375
8691,0.028051675330201722,0.04165744513940133,0.018289167146355336,273416.07075267646
8692,0.014141114645627367,0.016068840248119786,0.021153819859995867,-763540.6729136219
8693,0.0035084587721199104,0.011884254965203529,0.03234675257774159,-1165162.8786421167
8694,0.02362421209935897,0.012367067125049354,0.04654395787737712,15322.26058096763
8695,0.014777119263976396,0.006465893642972548,0.009967418310444443,-762348.0540540136
8696,0.014829240330632066,0.026127953589507914,0.003316033998186802,-629582.9969769926
8697,0.04274710377518423,0.04387383221821097,0.015917529602994415,-279437.4662393566
8698,0.038765621259172836,0.029984636619195162,0.04227220038808498,732293.7884283802
8699,0.01384831499759291,0.0305117870287693,0.00363474037408002,-633887.4161896975
8700,0.00047260265028932773,0.0437348942620562,0.014727389017816084,-1387599.6261784032
8701,0.02227053794481755,0.01158896920561018,0.04384037281240636,-192968.18172009836
8702,0.019226709848616866,0.008955937720504537,0.030399644286339206,-438848.676113675
8703,0.01027316630416051,0.01303449431221434,0.03363975272904784,-464433.2787492788
8704,0.0479609723639024,0.0377404934046653,0.0062071190067072846,-517238.689821947
8705,0.01562786057913439,0.03981824754065702,0.013757368020294142,-575494.9534745397
8706,0.03700347767819117,0.023589622080131253,0.044220426373037656,406685.6052220636
8707,0.017957454778091738,0.0467285728338022,0.020371734055194702,-19872.08783010144
8708,0.036311785549646716,0.009759727871004693,0.02653947252642432,-244604.75311965504
8709,0.015506750719090946,0.0006363274725312341,0.021863687771714768,-673599.012458902
8710,0.008624820561033803,0.0479292623403102,0.040429438413497144,-204916.93149437447
8711,0.03697625627607403,0.022666601584809477,0.012955241208540774,-277620.43180182215
8712,0.016218152514944194,0.010218208175220601,0.027594433031959017,-532981.3045750832
8713,0.040563819978430476,0.009370543851647678,0.00022737247678664697,-467189.1888243734
8714,0.006280325833858575,0.023046607466151843,0.0009298015796230186,-1265094.9095869057
8715,0.02016339387743098,0.005557903707962691,0.005388320944727826,-598626.3153234482
8716,0.035630550843203594,0.04997486046782754,0.009724080935591274,-357588.1647534294
8717,0.011479455857323585,0.01482091169316509,0.03925546708992175,-531710.4382051018
8718,0.025294688225325643,0.028533850639217286,0.027325357520805123,-19714.414453518348
8719,0.04686856766087699,0.0017426484867952175,0.007895780261180142,-635154.5802435495
8720,0.019105649105244035,0.02440154847303996,0.005696845493889747,-458125.9911879038
8721,0.04465848296719541,0.03389294555282979,0.04661216789298144,895900.3165095685
8722,0.047040061997807595,0.025626652720119564,0.042650411931399984,43890.03951871394
8723,0.0368377295821743,0.018025408587940907,0.032867463989819865,130469.81759796824
8724,0.04763737091265485,0.03820045187923628,0.03547060593310411,878566.3411237783
8725,0.011093574671022283,0.0415564245450729,0.019483237648078418,-511869.5809719151
8726,0.03120389589296381,0.033886355125764246,0.02576207133360714,212002.67577198
8727,0.008279262507655321,0.03487281265199047,0.012362116201262707,-947002.0326093198
8728,0.013268228223805946,0.006339574771783697,0.030997113325245615,-661125.6901608352
8729,0.0058702870668781385,0.01726084124022973,0.044476109910672995,-784987.1748127593
8730,0.022653301483992156,0.04472523582735201,0.024635848295155433,365529.3338712295
8731,0.008941690417770754,0.03794578483937813,0.01767237193110534,-749495.6944070726
8732,0.04832053024948959,0.01310646127235094,0.04110737112940471,-416837.0330751113
8733,0.024693017528705792,0.042106613301819334,0.009151811541648165,-556982.1151458778
8734,0.031683424144445096,0.00565928295178696,0.04027579231120951,-234097.98443100406
8735,0.011782681275048147,0.021378773907273677,0.0327987728196028,-379031.4822138524
8736,0.023910731458481067,0.03894484658599532,0.03440852548127136,568847.4720334336
8737,0.0065202876719846654,0.03867314055026933,0.021174115744062857,-767064.4862682059
8738,0.029887886254087805,0.010828659981951589,0.021154579618828113,-224828.2249840635
8739,0.04085805594524854,0.04631306852081015,0.046934792120025555,1315879.286857647
8740,0.03500444194839404,0.003945519242992163,0.02213166534471593,-380876.2841921244
8741,0.00965355942419201,0.03488072822816514,0.008068557126295539,-978479.5482648511
8742,0.04887881087818139,0.009726784192023575,0.0026356861277855473,-534056.7453281154
8743,0.042177345138186585,0.010113564435952039,0.001200637424640788,-588258.0554549996
8744,0.02740387689340569,0.04846168858106413,0.013374882367625901,-144843.83583906115
8745,0.02043614900610092,0.011858345285297162,0.02789924790452196,-281575.64663965366
8746,0.016139458527870378,0.02956817620780136,0.023901046654655297,-518853.32791316445
8747,0.046445763578749286,0.033500874842863064,0.03412970285019437,702502.0219577001
8748,0.024323339099470882,0.01515725407828867,0.015698161530883437,-252545.19498456773
8749,0.025199575148640813,0.009595558955113903,0.006621339462521187,-679132.6117863186
8750,0.018618254148746915,0.006523772989775717,0.011538079220973435,-438967.17956331006
8751,0.02675118906098356,0.03950474038911316,0.01123857935058849,2160.9384395267844
8752,0.03958322416867987,0.0007770807580038286,0.04985113659522122,-574210.6635958347
8753,0.025846947547058702,0.023794367576208782,0.03252779262434145,184887.64713179614
8754,0.023758795688332602,0.020401114312566027,0.01854916459558539,-348846.1147701406
8755,0.04889165053278593,0.04307483591619744,0.025120529145736967,-41031.192483785795
8756,0.04182263101313746,0.007454468976041573,0.026472248314721065,-402999.1371084653
8757,0.022508561573761982,0.01624410650672939,0.04592199723075566,-90611.03139044375
8758,0.041624663166826524,0.04535429759592528,0.0317608465478199,634722.6237954865
8759,0.018811060158904908,0.03784062849067026,0.005428348759606849,-563843.5711200861
8760,0.04265397899429609,0.0014389657945825087,0.04091061921936348,-483530.6321497003
8761,0.03519702521645641,0.004423021197931659,0.007349892396655767,-724498.6801505431
8762,0.022619572699095647,0.014993744679687705,0.04336463285313599,-10790.636230507647
8763,0.00964167998886199,0.020853998054450824,0.013023551437615312,-541382.4249207419
8764,0.006359108173638661,0.012987070907112814,0.042999354828299696,-807372.3742017165
8765,0.03577500703730133,0.04571200051682011,0.02026396644257271,271303.53749472933
8766,0.012020634368851164,0.0013158768091445672,0.02475789648432064,-849872.6572157567
8767,0.0019864171797804977,0.00021374935988531242,0.030235407015133817,-1158181.5349284091
8768,0.00824129844560198,0.027988942625746183,0.028676135115048674,-591435.3209186741
8769,0.03619195802516629,0.01915643261222262,0.035257775302875126,59945.089791273436
8770,0.018298273171974223,0.004889354858960787,0.015499504406443593,-445397.67549987824
8771,0.00037836646672991805,0.02312306458288321,0.037015558377108286,-1209852.741900127
8772,0.0392373778220273,0.011604835992877078,0.00528215630375265,-492463.48834961577
8773,0.009271503598016184,0.04918564901355537,0.015605137957463678,-625006.9154097815
8774,0.021464222755034897,0.003781328274394319,0.03946651516246538,-398000.65778068773
8775,0.022424517525973534,0.004369894693082044,0.02364709612361085,-365316.54506527033
8776,0.03566373109844741,0.02365189450533598,0.04843163798892781,588623.0274106123
8777,0.04358318762398372,0.025740349518997244,0.047025385426415954,463755.1427446257
8778,0.040569389880988946,0.018413500542067196,0.03857049184648476,-73539.66168054972
8779,0.02529261670005539,0.026955586237858334,0.026031051010916212,25459.850925972052
8780,0.0401839270199594,0.045928722035849294,0.015975884314069117,-32313.94656196992
8781,0.032096053716689034,0.03142044326961988,0.04437486287745587,637571.5446907823
8782,0.022360584344227254,0.009508026596433168,0.010154293952169165,-377105.11557355564
8783,0.0025638244117577313,0.005036424741453178,0.015060978592963382,-1350989.267642948
8784,0.005128146218610841,0.043554571406870406,0.018100927220764822,-1329711.5073833552
8785,0.01842336624456517,0.03787531866228178,0.01506688126993605,3735.2411620636794
8786,0.035759113829134596,0.04112115027744928,0.018008901921587602,104223.2724003803
8787,0.02389059680905284,0.016111447681542664,0.021158210564516267,-250463.33940826412
8788,0.02903735745018164,0.017481985769212085,0.02320664942801212,-117008.86685100402
8789,0.024811184885513305,0.0012251895212034736,0.008182448375496887,-647737.9957837481
8790,0.027068717996524938,0.00013253322458091078,0.03520968210151185,-592384.9534024049
8791,0.045273249461595944,0.03772845615395645,0.01570756018040332,-152922.09599707462
8792,0.022492048508582968,0.03253583980352353,0.03402184693153028,127977.16886910064
8793,0.04887484498921826,0.024649042462495014,0.012476741656850567,-375521.70795857126
8794,0.01810959211634902,0.04612214786190921,0.03163547882407018,488753.97164823156
8795,0.043212570258392376,0.03620427952823982,0.048271517291583424,979128.675829517
8796,0.025061502845211622,0.047495262969255055,0.04429451087191734,1043361.4814663996
8797,0.04215472331677549,0.04695466214419822,0.02627688208862566,454372.13258822914
8798,0.03714145595110413,0.027766788485602142,0.03881304790883458,189247.66109557194
8799,0.03818762478559364,0.037920209597985734,0.021422456843722723,67642.58805933878
8800,0.03981439371630777,0.04382446686250469,0.03181275121809942,673112.3225316206
8801,0.02273264674072987,0.04266241278087583,0.03892251597859935,659030.9170736863
8802,0.02348000472221562,0.02899345267410613,0.03429126265329718,105334.88541217765
8803,0.03441607913995464,0.015551856857512243,0.014634583439986942,-202976.81612765152
8804,0.044367344804477626,0.046850557000699705,0.02010325634341531,140521.75357932283
8805,0.04566884470201502,0.02353461292652074,0.008360118991889426,-380552.4930849565
8806,0.03664402233934225,0.0022942544509288953,0.005695818515556628,-581306.1091092373
8807,0.04705027895491226,0.02588108690970227,0.013318818491420144,-495044.5060888432
8808,0.024020473986185422,0.02890888164745445,0.03194577456967251,99740.50030946152
8809,0.017411116010646776,0.019370148003543475,0.02748816177441228,-265925.52420419035
8810,0.03133322745484642,0.0460678229157216,0.019613807127694456,361676.0502899679
8811,0.04373436108839765,0.04966090704772269,0.01695017455414179,-46219.56370397081
8812,0.0013642231715907005,0.03021856110493414,0.045182383306020125,-1195683.9248690617
8813,0.002669448761081933,0.009857492170312588,0.03380752149588539,-1172840.3485700567
8814,0.0404826445599364,0.004332011204511349,0.01818689301569138,-668383.6058452543
8815,0.01193692669477583,0.048243822148464025,0.03412344142444045,-175560.8652509509
8816,0.02378192503884165,0.043117614470912356,0.026883116194818424,389898.91660030896
8817,0.04556670565987147,0.01194041918765177,0.001366919898477881,-566359.8841627919
8818,0.021436923948284815,0.010213862161986881,0.04178655350734658,-94737.69459653574
8819,0.02664617989984024,0.014433181334594836,0.03867869471178749,-150355.85191041234
8820,0.026344269151661766,0.025139734769159275,0.009039489073867668,-573907.9148028792
8821,0.04976076172719401,0.03295090355467817,0.04274117501230443,535950.123693316
8822,0.03798661705992196,0.02514669314727281,0.0004865793448779077,-591294.1041722202
8823,0.033333510090441644,0.005037215650081934,0.04807325175240179,-329547.2546411186
8824,0.012463248181327291,0.01836664802606,0.027577971969994276,-450468.7360639494
8825,0.025130723317366023,0.03275739710067852,0.03917238095794874,189506.15974702348
8826,0.037882198199743145,0.04540428003450797,0.023495823826162183,254836.14815637897
8827,0.026708632211638286,0.04370386024164269,0.014116556088049865,-100925.83873933554
8828,0.012296009207802489,0.00045617536160296184,0.03692402615879989,-636278.2065062107
8829,0.03437928296834101,0.013836015972371546,0.006495773574087599,-700164.2191654291
8830,0.0021265462242187005,0.024393144394333568,0.009674114426331726,-1384789.182324648
8831,0.03966985612026655,0.0475016864525888,0.038842971616305864,1263370.3169145756
8832,0.042579769670429535,0.04953961544064495,0.03704052240006411,1091386.89670081
8833,0.028366183363232628,0.040500561482483266,0.028192583301294885,411913.44738466706
8834,0.02162575436725034,0.0016252490165166778,0.03214901965014409,-468034.28149425297
8835,0.044875901648576966,0.034657574103812434,0.02020731378501442,-243034.89120164697
8836,0.03084496955102238,0.04064780867063117,0.0382120067345287,717999.8749765875
8837,0.02455892229959128,0.018083847248411045,0.01984318874143058,-341263.7532282862
8838,0.04539545728867886,0.008492683869031403,0.04314897961097802,-352488.0352238909
8839,0.009764185773745205,0.04904448749172225,0.022417146776768756,-533354.5092758063
8840,0.036671522788702955,0.036468721825407946,0.038626552652410856,695563.6584894715
8841,0.039469792914211876,0.0019537366093561937,0.013666718166239695,-526114.296506386
8842,0.011485474380469013,0.03492966140582904,0.03416587275131549,-403807.8904467497
8843,0.014851674208680766,0.03967709667042436,0.015581028742754861,-291455.71117014077
8844,0.01714676102463338,0.019942542987444772,0.03722948546765289,-79695.54281348501
8845,0.000588896571601999,0.045323262562705253,0.03460274680936004,-1108912.1576340257
8846,0.029329918989760895,0.011866582155139783,0.03927566589996309,-205588.90784736103
8847,0.043639407341791864,0.02507733600451391,0.014623041212654115,-473482.1269456061
8848,0.01902766830095868,0.020812550630299173,0.015295769045643498,-604064.7347788243
8849,0.03560942584431927,0.017108715395989606,0.04106086045539548,116522.86186487402
8850,0.02318455199626281,0.031448009015817825,0.04739761591038006,733638.6156123726
8851,0.022302683566080356,0.008517310369549674,0.027496115994833654,-195198.10161037688
8852,0.024833776315224168,0.03912916503446035,0.0430099731647792,666891.8714808453
8853,0.03563098848485821,0.04857273535304732,0.013459733945512642,-211892.8067136566
8854,0.011959778004577188,0.0145643405222734,0.03354536446608233,-393035.37399552925
8855,0.01162705076619588,0.004420871205894228,0.04888610917958497,-736901.583586239
8856,0.015730538150009517,0.011119733798796688,0.017937450111773806,-741561.2740183374
8857,0.007921257152870098,0.0017883907039495995,0.015269178378794913,-962845.2885392117
8858,0.01689314678835519,0.04055081189694673,0.021781838291143163,30602.781382769703
8859,0.036837613810344526,0.03678563046893776,0.03944960392308267,940124.5297500824
8860,0.04592544422037254,0.02493156672016122,0.005197664906760342,-402294.0598470805
8861,0.0019331471391277888,0.009345476873993485,0.041460582342319204,-1201560.9577361797
8862,0.028717474951574118,0.007005912215779675,0.0066318118972294345,-516970.3517316347
8863,0.04457514689675758,0.026001517986068735,0.008594882873958515,-513371.1396580228
8864,0.04483738074342638,0.03603635871536083,0.023888435516050428,-26939.573234537245
8865,0.023253271835810697,0.03363258962169548,0.01691545977175073,87213.4811317486
8866,0.049995508184691555,0.03922772873690575,0.03204799275286003,485608.0653903651
8867,0.03437262202459298,0.04980419370345567,0.0005390822238737048,-645126.1291021929
8868,0.0011412334506459621,0.03925139350435114,0.010469598013098186,-1329215.1500855759
8869,0.03425832826458506,0.02516702205843495,0.01593350627825433,-91631.85762471838
8870,0.011567000752956075,0.038837294686091366,0.008549095736894751,-631556.9753915814
8871,0.007936050563029469,0.022096630498446956,0.005963839821480655,-1127207.7571591646
8872,0.03207559265457102,0.04959853897804942,0.03739566454649402,745051.1371159328
8873,0.03016174772123291,0.01973192469116308,0.049399482912840076,478990.63988031994
8874,0.04399716254388981,0.041029539745860134,0.011500333983814871,-354431.8780977315
8875,0.006179034682735247,0.00889705358786696,0.01293445472080737,-1108692.0817178024
8876,0.004084941355293004,0.04442111645839401,0.009260054081062008,-1007472.5540588284
8877,0.011330479410134332,0.044407917787345194,0.04790716004650127,209991.86534940742
8878,0.011089056284277832,0.014709204649531361,0.04000514486180165,-557629.5282372313
8879,0.04851319437821022,0.03248380486435778,0.02212923420644037,-192635.29145068172
8880,0.03372897711204006,0.03901417554084917,0.0056327951841761426,-557083.2643105419
8881,0.021764917752620447,0.0428651031784561,0.03527123370581075,733257.8035520219
8882,0.007688715450627249,0.03776065961276516,0.03337205570532418,-432211.20523038163
8883,0.013232438433697535,0.017200144115368382,0.015720324746206184,-627241.1793854432
8884,0.04966242686517325,0.009186068741273206,0.041470765038528944,-333632.84416904015
8885,0.026531770983707143,0.04402608424039815,0.04909305676208528,1133966.0086803038
8886,0.04805415464673651,0.04271265251443568,0.020678610681577315,-254090.07576849178
8887,0.013563596968068276,0.015974869634531926,0.032656901569445056,-470723.12384093343
8888,0.017093027812404443,0.021744432193081586,0.003986819663473473,-599959.0950057108
8889,0.03855058113201903,0.0055734679464321596,0.016851327617016767,-443292.09497751616
8890,0.029521698611354775,0.026558742553718425,0.044656528121152644,291624.2370248215
8891,0.032934406852518625,0.03945223892885477,0.015172296270700332,-193374.4173232226
8892,0.006612866839420606,0.03716649995507102,0.007678948900964783,-1121337.4605174186
8893,0.041708310186104616,0.04715087215981766,0.014146392967298261,-299522.68634773843
8894,0.03805025186194662,0.021866915927117314,0.014949867287028901,-409426.1873654722
8895,0.02155716666901742,0.032338364187115304,0.04940341366076551,588693.9821827812
8896,0.015002186683781345,0.03529715974265618,0.016743505158036253,-377360.49774774216
8897,0.01256970374298156,0.03159210708782606,0.03806440263382744,-185922.341634367
8898,0.035869301585971756,0.04712928392966442,0.005368458538881605,-473913.3615735722
8899,0.027033183203359235,0.014542189667819823,0.04084785393108045,37738.45698807183
8900,0.0031013275872774806,0.008790172598113289,0.03860142808735625,-1298794.5927426226
8901,0.017732066023036962,0.034090005640492346,0.04992528388532833,418500.6692375516
8902,0.022992455153382954,0.026649212018406483,0.04876640316056447,506996.6803471023
8903,0.03731967444291027,0.009837849873700111,0.04021501079111443,-625217.878667956
8904,0.02579292058387192,0.03936847064319432,0.029927626243601697,543982.7839392383
8905,0.01136657264258611,0.040721978970840844,0.00010132668650471023,-994058.509545499
8906,0.04440151101800891,0.04093046128635837,0.04850699958862502,983171.0207426948
8907,0.001776887035435748,0.021881725144073074,0.00845657711954696,-1581256.9834746816
8908,0.018699476790162723,0.01798957049149764,0.029878053118525164,-103438.56504216538
8909,0.021871499689093216,0.04827866067772307,0.013888688542876216,-174206.73479407563
8910,0.020937522986505586,0.03503274001605093,0.0138271675455931,14888.356198178953
8911,0.036190554716888576,0.03543562465337132,0.035611911120728305,617074.0749863932
8912,0.033753821285808776,0.0408730177528471,0.049746584829038494,1174229.2051536017
8913,0.002766822763304283,0.024857332093787043,0.04065404650097911,-1123879.9719967046
8914,2.3604914610730887e-06,0.027257662225231523,0.03298991078022841,-1236139.8171794706
8915,0.00958713367791354,0.020041025165887308,0.03947255967777044,-239827.1270980335
8916,0.003334136051914677,0.0067433366566808095,0.040903473582165666,-1087536.0653856483
8917,0.0404602752176873,0.029520168186698004,0.020809332610916165,-230415.8305148649
8918,0.0052825872538664114,0.040571864692324294,0.01208726805701768,-1169574.1512059702
8919,0.045659542878973385,0.038791899283403014,0.004046791892041113,-504283.8621655951
8920,0.03177465524835158,0.04603130016325547,0.043958410092017175,1144338.3914176791
8921,0.030667643960790993,0.00859795069062988,0.03401209116609313,-336196.5586529682
8922,0.0333071029094886,0.029436735910656653,0.013287142657187579,-94206.65006250485
8923,0.045014841140489856,0.025128845130813305,0.014855761231297178,-464148.7870371185
8924,0.01276110369720972,0.014050891532771587,0.02305470723720071,-590340.6884563566
8925,0.01154257482096695,0.02587072825707258,0.00960117449513402,-633155.3382901049
8926,0.013547597136459416,0.0059832726884028135,0.01786973299230702,-885422.0252991568
8927,0.020298483556891973,0.020185879836809195,0.036244374966430876,-131170.08805761964
8928,0.024168058711579926,0.034650265316249915,0.0016570050235204638,-554300.6268903301
8929,0.021829432415134617,0.004489889851968987,0.023105100218668486,-582357.5533499299
8930,0.03075997550560901,0.039836969122635596,0.0275109556422241,389552.43947695853
8931,0.018975113669262873,0.013223121761269274,0.04787214116254362,-252688.86649010252
8932,0.009914273379368222,0.0021208179293445927,0.006293969617811257,-1341642.8060025522
8933,0.049875254964376975,0.04530600148817759,0.01601289362349754,-370287.6597652474
8934,0.00019245885618575655,0.03836030134337889,0.01502681286497925,-1352405.656219985
8935,0.0011074666633404007,0.022830229509202382,0.0212077977896062,-1253177.7624139446
8936,0.018087929216009907,0.03266836988961299,0.03630071746810586,53735.969969936436
8937,0.02795918858759099,0.000699338673815525,0.001120799303101494,-882062.5170946097
8938,0.04408718848334873,0.009322132475676065,0.019903218565114268,-506641.2122169304
8939,0.005176364455760196,0.011465048753200474,0.024267682937322583,-1212516.9850759732
8940,0.011777328420144223,0.03295413256091928,0.018365420117858473,-359183.0302477979
8941,0.03942333833700125,0.03009752262034984,0.012698252846868836,-312081.45928139164
8942,0.04041914830291682,0.04660435351429468,0.006002214950804857,-444598.8292517227
8943,0.03348317399794481,0.031539774495731705,0.033485636732550686,494033.64758723654
8944,0.0015592875248305828,0.0014062930696588816,0.014740575002896517,-1526940.6189325044
8945,0.004011653780271918,0.018303898877748248,0.043621035041459456,-1087222.9092091462
8946,0.01772181406064573,0.01964231238710747,0.013376101711230643,-509853.1272073466
8947,0.021080160514841552,0.03987560656484655,0.04154456672133179,530000.8355546917
8948,0.021052948336639357,0.019843028098093143,0.009753273553849735,-485935.5165219038
8949,0.04878008244722944,0.01554976589233268,0.017132131879548994,-416051.61114379397
8950,0.021492822244150923,0.004021675509679962,0.016426881341351902,-538448.223819517
8951,0.04652923521845295,0.0037215888323523186,0.012024262808943087,-450253.2468737822
8952,0.010887550044277956,0.01175347639530716,0.04773078847752603,-654600.9185264972
8953,0.03542777429844518,0.04598958716695599,0.04288052926871616,949864.8390374455
8954,0.03123730464536988,0.0279904325355088,0.02545499515402109,182778.6720530495
8955,0.034476656399389856,0.03509123996900906,0.029972875136310764,525815.6233323425
8956,0.02244707070685141,0.033768177081679146,0.007834208446432612,-518385.94462910196
8957,0.02757668429753038,0.025964992906902518,0.026733742911342912,141544.50415194232
8958,0.02554093636041051,0.0375131678302656,0.03787464458278915,366632.2504158534
8959,0.016479137720352144,0.017537641092589953,0.0008243019978197542,-716765.081879547
8960,0.005664804998818019,0.013116253824246894,0.03828551692809503,-788502.5609579147
8961,0.039894467332435214,0.012400756622849302,0.04348776302784225,-193734.41085452755
8962,0.018784898453214894,0.03990259756719981,0.023342688371744746,14498.044939724597
8963,0.035630027917706995,0.01781565347036716,0.0035303279448577977,-389841.13494023617
8964,0.012702576800576754,0.03485445406393647,0.04589784976312508,272348.9737275505
8965,0.031414578192938344,0.03844767485661797,0.0007061704572842442,-358717.58993274026
8966,0.03800315195526947,0.041776875072745856,0.02063256263977893,191788.74299125062
8967,0.024694567200493962,0.002618654211918892,0.008731782815807365,-644431.9954335705
8968,0.002823858115866501,0.036568416728093835,0.039993202205936086,-877432.9285384672
8969,0.005433342619162962,0.046079801150854534,0.04197633306845139,-391913.6862322501
8970,0.028814248633622048,0.04891440525506249,0.0441233820826313,1293338.064974941
8971,0.011132089167450988,0.047701784347064596,0.02214797019982447,-533801.0446358344
8972,0.007743295596736106,0.010004487822656939,0.03420972639813934,-746825.7008408307
8973,0.04937792065762496,0.022263584721293746,0.02865673659283463,-144259.98347057725
8974,0.015011979443849322,0.04227287589674922,0.005757797817041549,-620563.4792622074
8975,0.029112367656216328,0.029311024216425736,5.6986904503208985e-05,-573977.1522223009
8976,0.04702811934240317,0.04871711926884928,0.023373671996889646,155192.78895758642
8977,0.03628207913215713,0.04243559708399057,0.005835249008724775,-464814.4970636874
8978,0.004230944910893058,0.034465490995547736,0.02797461561282153,-1078343.940927267
8979,0.03396968375997057,0.02859982538608831,0.03631958863454368,576990.7258361179
8980,0.007745462916243145,0.010780906954671238,0.01185115830152863,-951496.2466418587
8981,0.020826004934843934,0.03797801694076409,0.04156984056725388,418356.88710532704
8982,0.020064830242352713,0.030102488984600124,0.014758920023213573,-235643.61238050484
8983,0.023788845271707937,0.04704552643780254,0.01346429532641218,149315.44978684615
8984,0.039397183457742846,0.002109710738146964,0.017262147922928163,-588619.9720974839
8985,0.032939063631593525,0.03880004792922643,0.02960926060651274,611881.2693925351
8986,0.04346110674629261,0.04103929129417213,0.03087525167905636,545502.7358602516
8987,0.017406149912883695,0.018185525902447455,0.03075484580601816,-405771.6241476022
8988,0.03282758473212918,0.01972933812126451,0.019875869670824588,70109.42986084802
8989,0.00883898613255314,1.4376139325045224e-05,0.023074576149177545,-1010215.3097565788
8990,0.04154206256735407,0.03832706256826491,0.04969701690452475,995457.1076546715
8991,0.03347028896779835,0.011695649301942584,0.03386744009127447,-205504.9142129141
8992,0.04142393962984762,0.03204985051740007,0.024086211030393885,354044.03968948446
8993,0.03092562389100033,0.001290130522858346,0.01325562535821957,-725964.1174216336
8994,0.007886864752230294,0.020670771773337024,0.04465182692863973,-518305.1859677016
8995,0.009397473782012368,0.0035492305106109624,0.038846096986455386,-745933.9229126679
8996,0.04339515098083747,0.02656974095161221,0.018828328590956667,-435329.83205967525
8997,0.021526748604916813,0.032949585687812054,0.04156257412665082,610922.3414063371
8998,0.009472021472532783,0.045112916801355714,0.032869503802946363,-445009.00430947193
8999,0.03691452735449957,0.004345613402613385,0.04591723466516212,-200150.8383806515
9000,0.026409729355300983,0.018105355585028106,0.01994686732353659,-18770.279284906497
9001,0.014651701553647468,0.008148621325306206,0.0017329441235891863,-822809.531011708
9002,0.013220408253066952,0.02483058544693481,0.033338030937309686,-363386.31012052606
9003,0.036667325214460325,0.02978020403494457,0.005803107833185595,-517722.04586703173
9004,0.02157742860200358,0.03337028006334504,0.037158784854539655,171205.3662508383
9005,0.01622534141632882,0.04642206742345281,0.03976907666561371,478460.84396757453
9006,0.04258654654180141,0.03332724955850993,0.02068802380925703,-99089.34448145368
9007,0.04670842556096039,0.04507226020826513,0.041423769648746306,991375.5287151294
9008,0.04455635643224043,0.04583054006155623,0.03731786328633037,992157.47221559
9009,0.010016809538892925,0.026927363607675676,0.030799698439505453,-490372.7666918909
9010,0.038668672645078395,0.02475736148257974,0.025643557044074977,66283.71477560535
9011,0.04977825070423935,0.022610262122335474,0.006500491994799729,-495668.9795073709
9012,0.03548419021605414,0.018127083001898366,0.012426947348194906,-147399.84131008468
9013,0.03142309836000376,0.04771838360774725,0.01564044275579801,138251.05532081335
9014,0.018613562354018866,0.023274501876969184,0.03439972280800379,-237670.2964767629
9015,0.019797442629432012,0.021254488452359357,0.035045269891434895,-236503.17521739253
9016,0.04925675435373193,0.01582520347651278,0.029266373790820716,-333587.859017416
9017,0.0397202094270211,0.010606396993198165,0.0409159572144592,-238492.91013701487
9018,0.017746531589749055,0.005551146495244852,0.0012451370193672262,-796857.526989051
9019,0.0016543422444241064,0.0398821190747391,0.033746931264967216,-956745.377037756
9020,0.03967450637526142,0.03764739085951237,0.019048766849471238,28424.72928265096
9021,0.046650927295349184,0.043897278836007324,0.017417581511875474,-160086.2202554596
9022,0.03864705051672709,0.04098290920774648,0.024423219720963077,239975.14021918335
9023,0.0060209458285611145,0.016702840989457485,0.04944056396501047,-834712.414969641
9024,0.03579676876396156,0.03873554394769898,0.045596215577403156,1055210.3947354374
9025,0.010138143784365323,0.048420201536298724,0.02590710038791537,-580670.9043975401
9026,0.0372339264650691,0.01591051639940431,0.016470346218212844,-378106.2753206326
9027,0.017979986426835272,0.017402943987892862,0.0031251598352150913,-454487.4199665198
9028,0.015478715770209844,0.03236903605980233,0.04509864720431084,357965.73442213354
9029,0.0020832669082596067,0.0008314177705631532,0.02961995574195842,-1193003.3562047752
9030,0.034983714720224525,0.03041192688741757,0.04865216717036567,858773.7890597505
9031,0.011443413429105948,0.02406223911857773,0.04579509997302394,-554071.0604671024
9032,0.030874863800078062,0.028856098252266996,0.04664208274734095,641984.175864167
9033,0.016945140535864014,0.007858791617732081,0.00646154448994834,-761421.9619435553
9034,0.04109361474501288,0.04284741947703397,0.01169391712915956,-531774.9921695782
9035,0.0228535672441519,0.02924258677632037,0.006951704964267363,-321387.36538214673
9036,0.042440530966556395,0.02094391278117791,0.04317368769637713,61720.44493743324
9037,0.038003832760162344,0.014747713751220366,0.035828710816400176,-179990.1479432567
9038,0.03703525171942531,0.015563153817750863,0.012686779503584917,-327942.90582864435
9039,0.04117138937772488,0.03389665203492166,0.036978661616867435,590181.4617763432
9040,0.015652762671473374,0.03610970118464072,0.035715328481447976,118062.70792002066
9041,0.016663746564539672,0.01352300259096383,0.021569742660101643,-609563.1847974267
9042,0.036954610087405,0.009679373841575701,0.043713120091776775,-336951.15479383816
9043,0.012763801104085582,0.04198168503185006,0.007790477964801568,-677731.6241241329
9044,0.03697203477734655,0.028069746126925206,0.03307294937009508,474320.8883555136
9045,0.04870682980999867,0.0026278939335046938,0.007456348651917355,-528404.7109063872
9046,0.003954240115112035,0.025981847967384415,0.04014036218751718,-966704.5875819371
9047,0.0027412395483899787,0.038970334126369396,0.021652791170974198,-1278434.2119437314
9048,0.04707143264890682,0.01913480599512543,0.04922989741217132,-208514.79059057086
9049,0.027826077285702123,0.049499658861945385,0.0315942975919733,912707.1708420251
9050,0.0173167892045554,0.040170434253127885,0.02434800638295534,179259.66972057972
9051,0.015440399882739559,0.023916770199266538,0.04359562969398427,45897.154911880185
9052,0.03661536928056792,0.008688440834729283,0.04192989185900536,-130071.70266979143
9053,0.021570928703771298,0.0041434247356958885,0.007358605276852498,-539253.4598972744
9054,0.0033081863490645406,0.033829390176626055,0.012878236730290166,-1330305.2906891913
9055,0.004817450136074231,0.018283482785446642,0.04334830653791339,-866139.5932449482
9056,0.03143640281723894,0.024311371965726244,0.036659733033753215,424516.03046512895
9057,0.0037947519689435607,0.044138585442313916,0.008886809565870502,-1120201.4607711367
9058,0.0010690813242897003,0.018118020164946708,0.002922366869701415,-1480599.698057873
9059,0.008353940341350381,0.03694993111697768,0.02023665406876586,-676210.553145066
9060,0.000344941889679562,0.03218786203186749,0.03535555526107407,-1350991.2986039666
9061,0.04509817413597633,0.007730130515125344,0.04285828688455878,-423575.1097121257
9062,0.035435397457598036,0.0281811395191187,0.013088499170624263,-208987.0848336023
9063,0.022892136648355006,0.00991352690964138,0.03588472013190482,-325629.51446982054
9064,0.035179489964952584,0.009576495530266177,0.012630834857092522,-482774.8542269248
9065,0.045055591485556476,0.02358424300035616,0.027555859634988522,-60854.31121428137
9066,0.04793126509140616,0.01035119055694776,0.03135651091741127,-416604.90057843237
9067,0.03870074775198002,0.01597198359839015,0.015440840100879122,-337196.87979315425
9068,0.04484096544282856,0.0049702973512012255,0.007867782365005821,-412730.32480076957
9069,0.020547759569030495,0.039919548341319486,0.0227495800047132,10754.31078987141
9070,0.01352829708555488,0.021014751804411626,0.022273022099152308,-556408.8994674516
9071,0.03635126048287903,0.043437504052506876,0.016062553225444604,-125878.61862527076
9072,0.035426980446540274,0.03506941975824466,0.03834737777285064,634578.3761372366
9073,0.02876303185627358,0.0007349249154338711,0.032793366787077484,-472674.7233581748
9074,0.03061487888224892,0.03057597281092673,0.014064928961957351,-46187.12647234822
9075,0.004894271610200296,0.009467629484535424,0.010810254627357902,-1345394.99579417
9076,0.008680475379286068,0.012226845759711348,0.0034345839676543756,-958201.1806083866
9077,0.013466291077258602,0.04989426134446656,0.025569061172254767,-207220.71780706654
9078,0.01722114302486258,0.03602436114033998,0.02347302279260118,-455008.15717184794
9079,0.0014748981383941374,0.027369485557510953,0.015203328692769464,-1370502.8033820281
9080,0.02855919497264254,0.008660900669870969,0.024127492857171973,-468032.0705338712
9081,0.009682010103109163,0.014940770501694496,0.03435823720018927,-434668.4950177478
9082,0.011382637966619154,0.02085686877017638,0.003656929120885838,-727773.1752936245
9083,0.034358112333270595,0.026947159364952407,0.04068952161616016,501569.70175955986
9084,0.02675377252426945,0.04971068793169986,0.012056593908428304,-43045.290392188435
9085,0.037105324112970225,0.021616332727974683,0.018798225880697836,10089.286944654283
9086,0.036576466258594204,0.047777851890982326,0.03777884295805686,1274390.5568568832
9087,0.016506137428482236,0.025494582530990375,0.010856999001320512,-364721.5538598111
9088,0.031011940530854078,0.020129355026625356,0.011406654343252415,-393933.85354286124
9089,0.0010546352100441081,0.046266215447329506,0.003941041626725034,-1364980.5789273018
9090,0.0164654706272101,0.009522683564409962,0.024706363805829214,-627848.5478551838
9091,0.009747242270236363,0.03681055182017994,0.011240973645269648,-770959.8006770292
9092,0.009272833441401635,0.010844260889658687,0.014878165628524148,-965696.1707696654
9093,0.0320915693006688,0.010481419088796656,0.034842514421196236,-185859.2007514511
9094,0.021508544220611672,0.00985042890367819,0.012002225747552053,-468591.7826715763
9095,0.026366690810127675,0.01893144419301128,0.025686167033016506,-55159.947735257774
9096,0.04062897945753144,0.0022915688551092828,0.019680531538209978,-861933.1408039287
9097,0.020772139447918517,0.012545857977201548,0.022093960144496494,-522501.12630044215
9098,0.028331654486993197,0.02924791039236431,0.03349166605174139,539875.0048626972
9099,0.0038384434753391764,0.023000377545283925,0.0378806282360574,-1188750.2450869216
9100,0.022752266088813033,0.03282430176170697,0.029522443254746525,305200.84447308566
9101,0.023235945964279515,0.003946427262173019,0.03166124961535316,-466267.881749965
9102,0.026725650226205534,0.00028422874085014537,0.010342834726419442,-642254.1129466962
9103,0.003069978799724238,0.028511713006450275,0.0007573975559511226,-1209166.5106448093
9104,0.04212104755405845,0.04737269995015914,0.048778949767703556,1272088.1921273381
9105,0.011329223028189467,0.024757042770985917,0.04455843874321362,-353103.1112731018
9106,0.03436675117666029,0.014937302768347588,0.0416975941972689,-222661.30207182854
9107,0.02869680949404387,0.03649922653648055,0.04847047133266241,912477.9826706669
9108,0.0498754674051886,0.025241088143064777,0.007830625956416882,-506304.7648864015
9109,0.030977960125027862,0.03219267492523877,0.028607244613255946,507128.164562551
9110,0.021102442526945722,0.02907801200133164,0.026702015163767565,204607.02603473116
9111,0.04723463146117935,0.041880021634681415,0.019684456048760193,45952.641314406246
9112,0.028543327065283397,0.02830264493376324,0.025535909166058548,330471.63239943824
9113,0.0029032773783086055,0.03562972480850312,0.03656353046399869,-1122918.760943886
9114,0.024209240819233337,0.0450786483189771,0.04919610838031599,1315620.692074903
9115,0.04064563996037185,0.04639315315162825,0.024375133932790557,301747.1960913722
9116,0.04571206437637684,0.046751340151144655,0.031178355135129072,713997.177651762
9117,0.007536056268250524,0.007615383736529186,0.023615292053092325,-675451.103285963
9118,0.03677902538030422,0.025069710428991185,0.03999249111970905,275018.75645105384
9119,0.0384894215608568,0.010180406110490998,0.00663822367984156,-584913.3383775803
9120,0.035291726536332745,0.016019022533597077,0.04656984470761176,-85909.76786033668
9121,0.043425387319945996,0.022561902589057128,0.029025291222855222,93975.94086611221
9122,0.04235519719097855,0.04356845981064663,0.027848716620744115,464122.48883117066
9123,0.04859565766223322,0.02604843291191225,0.002055383058316307,-488106.74137478304
9124,0.028134758326609968,0.03885034500123486,0.04924675765003417,1090413.200577383
9125,0.005268428887203669,0.022026859834852176,0.029332493841735204,-1074901.078381122
9126,0.0440731797648374,0.03579449922600418,0.011562313355993682,-406858.35165414866
9127,0.04296945920624337,0.0332121643978647,0.04475784582915404,810322.9030195371
9128,0.04171869376046318,0.006463124124607989,0.04802353185175143,-493388.0562050679
9129,0.022714821249668074,0.04912762507161661,0.009350356929376287,-318522.0543204402
9130,0.03966590229067508,0.015244580037645028,0.0022402651672530026,-421160.3750452244
9131,0.04970202126045245,0.015176766021850752,0.004025962737735711,-439648.87375886575
9132,0.04302485931273756,0.021601014919030843,0.0288226213769609,-107912.93252543555
9133,0.04924218465743343,0.024035453650917877,0.003354925646721907,-423928.30911710334
9134,0.03455930644912429,0.03552997467782113,0.009710411813614556,-408242.1501960252
9135,0.027270595928960237,0.018461046824156425,0.00249607918690834,-658883.5439107169
9136,0.015580121304611845,0.045476630345382074,0.015012367266752868,-139549.51334805883
9137,0.011153156774595092,0.04704564242096243,0.019116341044446525,-369193.2267099239
9138,0.04702795278053982,0.044011718325183274,0.023523225006233585,-3214.054779990474
9139,0.01924808309789627,0.006885897648993633,0.009530823607622542,-577507.5653229138
9140,0.011622159097067892,0.02351769469287295,0.018605671870814446,-787237.525760781
9141,0.04001921624563078,0.014833798006753857,0.021225985031686736,-321875.4748158959
9142,0.006135371176877008,0.013560998711894362,0.03915100693841085,-785099.5532656111
9143,0.03535502079710045,0.020111018326156627,0.028873660153220855,119771.44930797696
9144,0.022916682145652508,0.04476102743634636,0.01973453757118468,221171.88342573482
9145,0.03610572403017154,0.010926457168761195,0.0217048558920866,-231376.00482892155
9146,0.026466571097711264,0.0052323395150244536,0.02937092378844504,-583001.4858438234
9147,0.028733249466447477,0.007937644600644783,0.04993247559573971,-291016.2045257948
9148,0.004624664415441415,0.04476517442571351,0.024575782333044634,-802267.5864010873
9149,0.011135248058375125,0.005639936593365147,0.03497100565052631,-544618.8240940408
9150,0.03772252076260732,0.03367203413118715,0.020993543609849664,106473.2035201166
9151,0.008628684951691319,0.03947689514630483,0.04356152355317092,-198721.48324783702
9152,0.01959354529531899,0.0420608779212619,0.031780011758404704,424869.38757143903
9153,0.026348915883390302,0.030530264792513823,0.005387546024114148,-440514.4651066279
9154,0.006269950944115516,0.036335193321780576,0.04849735447518988,-526335.4545856215
9155,0.025390207070004396,0.0027000352357957505,0.0034036677856237874,-707251.0933609375
9156,0.02336823491833447,0.03288322680006605,0.007743832821921571,-364544.68278230296
9157,0.0016517446744060027,0.03647346415440915,0.007306575755992856,-1500991.0911245188
9158,0.02190899920044503,0.03670680780440896,0.0062647491267048775,-584558.6099640044
9159,0.022137658242982867,0.005572756380281191,0.017375404375616577,-420797.7562817085
9160,0.04562166477260363,0.03430666100598794,0.001154657125391595,-487919.37195085164
9161,0.006723840456814634,0.014691028418390307,0.04477745992111573,-803701.2055168372
9162,0.03735431696098932,0.030874647794425,0.007629739920316981,-566048.3120698491
9163,0.046443734357960786,0.040406457341905844,0.011971284454045007,-394522.4911757416
9164,0.020216294488285876,0.02141918992836621,0.029375318677948653,-74633.17139437752
9165,0.018740519571252768,0.01050132607161814,0.03334947597952499,-244526.98431571873
9166,0.033877752023476364,0.022119276828979267,0.02433262395885524,216283.76165871377
9167,0.0025335088449753964,0.02280494195429358,0.04001991266891936,-902587.6451050177
9168,0.02957412436548343,0.0460349514480941,0.03582566824774481,680561.8144726565
9169,0.038881852438030884,0.02292078369036206,0.008672469754388968,-627632.7167580709
9170,0.04560925431991149,0.032959824249919806,0.04547373062470827,760630.1765705296
9171,0.03087612275334531,0.02272404702675449,0.006736956572801917,-467122.06155517075
9172,0.01988523938200608,0.02987767449675103,0.0465382134312681,449442.10125203984
9173,0.041465379269915024,0.025657083419199003,0.022399545369894393,145490.66683934254
9174,0.001663668892424497,0.017559420514689467,0.04906588847119897,-1451941.3963512783
9175,0.03705126795528179,0.026237452720510458,0.043114978814281224,426890.19538042904
9176,0.0011527916304741816,0.04788121105076511,0.0349834365134655,-1322139.1074138766
9177,0.0006657073634503408,0.03527659043495351,0.0041563924684560995,-1430336.739428839
9178,0.03197986346773856,0.015044281983439335,0.01060461199081862,-272348.8725522223
9179,0.0314040738518718,0.02170203867162523,0.003226150916534987,-725279.9672433257
9180,0.04111714374335954,0.013306136836455196,0.030910513158039846,-380108.8255238832
9181,0.03046803263248048,0.0028080578347977614,0.04986582751182061,-583700.3450652768
9182,0.022383027144316073,0.0102678319512179,0.02183738442116854,-186101.98724611496
9183,0.030153097318193506,0.00015198902918250878,0.015006677906739025,-384058.6457821569
9184,0.02681651254787376,0.03472384900121336,0.01566529802559768,-30416.6738714717
9185,0.020195482655964242,0.011061421460296511,0.01465201629842518,-637126.6642251695
9186,0.03436787136534925,0.016863092907109235,0.013980980868800808,-361377.9755327804
9187,0.014927996256260817,0.030632152100903556,0.028040839674241896,-294103.870712411
9188,0.020345069572245817,0.03161581470281372,0.0321397143995854,-1947.1374007003797
9189,0.0006554781863326643,0.016952975650829937,0.01221444392489462,-1621074.928281015
9190,0.041456079266933565,0.013771804645096059,0.01586480459421786,-494873.5580081033
9191,0.026889372395323737,0.027369964947286326,0.040548675426342266,508486.5394646293
9192,0.019396414018931992,0.014058212106306268,0.03041216610497853,-348827.124740566
9193,0.03641405205234462,0.04962987537824364,0.03091494098315178,859329.4999836698
9194,0.024536678729143613,0.006653400557468808,0.04934615424074539,-280231.6543847839
9195,0.0342495907573477,0.008250871808974365,0.022983864529376626,-491501.8180614565
9196,0.028015116779489216,0.010843865351112298,0.03662407164949474,-315992.0225521268
9197,0.03251687781448983,0.01168736772059615,0.04948781853427234,-82283.57677004302
9198,0.04743342604860206,0.013276055481615685,0.022090607730496332,-401020.4434547692
9199,0.04473939707904326,0.02031479216302623,0.04774102584539855,-52747.018150398
9200,0.010020376818767641,0.03620111428150202,0.02997530335587826,-234876.21582355275
9201,0.017309246826558062,0.035889627674348994,0.0012105254758520035,-795274.9569565485
9202,0.011543492467439853,0.013064776427810149,0.005873520334462867,-1006337.5907369857
9203,0.0016980552218226752,0.017647375348989924,0.010913732999416182,-1407929.1376331036
9204,0.006643347477523098,0.007865537218657232,0.0413133234480414,-932762.2556578632
9205,0.004745143575970029,0.03624276131142622,0.0026977210094128903,-1007621.5345791554
9206,0.0020316005756579104,0.02211215168487178,0.01909265073342778,-1541343.9675036895
9207,0.027287425932566434,0.035132153809340004,0.015490535805809664,-14928.55799929128
9208,0.009720367443320244,0.04110584055762316,0.008265346825350123,-776784.7016309961
9209,0.03992263687059545,0.02935734378377755,0.014468499164294664,-405978.8340299454
9210,0.01571295320067916,0.018531473063735978,0.029553986389860128,-210028.8398393619
9211,0.048981339039207435,0.01591365095088485,0.047093395585410605,-190479.92709169214
9212,0.010257342614972754,0.005647905866820064,0.026605689099071198,-966119.8177478275
9213,0.0488240435354371,0.02424318974160114,0.0399957530093953,-28222.760653858262
9214,0.02362731660083771,0.04250009065207615,0.040637037986099855,643083.9095355917
9215,0.034309624991293704,0.030770529797191193,0.025907141357524418,321036.9162137033
9216,0.04783794525457698,0.027868992074743,0.016856903086904775,-298452.1021303132
9217,0.04411085431524864,0.033001743531465184,0.027908650265633862,350021.9621400211
9218,0.034108528769247554,0.01744360578381714,0.021042649463742194,-207902.0839910177
9219,0.00977973799794013,0.0427510405366798,0.03327960368515618,-415666.8103307524
9220,0.041213086769177225,0.01586952844928797,0.049771865493395115,88362.98456523719
9221,0.017860508706653327,0.01768565138164035,0.0480317729728916,-75190.5762380259
9222,0.03275324410954374,0.04667211642012895,0.03115709431499423,792736.2957194314
9223,0.01232374028316568,0.019536825381255847,0.0429456187103595,-206531.74290080645
9224,0.024473096461989887,0.03544898114655115,0.008326438299126415,-172765.1642595537
9225,0.019988430405000004,0.041972859200703726,0.047050516885941286,727231.0892900396
9226,0.016215033213099656,0.008628640918286962,0.0011710419363065107,-856827.6284875002
9227,0.006369222786698681,0.041783394747335514,0.02278419758360957,-745310.9077463096
9228,0.014581073850478727,0.038783003081167576,0.039672296046296254,225474.8826932817
9229,0.0181080231615895,0.04506838220282003,0.02315561665721101,206479.81192785333
9230,0.013061559046298483,0.04498779456770092,0.007647573892445053,-879151.3953876924
9231,0.04979717596369729,0.03066261132315902,0.045767373220128395,499833.70016371104
9232,0.00894179037072318,0.019455563227147372,0.04366254663173675,-495257.133505283
9233,0.04185504419502411,0.04359255749203611,0.014022957497687345,-276954.4541649793
9234,0.030880901245693967,0.019479926382881388,0.016038720173064576,-239034.98561786668
9235,0.026006380163594103,0.03575264737306787,0.02592589153978054,141973.57061327656
9236,0.01152489539957266,0.04037463168127706,0.04888943397300414,196726.86727688034
9237,0.01814393112364864,0.042462640947924644,0.04319313858872446,433672.49415852583
9238,0.013026062028572838,0.03526535638936193,0.04692086008556512,51420.04231496162
9239,0.03699279706672321,0.0015010881793282305,0.030225961595109315,-464662.77539785893
9240,0.03892257085752471,0.030906829111111436,0.0014369922290706828,-317869.4015962882
9241,0.006008454172112077,0.040081114379532906,0.024402668047649324,-685455.9107969685
9242,0.047898843771880056,0.020749079462918263,0.04108541323959028,115021.94752751321
9243,0.0017746270415347765,0.04205073651197899,0.04295288538389923,-1054799.697964375
9244,0.018103791460648135,0.015472602073163755,0.04549543887584368,50175.41905005978
9245,0.03888523621672372,0.02989743645066925,0.021817246569298194,235145.77936983627
9246,0.045604330917742714,0.0373611048939478,0.02084179552396614,-3859.7989988497807
9247,0.024836006651737155,0.0049215827673248285,0.040537249952283264,-258573.3142592671
9248,0.04208511375611867,0.01778211204760466,0.015482686695926352,-454982.3181884022
9249,0.012611707714063154,0.008672935927639581,0.04738925586437884,-303939.8202788307
9250,0.03795167435221251,0.021670275046844392,0.005508525456051034,-501143.6557044511
9251,0.006971854417995155,0.035489420851215134,0.010154051975982986,-740705.8959634866
9252,0.017393698293864553,0.047850456323039435,0.029059895185325965,294420.45417911577
9253,0.04041736379178323,0.005194066930258018,0.016519309616386913,-546561.1942847391
9254,0.044780352633731944,0.04052315421295617,0.03617249920111257,768840.8876819885
9255,0.02937024342776966,0.013447003191993207,0.029274027611358184,-240664.34012365015
9256,0.002537997927302821,0.01011470968952697,0.025913263029470446,-1247171.8794777195
9257,9.886655074292095e-05,0.01161134176235279,0.007612401433769101,-1600874.3007113107
9258,0.017275639043124152,0.04291766055065753,0.04737095503988906,865834.0605931488
9259,0.008252920498969713,0.01155373056809747,0.042343863169235524,-875463.1892012305
9260,0.00863380970042591,0.03706582220552268,0.004273922934106622,-1117646.0269659818
9261,0.03241525503839916,0.013285006127899214,0.0374780617309527,-177949.68541530563
9262,0.02596866149342013,0.008944750946155572,0.02011145237048194,-287461.46636764816
9263,0.025717641796149937,0.04979883844078583,0.024018119721472192,440009.4238980334
9264,0.007561984037581471,0.02776138955263884,0.011010628336851897,-1265206.1561216123
9265,0.04397828112633276,0.04170340834436984,0.006432356064632933,-417409.86029716284
9266,0.02941876485610867,0.03482536161980655,0.012583224231396834,-20423.607946981396
9267,0.031318756679477776,0.023134430304511983,0.024103934767418886,185524.35015171315
9268,0.027564527646840822,0.028506872457003174,0.03548990294444386,613589.6431434853
9269,0.022621393071259283,0.036131780439231785,0.024296778479012356,-77848.40580689603
9270,0.03314082086642519,0.013155495579075294,0.027085070241126687,-342572.22759677115
9271,0.023399787612036108,0.015109814642462943,0.0031156000091836725,-673232.0296173046
9272,0.02550956986393431,0.0004877530604049718,0.01949151267389361,-750956.0181293854
9273,0.018532745132941276,0.03168766260667014,0.049371446807040024,334151.9788874346
9274,0.0429000599432554,0.048754190560543,0.047546854216767256,1375567.959989775
9275,0.00370563708790298,0.014097369205969585,0.014849379034498001,-1198572.6496372842
9276,0.0035510272737218187,0.042332528824165515,0.04476646680881956,-646522.1706830206
9277,0.030248699933524345,0.044549546347202235,0.035718458192893404,788596.670600875
9278,0.02202769715728425,0.007493219797624662,0.047924833277689795,-270776.6930401507
9279,0.034613935026532504,0.017709195448062754,0.006430013291583242,-590031.4120992228
9280,0.03994848820027949,0.040100748884665,0.02715045910891122,700199.8484780504
9281,0.04999785456400453,0.019321015231217726,0.047103247482759174,-49806.814077817115
9282,0.031513103422726334,0.0368211193667779,0.045853852553862345,633987.6392661334
9283,0.041557568827342135,0.014433395103785758,0.04336173643599757,-161292.9149626631
9284,0.026985437219224414,0.002241442568010893,0.03369089723029817,-777987.4937687706
9285,0.02498488237104874,0.026831189513920124,0.020576266943583218,-30927.254307210926
9286,0.0032042611765715602,0.009010667573553411,0.0378227300641253,-1223109.283832867
9287,0.011711438316602235,0.03138633465435469,0.027093013169283364,-491384.491989176
9288,0.011069924648666447,0.01402856517167883,0.019178380874684486,-719058.6445011026
9289,0.044009319691172,0.047065309180968434,0.019337774068688945,-241174.66508423915
9290,0.002307548305939228,0.03004491840898975,0.020878790197684113,-1424278.6388217283
9291,0.0246157649064767,0.022097521234944226,0.032728677827483406,-47694.89638354517
9292,0.015222005893348368,0.04463156933737311,0.02106246730786024,-102404.96055495992
9293,0.01708307100075219,0.046147249283492925,0.017907145398348878,-223077.93742112876
9294,0.004153649949770038,0.0077668031736567,0.03571474980049896,-959061.2629853144
9295,0.028116275645271166,0.02673085702982135,0.004099555192664895,-633723.9858653749
9296,0.008203810267398415,0.01981072300742215,0.02240028432996563,-935359.0302025417
9297,0.018829108308877764,0.025137212470222072,0.036677418483586764,-57454.06434101331
9298,0.0317852167759485,0.030564272088858632,0.02788894086305807,20575.725559791423
9299,0.010046413278674655,0.03023182455643943,0.007922804094922365,-930776.219866529
9300,0.035645743003156115,0.022614375810664833,0.029073030764209168,489617.79279104294
9301,0.04313972952575388,0.01865486459757953,0.0049881234811339666,-426498.8333039558
9302,0.04456985030659796,0.01824918938538093,0.020326176114218494,-318946.97136657534
9303,0.01480117354896986,0.021008474543531393,0.026048538095768542,-427727.40151362435
9304,0.04216556444499113,0.03600801428118156,0.025664045579703493,178772.18046066092
9305,0.03819234054045414,0.04238957597145279,0.0029074293177621725,-538607.4063490286
9306,0.02961144199769867,0.0021634076773755398,0.01540577506259544,-496775.05908351927
9307,0.03812081345864718,0.039564266549166865,0.044191360553613765,1044827.4957017772
9308,0.024911896173239502,0.004206875877485023,0.006339261397067104,-554983.1151544306
9309,0.012215473703590435,0.01860913555456232,0.026328041280285753,-506097.8086077904
9310,0.0322968680872273,0.008125175322360323,0.009448427487096579,-653282.7372853127
9311,0.00864949045759232,0.037746852601225185,0.015104392390104793,-760714.7722269152
9312,0.008335570783311402,0.021568786083461508,0.01237582007200851,-807479.7421436242
9313,0.018464953328439056,0.0412007011094761,0.016694832563715813,-151418.94047525703
9314,0.008742969849283062,0.011622633727599918,0.001717864198429986,-981575.5793253129
9315,0.045056466481630704,0.034848384049082734,0.023168049719500684,-196170.34910075538
9316,0.028043241107451312,0.012704549052283565,0.02018440306120082,-44532.36600988266
9317,0.0159917808771748,0.041227169439625885,0.037171268317183585,296785.3688413098
9318,0.014194024527861022,0.0381123913955655,0.004696680794980124,-450966.439879159
9319,0.01012847916683221,0.005318964547322847,0.011912316345591407,-998241.8677264156
9320,0.011309693748232215,0.04502772707784669,0.016369476914196247,-706373.2095475867
9321,0.01776089868095711,0.00498753126210294,0.0032991223140912077,-674754.3782156945
9322,0.01096937766405754,0.0067273069261617365,0.01723049883238098,-551644.3211674336
9323,0.009302218148029695,0.008908566298392118,0.03237683413988521,-1054774.535491803
9324,0.04710529661859125,0.0006240839109825369,0.0352778039954551,-619864.126199479
9325,0.032959883610091535,0.02925272271604737,0.034614906490541726,315919.3814289118
9326,0.025434974709565697,0.04634588667107481,0.007911244640007998,-565962.3577167771
9327,0.023677573002543424,0.03265191914597959,0.04543493747615312,657323.3203962728
9328,0.024371777843225775,0.04884981266938623,0.03282414333251511,464792.8925719369
9329,0.034960626914126464,0.04091036110351496,0.036695915203305764,714909.2922224944
9330,0.026131346090142168,0.03863085359397858,0.001786647620112708,-583963.1176172637
9331,0.04663836452072747,0.04115749322576186,0.031883058757620104,567193.0231495476
9332,0.0034377236015719296,0.01474619241528829,0.012681409385306526,-1372122.5262955562
9333,0.012851249116262637,0.03360511689753768,0.04380691869462207,181001.4896529624
9334,0.034081512428541995,0.01943798676784163,0.048461821051458825,282218.41687153955
9335,0.04312911782730916,0.03427092046850181,0.019873282444594676,-137530.79374316847
9336,0.03419137205764268,0.02039975565260124,0.007759350233242124,-451273.9819936793
9337,0.030941735229556556,0.03490511426153797,0.017465186293598563,16283.787630070123
9338,0.046465390867008474,0.04271297806809183,0.029142627118850507,482704.95200689853
9339,0.0030117880329739556,0.00086079186621284,0.03199431411645708,-1330345.8086419434
9340,0.04069029400654445,0.025017641672556108,0.0011743964084711235,-552066.4969562336
9341,0.007241444085706467,0.010562246293363076,0.03138778668589354,-689003.2063944581
9342,0.024302976296667618,0.0051103396299428845,0.025083720227547925,-394303.20296872273
9343,0.04347464116788968,0.02195575032748509,0.007488119962229878,-521789.8896090686
9344,0.028900394722841612,0.04646929724491424,0.005795522212794307,-442820.48133202933
9345,0.007820387410455721,0.028342135561722173,0.01699983590232945,-988859.9959339455
9346,0.04477803056308297,0.035638194844543135,0.007354390309043168,-399763.0228518482
9347,0.043535919335635914,0.03211460208847175,0.02468171692286439,348621.2645691486
9348,0.01282732212173453,0.03248553039566143,0.044924291700561086,-60656.00550882074
9349,0.0019238128648066954,0.018757500210603264,0.04678297560936487,-1251987.69765512
9350,0.019145472292183552,0.0017935150847133209,0.005072206196332413,-489534.56178609567
9351,0.03453800172897117,0.03500602550729763,0.005752251929534175,-376897.50080216763
9352,0.010960800526775795,0.02819364693374098,0.03432664923920544,-217587.77140517707
9353,0.007839512282381028,0.022819117092050745,0.028101759923906275,-830863.0277267046
9354,0.00248517670088112,0.011187824549860054,0.04594478687765196,-1228122.8783804332
9355,0.043999077656575736,0.016124155820280185,0.04339885402474233,-174323.91725976672
9356,0.031627599945705326,0.049081108674228005,0.048310947344192376,1093860.45106209
9357,0.030846889984032788,0.023391971565713356,0.007114040121935339,-407687.2628389597
9358,0.02651753499454535,0.019914933796472703,0.03228034452877042,-62255.940273621374
9359,0.004474543818655585,0.04174588801703929,0.04835572458095042,-643188.778784917
9360,0.010468136020628988,0.03163918234516162,0.04009692160812196,-275014.6686190161
9361,0.027720464289475406,0.04677184507684368,0.02559332904018681,679425.241593021
9362,0.013527369590018863,0.02358000965404713,0.024393312756560634,-494963.8840144962
9363,0.012685573295531695,0.03934763956365944,0.030887330775740126,94107.91830334568
9364,0.018518422885261693,0.021082811400757136,0.018585055929419687,-293481.9834648333
9365,0.022394926884421774,0.02640472802305043,0.016546348608178003,-171440.7828481
9366,0.04090783872010468,0.0464183564086707,0.026140014973103917,720799.7165626937
9367,0.03556813969519948,0.046526959033834164,0.009596975904616424,-444004.93273888616
9368,0.00948612692623483,0.0036305514973162534,0.02210514962348703,-1000343.16626545
9369,0.01655737317940479,0.028026702622928834,0.02255343469865946,-104110.59354536427
9370,0.009509695390441482,0.019559015743370517,0.0014448417713497975,-894276.6078359117
9371,0.02686923781143585,0.013553007404293549,0.005617941730856252,-493527.14828612213
9372,0.0032928431975101646,0.03572244536716734,0.012367025869936694,-965984.5689253832
9373,0.03293984880866025,0.04077542574420393,0.024999287460708286,463433.0472128482
9374,0.006652632738811387,0.030727393377428153,0.003580375707555117,-1146770.7882954336
9375,0.040857176588237926,0.038077010696310705,0.02010416941290353,-26144.78809629588
9376,0.013454762849914892,0.03547772268807334,0.02836049044678834,-402762.39980446675
9377,0.007254608121465733,0.037959353666818824,0.016698758594715653,-871141.3115714354
9378,0.04469237462895289,0.041473418252071306,0.013790659005001843,-326836.16097902885
9379,0.012762686943458751,0.019894475370754994,0.04022415837188151,-388932.9892920358
9380,0.006532703157922948,0.015802552059699156,0.0329553971958262,-637171.9064406689
9381,0.0016745278155788858,0.0027950077296744757,0.03810855488213537,-1410251.3118247462
9382,0.026117144073100236,0.027880116297346894,0.012443198469857876,-245777.34130291417
9383,0.02658917745903368,0.027250284198570226,0.020688570124347917,85852.72949360202
9384,0.04822116291765981,0.002463200755840145,0.020746402212837262,-499784.82991916215
9385,0.04287433266967467,0.010313488766233132,0.04674987390540464,-65966.96321609082
9386,0.021274540983441993,0.007829948732191139,0.004654979380883983,-505240.6430302382
9387,0.016353479111376964,0.04598619684042306,0.04695478061411079,618275.1004374174
9388,0.02816322405157722,0.005909515794415093,0.022829623445322734,-461114.0699009697
9389,0.020887984612065827,0.011553398373410302,0.003801616682583453,-887566.1669224653
9390,0.019078690379000736,0.018592755651027932,0.03519898494579712,-237872.30292278613
9391,0.0197113226849167,0.000656687822118629,0.0010009344164533917,-574999.2209954656
9392,0.03437577342815175,0.033039288426115726,0.008017619221863321,-353890.6460088058
9393,0.04331125286112036,0.03313113690338123,0.007702750951354598,-678644.0460193526
9394,0.014380645728448743,0.04868314171193177,0.020387320989470964,-235178.97374743028
9395,0.011838606530287078,0.026206517995685342,0.010277586642909965,-775132.0926331743
9396,0.03958584489634559,0.03971511421865922,0.04004215923741426,904489.8447598574
9397,0.030863468696538728,0.03470224464964459,0.016070166543876645,147937.3941723503
9398,0.04394439707379347,0.0072080855793006555,0.012724356764817335,-597532.7950316677
9399,0.049634348036225975,0.04801983570027332,0.025381031932093925,-30799.057240101916
9400,0.024955386734333142,0.0058410189352115505,0.03298250000871283,-202588.43617722305
9401,0.0015516228770562136,0.015717322962239776,0.02091952754255763,-1474144.3834351753
9402,0.04469926278075892,0.04842263315639353,0.04869990235010757,1219490.4320332133
9403,0.039941850315358775,0.014499856743409418,0.0022675368079488334,-629079.0650870178
9404,0.02128088326218587,0.014869813388465698,0.03275950265111273,-475722.0439369044
9405,0.018552917854421147,0.04453779784519453,0.018701650404256653,113716.4181272617
9406,0.018899808743754805,0.03795593575672257,0.029501345405740065,8628.306862601792
9407,0.01276442153346944,0.03383447812017642,0.028149685654653728,-318356.1041151218
9408,0.005202971630260168,0.023363191927757068,0.045935203549010754,-689979.4246770637
9409,0.010589676194575954,0.020730861379437485,0.013797488865305647,-496718.62714006833
9410,0.02684601517151344,0.04875564745808528,0.015492712754688748,-41821.348150877515
9411,0.04164176060798378,0.04191479360277886,0.012970781678312466,-306958.55906736484
9412,0.03863033272095685,0.049406097500484025,0.04770105328392692,1463408.1532895998
9413,0.030287021250303497,0.007586958486738221,0.005967094178160576,-801009.2224916545
9414,0.013341051617810391,0.030065648458218082,0.019311278900916235,-425619.02813659917
9415,0.034951046713433256,0.03938891951237913,0.009021081924476,-481213.53395531897
9416,0.04526470549685613,0.003028651720546194,0.013246409074010635,-563589.1430078674
9417,0.04074000339621382,0.009186610899435689,0.011006881233273586,-531556.4837416338
9418,0.048782818108774884,0.0456182168870273,0.040637966903676735,861819.0556093908
9419,0.008690054248321028,0.012756912930235814,0.011758385436663821,-929995.713861061
9420,0.009456216941385043,0.04852232547717514,0.008301408594012322,-706319.0208549426
9421,0.03733565870606478,0.0025507383238534465,0.02719031927580779,-226245.839252377
9422,0.0035424965779512875,0.0030876766292187996,0.011511624691721768,-1300927.7192131865
9423,0.046280169654910795,0.03194150836458185,0.03257007520102472,340254.18409625656
9424,0.014882784372368913,0.03618082370327024,0.03407762480127545,5658.556659346612
9425,0.02308427200402685,0.03413027024220157,0.04335677198274317,358890.6040551346
9426,0.04801903464963658,0.049829695200618015,0.024415607864555544,-14213.701770555788
9427,0.0016376574812027034,0.01145890754783634,0.009842446943590816,-1143624.355588865
9428,0.015026937504368055,0.018025108122386568,0.033433863436250745,-410819.06319027103
9429,0.02628444796415922,0.03248722918043836,0.048591977276720405,854164.7480284504
9430,0.0024535977127735976,0.0007199340287190437,0.03327527205305083,-1397835.042246159
9431,0.02731268825199114,0.024137458152715913,0.042666375714098405,262836.5996386989
9432,0.007943787611025354,0.02868096840037045,0.04659635781055623,-640452.5842610173
9433,0.022292676223090363,0.028995785337955878,0.0034999677345974867,-750714.8554633644
9434,0.01745915281144519,0.002069915354946139,0.028618816157633654,-755739.6559159318
9435,0.02952370723388207,0.047542016422594285,0.03192030116452462,961276.379984718
9436,0.00014914828228683176,0.04166171980694662,0.016482814064904316,-1663948.9037309727
9437,0.03571358466478359,0.013201426305386666,0.03801124126985142,-311513.0985845649
9438,0.046374533650296784,0.003965952636855635,0.02721809760835535,-421638.6072510121
9439,0.027020100916960117,0.014321886115287431,0.0170837179446623,-216557.95079854672
9440,0.03380803840110517,0.01463055394173215,0.0015313603417967448,-598297.9628370714
9441,0.03845931006124444,0.03125964551371376,0.012522741773750373,-505839.9184081858
9442,0.04807704962032536,0.044921401490684035,0.04821879285318719,1266013.8906799015
9443,0.025611816447064867,0.011758324449671849,0.008691458873512787,-584026.9933041928
9444,0.047426175917382705,0.04454143013534061,0.03704687087019338,917739.7708128704
9445,0.025525741638357927,0.019220377802360356,0.03517225606858805,-187862.9336744197
9446,0.0004764453464781826,0.026213880511472127,0.03393298829854443,-1426641.9387799315
9447,0.03768799920241352,0.02255405705942122,0.03725695917412097,229745.19869799208
9448,0.004792085002689062,0.011663732372647062,0.00723063596784837,-1151859.8959492848
9449,0.01699189670155111,0.01720965129289102,0.018696983167357628,-488702.46770076395
9450,0.023291244576601363,0.02181668677384609,0.024523596549931356,-73154.65090277646
9451,0.03762983322521598,0.00710083695157096,0.017535328760025195,-753018.1990247983
9452,6.752102750895439e-06,0.0014114594930630443,0.030321047414129138,-1544958.0839643788
9453,0.04380007758003223,0.015295485604624971,0.0200947772320093,-442376.7836292892
9454,0.010493820908872615,0.007139983464981798,0.04420490990942814,-606526.9854534322
9455,0.028606000651700256,0.035243739152514386,0.044094573524826035,579109.7511459092
9456,0.02941966401462494,0.009014207535102797,0.035665841232017825,-62760.16724290987
9457,0.03739030250276177,0.020697428638681778,0.030840701331770887,28363.01300560813
9458,0.024227491694082073,0.016649970881555978,0.03362080584804156,-151487.6979119691
9459,0.012372619943649871,0.016373540023464795,0.020284437517379357,-965475.0814163556
9460,0.03073101268206954,0.04261020434942931,0.030745831343967103,630257.1447391902
9461,0.036304067873485175,0.014632864805942752,0.02937075285913572,-109088.06642507392
9462,0.005192588471687582,0.023163600039767127,0.034493941807543914,-883966.6748001187
9463,0.008986126080957125,0.04510485396367009,0.020859634301089797,-586841.6021166525
9464,0.03355709328284187,0.02349472490429827,0.036612908427643524,68483.1659855982
9465,0.029215162070660067,0.006128622631459408,0.046235723586819544,-428203.4108200942
9466,0.03300303224437438,0.023603617442576608,0.033830243127848485,43288.45472069345
9467,0.01304479787320253,0.03844804442185842,0.0205612704264795,-232990.94868736246
9468,0.04025170073532822,0.013702659282355568,0.03951399844727151,-334266.7814379579
9469,0.0453345883471139,0.049041038782225266,0.03883549935798375,913421.5637056568
9470,0.0352006610737895,0.025997098400461823,0.005286714397460063,-794618.9744344624
9471,0.027992695037085125,0.02816265104820728,0.003236693044083328,-524489.3055061167
9472,0.034531310968292823,0.007447121904814103,0.029830596132640302,-293862.9743092102
9473,0.02363166157217575,0.04375271311599357,0.011612222023712981,-275559.1286766938
9474,0.008560351457842326,0.02755855569011328,0.023012146594999436,-733041.983399346
9475,0.008064877938322652,0.030685609095071672,0.045290867926714884,-348763.18900160404
9476,0.03701269193546752,0.01047785146747321,0.0119203076835595,-569018.6166236707
9477,0.0278780616253505,0.033875856990428034,0.04894977159427179,882761.5735318682
9478,0.005240989565642046,0.027317246246738813,0.04936871746959301,-642895.0156516001
9479,0.00554483934170515,0.04862843249883614,0.023108896813791992,-711371.2739525358
9480,0.035869483022295194,0.02126357437976308,0.042052205647932425,375641.1069650688
9481,0.04542589447600217,0.008333259204218858,0.03736211788047592,-329917.6628513694
9482,0.0010369764450216367,0.013843007115509488,0.027617125512126507,-1454510.2135776945
9483,0.03016025216914144,0.018263322520781035,0.013521909246145282,-177706.9091944676
9484,0.00858250797357099,0.01198563333847144,0.006511353499368683,-1131446.7300037781
9485,0.013058302674262324,0.04106396626619115,0.014376113814534242,-179707.53022468108
9486,0.04538444720253577,0.01226145583534078,0.024598194573571104,-299528.14384694624
9487,0.00837849502770277,0.0008547340977585028,0.031277011827027,-1058532.0236881138
9488,0.016888290288861636,0.017253754147989797,0.020387606295738592,-513464.23867772956
9489,0.038887980853212815,0.01998707920259575,0.004320337667384661,-662731.7544166866
9490,0.013937679962631018,0.028806460631107162,0.04967434524359491,-24871.384535236873
9491,0.007157349434131538,0.016172579834741102,0.02427966463979104,-972239.6675355148
9492,0.04723218132222048,0.005421097193107478,0.039691097615552416,-387142.42314241186
9493,0.03614773383863058,0.015321893982266755,0.038687682950451954,-169420.7798084031
9494,0.02874369288988527,0.008568011186278802,0.014286985662673009,-387557.7572673839
9495,0.016417015101235343,0.016151470134411493,0.037318269058870306,-230895.92653539425
9496,0.03301474185833201,0.040992757803171506,0.02553979200401555,181450.34761021097
9497,0.017526582842887807,0.0033875633590698395,0.039719620862860884,-567829.3245703197
9498,0.003738449704771374,0.015073228943784406,0.03344418250778829,-1171239.5582198526
9499,0.03820851571126141,0.0034256387421812418,0.030380884197206533,-600302.8470265762
9500,0.006856945538134485,0.037861998219846434,0.036492641862339914,-588135.1811973882
9501,0.037402878452763896,0.0031878786428949594,0.02797126401639793,-450912.99762217264
9502,0.012042480751444224,0.024790396912594388,0.04947056654424098,-401996.98316080857
9503,0.004523645801743337,0.029702601142386927,0.008249976605063903,-1158241.9857973694
9504,0.02550254606521566,0.026045007283016477,0.022811283936342405,-194666.37097835183
9505,0.031980775747146285,0.0487096473283166,0.04026093510458817,1008910.3785244074
9506,0.04792618284282349,0.009472648408626811,0.049661468111229956,-214672.9787441692
9507,0.015258188520075738,0.0017082836181807393,0.02181180473362357,-668247.8341351717
9508,0.012309851432039894,0.03810602702529022,0.004347065210142542,-402841.6077405228
9509,0.027400160347792874,0.014469833626378431,0.010336657910999204,-420806.969687031
9510,0.04378193404979575,0.025775261920477594,0.016272228653406825,-514855.3824585002
9511,0.03730589480320195,0.042659524449906824,0.022104391969086857,364402.23755067994
9512,0.00910620225861093,0.04971688797680002,0.01794881195078515,-654606.8296535307
9513,0.010275218418835802,0.005165454253260943,0.006192696807068715,-785214.8337998017
9514,0.04715213454041922,0.047333020228976175,0.02539664987610136,214287.80506640073
9515,0.03460676360452824,0.04163207719713246,0.02787272908369728,464939.1917227739
9516,0.03334906198889774,0.04834869675857804,0.008626812504250259,-486934.41700792196
9517,0.006939176551254783,0.0376515883434465,0.03516642112269849,-503377.2887395634
9518,0.009297610801008677,0.015120740759166052,0.03426275320784217,-556950.549925362
9519,0.024718264821066333,0.04467375695628754,0.04185773494482853,749285.4714725008
9520,0.024355988298205705,0.03334322323327628,0.0321730530590725,248852.1308466576
9521,0.004603932679622941,0.0212795931884408,0.021994063412472488,-1220678.5358316828
9522,0.04486836250746963,0.04426403616789293,0.0028817735008798474,-577202.1166414415
9523,0.04225844903135381,0.03058412365431907,0.0008112983593256296,-573689.5949063
9524,0.019082617393752856,0.04440452278095722,0.017911679950828815,-121855.94783811008
9525,0.03382232668102592,0.02828317034752343,0.02949300501388868,547037.7201027061
9526,0.024040016335184152,0.024117093287484317,0.045132272271240545,416876.7426705181
9527,0.020690808972157488,0.00957061357546022,0.02098653137646337,-179102.25752071195
9528,0.03664563554747063,0.023762107758689234,0.03660483423025216,427567.50223697885
9529,0.011989192375964875,0.02913805900521166,0.04321627933392025,-102512.68326794416
9530,0.026464976666512503,0.03184096216420095,0.033940345359148014,566309.8290400158
9531,0.03698397823447513,0.01751448101249712,0.03134233540121899,-58497.68238855299
9532,0.020808423774600234,0.019547939426518543,0.02376007855807079,-354650.45765273366
9533,0.02039072317012111,0.0012934303987118256,0.03709975381688604,-503431.8445124914
9534,0.029216931494091006,0.006878988217819887,0.013065398840796633,-351776.77335091564
9535,0.03055173231780067,0.025900842658146024,0.036171066552828535,331850.64912961033
9536,0.024461597067972515,0.04223179884366741,0.0038727510663713162,-499994.26522286277
9537,0.0306594156690263,0.01857752545087023,0.015342140527481857,46978.7984960403
9538,0.047182093571799005,0.04319037495759844,0.009185801456839726,-287202.8361643818
9539,0.0028718507545235417,0.04336274529105512,0.008464848855847518,-1262642.2083658173
9540,0.046412501998348815,0.013865992680545454,0.02058269354800776,-339065.50286849134
9541,0.0022491961436396646,0.02687656866001059,0.009436798630994392,-1301121.677648703
9542,0.0215537994190053,0.04597028550132576,0.012628637496231332,-303041.55280194496
9543,0.031745943861721165,0.010099482732726602,0.03049233728433137,-250326.91613087378
9544,0.01445771159906683,0.03407817885125402,0.038531127693425975,26993.979472070463
9545,0.04403380824386895,0.04592975598768556,0.01206509523163159,-160977.36563833544
9546,0.006449688806865767,0.002425859417798371,0.036017893360744076,-889535.9696881406
9547,0.00934461654526073,0.04000832677595673,0.0482409077092409,-31872.243536014408
9548,0.007398227020808707,0.014166539807324897,0.02620323512350653,-969057.7612818853
9549,0.021527461096048257,0.02129708168821592,0.01085527961210091,-332990.3601494584
9550,0.04446075125358647,0.03407946538563015,0.007693414467806087,-491095.9229367227
9551,0.0002219519740216558,0.03813414740794526,0.0007928810160261313,-1717423.500077112
9552,0.04402083005472535,0.026471322927414928,0.046504285131235036,512455.4104464155
9553,0.03859282639518696,0.04471718011801715,0.037190885530871194,873143.3914902789
9554,0.028830847766126152,0.008653013625717038,0.036382326016527904,-236841.74518953485
9555,0.02961537369304886,0.02273291658684075,0.02792956450296363,105603.66138424873
9556,0.011612819458584035,0.02022136143646382,0.0062098816016755215,-997613.1068913836
9557,0.02048848157121304,0.02334662275631702,0.04288860438172286,26775.283874281955
9558,0.026358991495951334,0.045443427222857435,0.04839589236997334,1300699.8903001705
9559,0.002449381198165718,0.029857172665880918,0.014961684063974884,-1196801.4703540693
9560,0.042566280962971825,0.02470389841055486,0.0039042599990634142,-485145.5140834492
9561,0.01075033148157948,0.033694408421401416,0.003980754495505729,-948421.9712310034
9562,0.018953919865530036,0.043581093301096135,0.0014600705840421503,-545505.5653471238
9563,0.034810018541058745,0.033774208645204785,0.016036847563773795,-141095.20522301696
9564,0.005635833678204272,0.00512036346358109,0.0484614024104551,-995844.1944537075
9565,0.03384581440885277,0.018799560955461782,0.04167727217666471,128465.44341090076
9566,0.005166810256885607,0.006346394292710101,0.009878148689445022,-1050706.2111067285
9567,0.03817812008841659,0.020444785485104196,0.032128814810205845,262353.0306884814
9568,0.011622556375007448,0.03886491397256573,0.04008326144600581,64459.608379407466
9569,0.02066289460645267,0.010464107696226377,0.0315025137926776,-142097.69819460087
9570,0.012806769056210587,0.00741465892740143,0.03078987820883606,-552001.5865079319
9571,0.025645439607576034,0.039172859793894795,0.0146154749053251,-6564.812606394275
9572,0.011265120919972123,0.03202614425256937,0.035053007530937486,-349256.9562549785
9573,0.020668175606381706,0.022117988337802298,0.0061772493013174945,-353317.42878089496
9574,0.023470955620984432,0.04806640075943338,0.005684891436992085,-369463.43379596254
9575,0.02839839798609566,0.0009195445612269149,0.016268698190854438,-587114.8075523315
9576,0.038057216906959755,0.028358063251300032,0.004056616426629622,-392981.8162967197
9577,0.022591569015753044,0.0039537907811393385,0.018676473052569528,-555421.8315719732
9578,0.03844772024555922,0.012912482831707667,0.022669466918726844,-308204.3916784374
9579,0.02501695847346901,0.042663790596991866,0.00607516802939705,-483406.8622734036
9580,0.027520927411162483,0.0015394993969321648,0.00466685373051402,-685301.9173687164
9581,0.011036144772808454,0.0359857136662536,0.002055440872315423,-840908.5259387053
9582,0.047253455793103305,0.021383391381845796,0.04193259702047139,130160.29678028113
9583,0.011093786827802023,0.01689053524096314,0.036350791339075976,-340827.32704021246
9584,0.018959858970020022,0.02537439479179009,0.04046261156386526,198470.66600287167
9585,0.03255475767249911,0.04179380130350597,0.004324312112561685,-497354.90894941817
9586,0.03040351888253828,0.03006021563522281,0.030354926724767497,376791.47220666835
9587,0.02944051068463843,0.03619190284913467,0.042201819085884745,967212.0686901304
9588,0.011479895707391032,0.005228191089841722,0.0036987672389610926,-875820.9694644099
9589,0.007921397789608887,0.03279763654866052,0.02082491818448492,-620535.7661219331
9590,0.017474481850632828,0.04549754877711555,0.04500879395197277,838209.0003165981
9591,0.026944577657162995,0.02292502268980654,0.013522035823846958,-37268.381198360155
9592,0.02299510220000425,0.020545958181230246,0.00034759193814729586,-631926.628039715
9593,0.03792883253641315,0.02192866451785295,0.01114246512011028,-582719.8320704895
9594,0.03331308386563976,0.02238341627330886,0.015686502164113804,-137490.65559375478
9595,0.011540537264707253,0.002957083360938956,0.025151105032377614,-768758.515200268
9596,0.018772212262582855,0.002016459440418461,0.04062033150740139,-598812.8961396117
9597,0.04041421318997698,0.0245012785929716,0.04194502023617077,323051.1191063365
9598,0.024050276638636077,0.008445138380273692,0.02587990887147943,-473308.70764176623
9599,0.015628347971651104,0.022618230423271768,0.04853349486224707,21582.497784245617
9600,0.017776543566170484,0.010794492537636192,0.0064275773166828426,-593222.0488938304
9601,0.044196385162229145,0.0007469198658201837,0.045372686251493585,-435611.06842266157
9602,0.0030886012102488702,0.037632967908747414,0.014682547538304426,-1450753.2686171369
9603,0.012495370375494487,0.008996769656601322,0.006725758318393782,-891911.082210096
9604,0.003311733737816991,0.007752229814735079,0.02942386596006254,-1122576.2226241606
9605,0.028483930564233713,0.014053734629733873,0.03399409352339336,-147669.19026315928
9606,0.03848145118299842,0.04900874729757622,0.021988465833936682,219459.22011395823
9607,0.018729453221940733,0.048658742993007494,0.04710762735093891,992866.2128176923
9608,0.04634739280714517,0.03043928752804779,0.03088658932954638,316954.98565259343
9609,0.04639900973894855,0.023990953637490244,0.01067376462025707,-455764.55265535624
9610,0.04926293612985859,0.04210348640646802,0.0028026895608729897,-577423.5150740964
9611,0.005623251326623613,0.044105875380499426,0.015054333854336927,-1200385.489824932
9612,0.03481928957673671,0.005891094139312703,0.008526683615924997,-486718.8236029603
9613,0.03736833543340644,0.04896458435081625,0.025109940020334717,336195.5317012676
9614,0.002145806573916825,0.011715851084929492,0.010635047951748017,-1550109.4329326795
9615,0.046763610247205545,0.020957499561314392,0.047383640151256755,-3401.6873627144137
9616,0.04297923053787255,0.022540320269672173,0.001243002115523395,-547393.9558545576
9617,0.04864752595058675,0.0005035716248117273,0.042806483584501925,-465549.7334846707
9618,0.020661591671452418,0.01506544674439443,0.020415030503242892,-307739.51202685136
9619,0.017845471842730533,0.03445596310544543,0.02863615674196402,91719.93449832735
9620,0.012845242656433787,0.0263750574816968,0.020247504469055336,-517256.85179455724
9621,0.04603231279608934,0.044618901839052746,0.030867295513490163,809871.4291776334
9622,0.048268390482893477,0.018756352405509408,0.004398513799691239,-556258.1047257857
9623,0.0023826151930754326,0.0416722617196003,0.019174531130377655,-1120550.293220177
9624,0.04301368944199284,0.022936759494427195,0.0005586801600053481,-625057.6356173194
9625,0.026432420313457022,0.02972730936905998,0.02257544377642672,214015.79192615292
9626,0.0419017139352597,0.03220040793670146,0.01823696181672599,-227424.65946093746
9627,0.035950119401846406,0.01598067184601511,0.04192738176704368,-33698.22256255462
9628,0.014005185233575829,0.033330553938180234,0.02075460212336168,-565735.7418281
9629,0.005059163797328292,0.031485238210704924,0.01915269028922032,-938887.8425303994
9630,0.03171316990044314,0.02699517899558437,0.002079756244688963,-479920.13807993045
9631,0.010248914167087043,0.035021054133969,0.023382791833160957,-525569.8408596416
9632,0.023323470566171223,0.00011993000956822542,0.015139909864696844,-644339.1137542536
9633,0.033473298160217956,0.04434940444998314,0.028700353252029936,740484.7248564621
9634,0.02703226541404782,0.02351573819245134,0.0339240561944908,249806.92283531826
9635,0.03990655810284441,0.01103418587076861,0.03569882084653594,-110807.25128292051
9636,0.01219274006279355,0.0015896149848393826,0.003733994009550479,-969928.5555010394
9637,0.0023270765299096387,0.01400867781546677,0.00635866503879139,-1443834.2600038669
9638,0.004260202298293803,0.007379359540605274,0.0019099151137010274,-1221671.8151156404
9639,0.017177582715881747,0.04114080043994669,0.027688929173881813,224422.48728401941
9640,0.003248330989136794,0.01874616401029779,0.02149173411130069,-1156210.547457887
9641,0.00862057184413067,0.01865059389430155,0.016837751609185738,-928505.451023762
9642,0.024690417581837598,0.03486460784218242,0.023941847794278454,136083.10245742078
9643,0.0036977025570267166,0.0027614352945080746,0.04439797155332962,-1228226.2189212956
9644,0.03473820317058363,0.03285896285988412,0.045660063859347025,654034.575938534
9645,0.027075293207192177,0.003686165640670497,0.035719236070133824,-562310.977042177
9646,0.008113613568662793,0.03330972616258751,0.020035383892951848,-767473.0210330633
9647,0.001411290455379438,0.0027764780930116697,0.019631694682834933,-1303368.3480945386
9648,0.029727156462815364,0.008544860613817212,0.005337494106789759,-617325.173161231
9649,0.01881152110407099,0.040209036426499443,0.039200275917335686,422510.18569536996
9650,0.034207006466636235,0.02126784060042273,0.02209688002088637,116085.75661025166
9651,0.011297193153368107,0.006857125046957513,0.0007920395398478387,-984388.0397359112
9652,0.043007502057702394,0.024809230565574825,0.00015214913124358964,-517759.59546885657
9653,0.026458670241649225,0.012916195128848246,0.02136813230571318,-141711.05739628055
9654,0.03362055300263766,0.040487211272114715,0.03502408987010008,824323.7867041179
9655,0.044814931910523825,0.011737307060979358,0.03306925730312384,-335559.13220169646
9656,0.04449156353284932,0.015424995719872998,0.03997258024736389,-219376.16936363679
9657,0.047010778496937126,0.03219384403696602,0.008213228092257741,-369148.4383030807
9658,0.013043008554942538,0.0339990123188782,0.0433087707522466,44516.63495349978
9659,0.0011878344134738984,0.01631656848348907,0.011678496918623561,-1436552.558943149
9660,0.0211030508738566,0.03842388924338255,0.025140275152912436,279620.1986546032
9661,0.025914536395895072,0.03045129701990711,0.025783686354247128,10481.065750422113
9662,0.034413067006479135,0.00535186767761437,0.001140057559285479,-639046.5621620072
9663,0.041339495466125725,0.02394539519563609,0.014923689631627202,-345947.2725042165
9664,0.022715257959481705,0.03250457861743586,0.006085144553012234,-413410.85870819556
9665,0.026180575059265992,0.005535407353729888,0.04297846801707436,-631952.8923776518
9666,0.028119195469029242,0.04054298097676412,0.036050271109501646,508298.0179485804
9667,0.04076278072676455,0.017090370157178875,0.006973129129621625,-544611.9905428622
9668,0.04458024101956925,0.044231978305178166,0.044163642589202155,940673.6794636679
9669,0.04946358758031988,0.02980837497659431,0.025624826635523824,-171247.31466100924
9670,0.039866548654973744,0.005506725881032493,0.0391523532754102,-537912.7142505847
9671,0.04061129129277136,0.028859600294422423,0.019395990424651996,16194.459749026968
9672,0.03281135325242548,0.0457508842298979,0.007898217430621175,-442407.66296130075
9673,0.0155551395574484,0.03357102255319377,0.04166085478134146,456274.4589345065
9674,0.032603453440954173,0.029542125314209647,0.004287059969550006,-502245.0486045329
9675,0.021685828974464194,0.04450873493888627,0.01808203264459063,13072.295821464557
9676,0.01905027977674737,0.017877874252425242,0.018137426827485544,-469376.53740375524
9677,0.020237938975764633,0.03866821111046588,0.02275313783979471,136877.0283450821
9678,0.030354281981745057,0.02212101532961232,0.043691705236928544,238134.59070102754
9679,0.008937460891061344,0.006145118328659039,0.02038630360444263,-970069.7977427957
9680,0.04871438390354258,0.034989818438689,0.030813492690808183,258476.19992363188
9681,0.019516728269889233,0.014757598425965513,0.04782890312174383,-58895.75808072916
9682,0.021345979470841294,0.03555424710532854,0.04052190720856469,383853.476686525
9683,0.03287614607404777,0.011630289586748999,0.014399184824712537,-317224.03122245026
9684,0.001149144439643901,0.048468928026819805,0.041732649993708716,-939452.8093614893
9685,0.020200576962947088,0.044621040929652994,0.0076840185999222654,-28978.944284680507
9686,0.002101887506318262,0.0067646644749610576,0.04417096726537872,-1311532.783364546
9687,0.008024538016765654,0.003406313762121055,0.009277343910910585,-1141708.8423145937
9688,0.020753126211821273,0.024821559390411342,0.011795856609810286,-397663.52016876766
9689,0.04028583703781313,0.047992221418744624,0.014541807915199219,-124266.99552647026
9690,0.04655438027629685,0.04089597392372213,0.044301013779132425,1170222.9737269513
9691,0.0029849383829410993,0.04170209648351996,0.029296254512533582,-772889.1886413803
9692,0.0019129291220417455,0.03768251975864987,0.012085754427495644,-1508543.3105779255
9693,0.03985378568198195,0.03129945696665465,0.024616588545578407,217414.22592149887
9694,0.0011691747705090238,0.04448373659004109,0.007378218852192148,-1299016.3463937594
9695,0.04148474248248257,0.034408125958253585,0.0034786364102117107,-678739.7353294875
9696,0.027110754978633522,0.04808768830079937,0.04614044219145333,1282778.578544778
9697,0.007314918437457319,0.008659171244485975,0.007681705438925846,-913567.9455699349
9698,0.037808723694556866,0.008037696964188008,0.0032290735885803726,-483049.84535662935
9699,0.019516606234389035,0.04834447115793028,0.01541299361787184,-302637.926260714
9700,0.03621180214068462,0.007198053916655451,0.031057293566651052,-150706.05975504604
9701,0.029058297121854693,0.04520865863101112,0.03582785983904825,799812.7584737005
9702,0.006039239406091634,0.020239996440396698,2.7818288391701088e-05,-1194480.3630267878
9703,0.01204984350115705,0.04856630477073077,0.022787072834282475,-342950.2007776978
9704,0.04337888191222607,0.0011864514855256748,0.04400289200298882,-503926.67373175826
9705,0.04446980304632866,0.03267163044046137,0.0058125452559023355,-458134.2903190883
9706,0.0438008039448448,0.04499319488896266,0.01005233479861702,-273327.6146582374
9707,0.047008183398962344,0.04405207561243009,0.010243822188141072,-393012.5396909692
9708,0.01969103610034474,0.016833939761738033,0.0249113196061867,-429428.12467333546
9709,0.044450014101977735,0.04371736781913987,0.008783636314459076,-280360.30089329905
9710,0.02755664161427663,0.026701709068493132,0.02251991426042982,-62731.087259561624
9711,0.03573548986949692,0.03229848594891087,0.013755376191503422,-130191.93319707732
9712,0.0174085709909908,0.04441841398576529,0.016288594858727218,-162431.7487394684
9713,0.02220426583780774,0.04864483309960628,0.04286404262268545,945284.8063655985
9714,0.03494814694844236,0.015201136060725219,0.03143749955011434,12581.559148817601
9715,0.032101011397916095,0.020578107083226695,0.0018059246805791351,-665863.4424752914
9716,0.018326423798269764,0.025406673630123083,0.0475071087704612,249550.32326108502
9717,0.03637479974956419,0.005396332617921396,0.015071115182841866,-507813.52614267735
9718,0.02608419410803846,0.022555763776595367,0.00025613469073767494,-639206.7986281377
9719,0.04675500010541812,0.04520198941343334,0.0461872285219598,1299998.4378775298
9720,0.021427742486092357,0.04166877534642207,0.03542686354337666,414823.4189671864
9721,0.02558724713489831,0.003856608937973738,0.008392599765733122,-426735.02828276803
9722,0.01191165535296423,0.04479553422281517,0.03326841195621868,-172760.00847873598
9723,0.04915154961770964,0.028321599053054543,0.004235235448044622,-420413.7276119876
9724,0.02388815858281368,0.005589222654200249,0.04506816373800307,-230952.05126631912
9725,0.013921716251570931,0.009863494480869801,0.02558158024990121,-605189.8077516418
9726,0.040354341250402215,0.025517401556676884,0.0019108297339870683,-547863.9928722584
9727,0.037147776278755686,0.0017035667978224978,0.030218919409631208,-520371.0748332102
9728,0.030846673546370586,0.010425969680198455,0.022328766797774558,-332871.3810037352
9729,0.00030959442834441186,0.01418396770542163,0.030967561585566922,-1072472.0919062288
9730,0.014208468669350117,0.0023815488859637857,0.03371320500815244,-333978.5301769552
9731,0.03711975943067029,0.04314931380995279,0.04377729810337549,1067243.7601067654
9732,0.024815841010956553,0.020367954158656942,0.02929325927593486,-9843.059641935379
9733,0.03963345449970626,0.023766608843095588,0.04975833926937184,531143.0153462425
9734,0.031875780650306225,0.01540532817042949,0.039685455669953656,-35574.38760933525
9735,0.007538314851641298,0.04678935767343029,0.01701759637306235,-663896.4481583603
9736,0.03425238310823757,0.03126540944823991,0.004793654390557212,-486494.76262488804
9737,0.03608098540780418,0.015590933760127707,0.019059044467192393,-147653.75293140765
9738,0.004826223104386757,0.04050421697517118,0.04301360487799427,-648590.709358984
9739,0.006713365973250807,0.04063061451116601,0.04489998024452727,-447700.1428691545
9740,0.004864713447523733,0.049871395531766165,0.000227517093494084,-1356197.7995457675
9741,0.042120284304762334,0.027914535267306296,0.04786417975259097,716430.5974198837
9742,0.01690499591183763,0.018042397928774653,0.04201889276310461,46430.200323209676
9743,0.03553429993952618,0.030025920898673758,0.03221923028375214,468653.1046526507
9744,0.03413190591848767,0.002392082301451071,0.005889168107822446,-532675.9471179693
9745,0.009062840972686443,0.008839346707094358,0.042145334101769266,-799608.8838643145
9746,0.01972549069907561,0.02447120341172139,0.00446983511611117,-628183.3125460612
9747,0.04352965364732286,0.0005131767503309015,0.004164805155415097,-605890.038266037
9748,0.04060546862078773,0.006529852711733297,0.03966788694375348,-235076.99211197533
9749,0.01752087821242579,0.03880489501803204,0.002517767122950576,-511660.39880219713
9750,0.01706310092828527,0.024063694340619265,0.03128522554529861,-243577.49067522705
9751,0.04181100320212665,0.01222343349724167,0.032944422050615,-420151.06817149394
9752,0.007588521822448586,0.039758398547403456,0.04666106026418971,-451216.87928453577
9753,0.0023639732078671316,0.003992903819993266,0.039377040953195636,-1203982.9560278007
9754,0.044011501634712846,0.03241088798402047,0.023059357304988922,-123162.09416631899
9755,0.038453347973058,0.014985465628917572,0.04958771148024869,-151820.67020876138
9756,0.04239966785760818,0.044356650766996956,0.042744135925208634,942759.0741350432
9757,0.046644302496556045,0.003224734537698376,0.04543138817941529,-421088.6518180718
9758,0.012430138237578338,0.01795864751992206,0.01852851551537275,-644114.2134244656
9759,0.011621692977120053,0.02192129238575809,0.02527599831828021,-524276.10190370533
9760,0.007433207272410697,0.01797594175725418,0.017407322976821137,-939472.9994575584
9761,0.03373351942093303,0.029039190744422707,0.03580545933587672,462988.0238178834
9762,0.03919717613712824,0.03335030508732917,0.012062216335674975,-312973.4158468059
9763,0.025105978856809597,0.023328744466032843,0.003702509706585794,-596689.8953495844
9764,0.04472408024203692,0.004571767831631074,0.04882212943829361,-264416.6932556116
9765,0.0015872928279371203,0.03648394248750355,0.01437872512768475,-1566247.2336965776
9766,0.045235841845814105,0.041201595914318975,0.0012505451491369168,-540510.6426248299
9767,0.0010975336235799216,0.030159551621998605,0.0074795793083239255,-1332969.8843240605
9768,0.0007079317411956666,0.04838810293325611,0.03164312639173797,-1186821.6589367527
9769,0.0005416336512892806,0.0245259889360756,0.00787684146446931,-1311813.8802373817
9770,0.04025910626899357,0.0014341050925221366,0.018545800906912963,-607298.4001655955
9771,0.01190141612618418,0.049043651856691794,0.0039055806496329226,-907702.8679123326
9772,0.03599445659035158,0.02390139493239962,0.04082449399503313,393767.4965798035
9773,0.010712227869928688,0.042764755897395236,0.0475183624054098,189986.78011523775
9774,0.010655376253971467,0.01213724158285518,0.048183378803756095,-489400.9553497609
9775,0.021706368514463833,0.041762155454344425,0.04212147628892606,687736.360542553
9776,0.015542627894533352,0.008939253389484486,0.018326513227107728,-597186.2520031392
9777,0.029595141551978954,0.024854287382227964,0.036839845673917515,200149.48334872504
9778,0.027440449965128705,0.040275740155651135,0.005196893119769653,-441784.33772167657
9779,0.021954723646469644,0.0008031378157548008,0.006040355506479101,-627502.6103044404
9780,0.0165753643415617,0.045075650883600916,0.019007763524658827,-304752.5122653904
9781,0.013673339068286994,0.03353942946217539,0.03517355035787253,-67607.89868602384
9782,0.024066431017998286,0.014425937450847016,0.015090523060276162,-390012.3532516822
9783,0.009277304247466556,0.018129467485624908,0.008412674855521501,-930593.3404509871
9784,0.03214613834767629,0.04473448809899561,0.01271265303943785,-177841.80725691697
9785,0.012110757808305074,0.044907633814746224,0.028401657039512047,-343158.67028555495
9786,0.036488761758356976,0.04445672063701006,0.033248640207564545,558790.5958852656
9787,0.03712294282949716,0.0193473485703348,0.04690841284365089,483723.0919442452
9788,0.03519499809608918,0.0035847302055972033,0.029760828993956653,-627465.0965938796
9789,0.004732835739086456,0.02610595230569169,0.004424372231025653,-1060252.3243044433
9790,0.0313620541935633,0.02281829136706215,0.027653957262542092,106698.71415072531
9791,0.03244752789126028,0.012517403372476272,0.01597605471908054,-185827.0930446157
9792,0.02410340111276868,0.028315573139234565,0.04618231117078397,480301.4030615767
9793,0.01759515377468024,0.029586515303728564,0.046127259507090214,49881.57877768095
9794,0.03589133466706831,0.016417092303802117,0.020735307380131563,-187196.66159351726
9795,0.0439392063460959,0.021884328817554335,0.012602186943227511,-484617.41610038176
9796,0.026153529746201273,0.00929990984930315,0.02910226089911533,-372887.89680097566
9797,0.04957508409629582,0.04846399229322363,0.03068997303475808,627940.8089183661
9798,0.044313973961108054,0.040757639876480366,0.0475334496962175,934816.2616908571
9799,0.043654808767945266,0.044991619027863,0.011477372453931085,-148248.7139840335
9800,0.007900936437636298,0.002198590819893459,0.03296529523269864,-867072.3339568998
9801,0.04667528891871325,0.04969249921618495,0.0426171276322997,1376438.0304915912
9802,0.04155052379675403,0.025944139743348034,0.022597906865575102,-18191.903486935735
9803,0.032015824592745955,0.0011353739675235453,0.03971617918805276,-439056.36324863124
9804,0.03287418365458055,0.008502451552390261,0.031784842858762506,-230409.97497570314
9805,0.029973472575631883,0.03939999741310167,0.04187387502783458,961883.8578834642
9806,0.012670973027401417,0.04072387978581058,0.009104791380657585,-727255.0067415873
9807,0.01971063886431046,0.024632334401609692,0.04024656343852044,-64471.92104476007
9808,0.0450540402468792,0.0008608316590756449,0.036862225002276365,-464772.65220925375
9809,0.04387605620263293,0.04771526629228317,0.013394459568808775,-263483.4155444776
9810,0.008648019348709035,0.024947242947315096,0.04505016543994775,-501563.6481462176
9811,0.01578067823217577,0.02525303520997968,0.04977774853334645,120238.43697312516
9812,0.022801614119877963,0.031412529940342396,0.0497797852487187,672766.2949362808
9813,0.018362927825868135,0.013646499634639665,0.014136977413908054,-475275.38338709
9814,0.030850664285434155,0.008135190661247238,0.008226004150288341,-559937.1699414237
9815,0.01300666682551801,0.0270467694677443,0.04220879068921818,-109252.44926517528
9816,0.026463537198318777,0.03913207264167323,0.047877854914372124,845070.3625769007
9817,0.03700007578349247,0.03213942682480634,0.0004097203399018479,-346168.93871681235
9818,0.022420568225738537,0.013402474338101501,0.025621139928936054,-286172.5985256033
9819,0.04755422334041284,0.016022372197306945,0.008039103800452042,-601310.8555314018
9820,0.04129480972850087,0.0495291492931218,0.039003551092805365,900434.96566351
9821,0.006919599653899306,0.027534742612773052,0.020259512582308393,-735856.392875173
9822,0.03167163709469601,0.03343060239161582,0.04035451044715769,543001.7262476007
9823,0.012004325847347992,0.04823392657772782,0.010734455959390043,-581017.8456427917
9824,0.006204900582108353,0.04144356219137793,0.023162458823099814,-743229.0580624356
9825,0.024511513535002,0.015936773183178255,0.002320661598092311,-658505.6396545945
9826,0.00968005421482161,0.038081715638293386,0.011220315536527387,-873033.0824141699
9827,0.04963329585348198,0.03931133850280445,0.04242950738291759,813741.4104886752
9828,0.04366403450446904,0.035945223560154956,0.02330914018940991,28514.210199643316
9829,0.045850616459547966,0.021326338757241377,0.0047909539496304165,-506254.7459700984
9830,0.02982214485814377,0.005278239313700906,0.03276941995629479,-534555.9200418423
9831,0.049876337882486674,0.03376039914217174,0.010527605034325633,-379472.16745516896
9832,0.006892975611932345,0.01781930950377363,0.007288258304602991,-1157687.891017185
9833,0.02848466516067142,0.03915492218227424,0.03290691733212209,259662.89749254094
9834,0.03085992703154436,0.021780324146880577,0.008636460821837694,-376804.790497081
9835,0.03188898264352121,0.020967388311877617,0.015273073852556735,-329701.6389544645
9836,0.03296431360320941,0.018926802374195868,0.008416517757127479,-566100.8160657213
9837,0.024175678633755488,0.014459137078039547,0.03667443639234923,-204359.63405060605
9838,0.002353357101349318,0.04264219745395589,0.02306731324466776,-1216146.4533405118
9839,0.0007971915147944875,0.00666812330715374,0.04727202436082642,-1280397.3303151678
9840,0.02685033336922571,0.0384272667764714,0.04413886069656326,658366.1946186993
9841,0.016015268505381697,0.02734585102565041,0.03251619809402443,-19672.092787119374
9842,0.04207925492990039,0.02100446931827432,0.04758763897527507,40299.95168406266
9843,0.030356034156045056,0.043693615483737215,0.004167901683575531,-493099.06436326477
9844,0.023167116842241348,0.008958473223794268,0.045594156437048144,-252587.2538514022
9845,0.011749365967670407,0.03564900668572205,0.0031434692227939043,-818475.1540418016
9846,0.01004223204447463,0.01599262402555207,0.03909366614182286,-367856.0679131085
9847,0.012558338754183813,0.04084421964791077,0.03943053820348382,217987.2993274737
9848,0.04961016728255402,0.033857024481137074,0.031871881278112975,325546.3396204527
9849,0.03007679594783092,0.0054809569098639935,0.02566110703001434,-683957.9301031553
9850,0.042574144306680994,0.0010428400237293023,0.0063327559516791814,-682744.4961875047
9851,0.030027463129270262,0.042350792689732276,0.015366588094161733,-71909.53791888474
9852,0.043573912076978485,0.016876331114314375,0.023272918878806916,-423598.6291961373
9853,0.04765153335673893,0.020879604366450977,0.029974062801964654,-223471.71107291352
9854,0.04677328521829427,0.013219108705381772,0.004596796503335199,-590699.089180481
9855,0.04790149359185401,0.02799148014614381,0.04829202688216008,437408.80215401016
9856,0.04333723115220452,0.029731325290303895,0.02356703369146882,349478.6897725029
9857,0.024012511381210612,0.008300824776074106,0.022678100889116995,-655230.2277185408
9858,0.04108659745202087,0.0494394107704097,0.048017103194562996,1251437.5882576713
9859,0.04810892952491239,0.0009505444002114061,0.02578860287118548,-423143.10154172
9860,0.010006555779987032,0.030764211323294367,0.047291845422514,-252853.37720953213
9861,0.04383255302351502,0.04332912383885809,0.018285920387899446,-334204.4008954844
9862,0.025058565202281564,0.014097215466039592,0.027692716544488967,-31882.952776165224
9863,0.015169392933604914,0.04043656422456931,0.023220966202313238,-21199.218148627715
9864,0.035019939466730717,0.04363336033412959,0.01498745455161607,-243528.56612251053
9865,0.031104575629163873,0.042290659601595795,0.04753662991476712,1207073.8809952694
9866,0.008153331302897155,0.0340710111910858,0.021760940513639627,-692961.6139034712
9867,0.014276154830158478,0.007886475407615973,0.02926903172847726,-618530.4976566585
9868,0.01670439121678017,0.03339718437687092,0.01404984112709652,-434917.7815893489
9869,2.957590857009529e-05,0.03836138916802628,0.008066358997900874,-1612957.856910185
9870,0.012625168005088873,0.011767710339510169,0.0171120507982483,-593103.864494149
9871,0.02426709605777588,0.04062261014985581,0.032510998623812085,375506.3318648716
9872,0.007299914837926158,0.009183802501074324,0.04235313246248414,-732240.9025993474
9873,0.012492772907517725,0.010934155609310325,0.00017850604867957756,-656860.6957431838
9874,0.03870378645276912,0.03692259126348271,0.01738070746090381,-271859.4885853844
9875,0.0003657424648454699,0.03927876689564923,0.0049682606148939105,-1530896.0604185418
9876,0.023023396781918577,0.04200738084936095,0.012214105786566305,-206552.52689522793
9877,0.018983434857641236,0.03304281281296498,0.03365813770008478,-98878.25793075532
9878,0.02313531884493432,0.021687630479163125,0.020975460294825884,-276462.4643488673
9879,0.024301635259695947,0.01733225087604744,0.01282072255993219,-498193.86802955193
9880,0.015802569156002217,0.02388836413646834,0.01910704374606505,-313700.0599074708
9881,0.029276900602065933,0.03155705998041846,0.04980718567306075,983933.4186542104
9882,0.030758473352584366,0.03673165896257973,0.004901589483007691,-582066.8312466557
9883,0.038022440540713305,0.02544517424426091,0.04332790441125339,610698.3398478203
9884,0.04854543797879703,0.011518280482844158,0.04643375559581898,-337489.2882814389
9885,0.033582043846174046,0.03695568259651792,0.023618053325698773,500428.3879393708
9886,0.01773967910209222,0.04000170134908231,0.0010985896626759973,-573049.2721699339
9887,0.02702978641020556,0.0036914887189605007,0.01273174163757891,-548563.1931513451
9888,0.036259955900293864,0.03773693059819418,0.0444521666899304,615990.5871914524
9889,0.035771861722775904,0.033737298804760334,0.04725586486964575,1059035.4979983778
9890,0.026870480136554395,0.032694082447413376,0.043403142708756594,371454.2079451471
9891,0.03818475730914626,0.03849627744854072,0.026837789843596707,634107.497438026
9892,0.026392240344331155,0.0324353345303189,0.03502731951986609,550998.8835482183
9893,0.027305092051333347,0.009273347110751834,0.012420581871922793,-291871.026684122
9894,0.02465375559512974,0.010203243171699579,0.02117436905812747,-434646.0382250948
9895,0.007357051059645303,0.007311621656620371,0.0421607586506074,-643954.1579634354
9896,0.02711249976307451,0.03902174436362757,0.0005769687344960528,-561678.7593103524
9897,0.014281548341527306,0.0008840319099060467,0.00016910727281906903,-884134.0999894101
9898,0.0016008202213904478,0.026076212889346168,0.004541102765927879,-1386169.694408792
9899,0.0399186994579265,0.025809381346786876,0.012267653067476493,-390665.51692607714
9900,0.04193285719960185,0.025481883215179957,0.017539951913411296,-361661.17201766325
9901,0.028397532342271433,0.03363043665653166,0.027940184924794137,419397.6218186714
9902,0.04663926426841959,0.01769868647400354,0.020497470524755798,-389705.0170696028
9903,0.042942722603824375,0.0318743774058408,0.04831333746593871,853776.5066516745
9904,0.03960823290101077,0.02564641393897296,0.03173591583500674,201938.76566223774
9905,0.020304220460820484,0.0063822809619940414,0.02035552707008247,-297223.8647564337
9906,0.01407428901880194,0.03390399305726284,0.03345986103719297,-242821.71799421476
9907,0.04686839467701405,0.003972872024142877,0.02337842277264783,-642786.9505112317
9908,0.01993195921353136,0.026371919149336943,0.00597815398375699,-519671.66461851133
9909,0.024571327003037755,0.032850550184823475,0.015689315189810177,-125101.91299204265
9910,0.032522108066336215,0.0132835843222192,0.018465270376608982,-404868.41669793776
9911,0.04536441501589615,0.0012529195327426025,0.013641171695774524,-579888.8523600288
9912,0.04678628090791531,0.0073521409237993,0.019870390703547916,-523686.685255443
9913,0.022704783375080202,0.03263236686585882,0.03058866452454938,165608.08623656214
9914,0.031338117187756816,0.04702053756862376,0.01963924693985913,247408.44526478316
9915,0.024490641679817245,0.048198708195395235,0.006407624990309935,-306926.2456922076
9916,0.04741058619579974,0.04741402059515465,0.047673747827890106,1042782.7365472686
9917,0.0033514536330938485,0.02887831657462462,0.04190859244843118,-815037.6816279986
9918,0.01568507584326157,0.029528076445368465,0.012822259865718989,-472205.9630260274
9919,0.006480672393911491,0.04261281874345754,0.04906101883019731,-291512.03344898723
9920,0.0034873205343041503,0.006066044655405212,0.02943034519349203,-966924.7400649629
9921,0.004315563700438641,0.03155826808237836,0.03597428718775296,-906049.9500474484
9922,0.020731471788508378,0.03781215833812307,0.00568145105643903,-477459.30702249246
9923,0.0150618206382254,0.04038194488011166,0.0044173968598892,-582529.3663353946
9924,0.014254275165025088,0.03105814030850001,0.012369598668930476,-456601.939872986
9925,0.024043803767622714,0.04185957658124501,0.013483319087796609,-217977.6581703212
9926,0.021792542317964556,0.0009126180612480883,0.03541847385855834,-493696.18502079457
9927,0.01775296042122499,0.04300268008789397,0.004428077544129394,-438264.8686380451
9928,0.03911151757121883,0.04068974678353956,0.038803443935552746,836942.9734721396
9929,0.03671897340714665,0.011889464960334462,0.02083662449012206,-271741.315979494
9930,0.019297617417868285,0.012051904113158946,0.02458452230642665,-165383.30131133023
9931,0.03487665179849554,0.02393633880000505,0.04872321949776887,523172.52016365895
9932,0.03543792209210877,0.02213495513484856,0.020197876955401525,-22367.747206137043
9933,0.029180331223655778,0.021588200173238672,0.011096914992885305,-206845.68743618263
9934,0.026052298469537646,0.03363573025352286,0.017922247269907033,84199.99384288595
9935,0.014166186058168363,0.010869630086159094,0.01814108982824363,-626334.62583126
9936,0.012218377806302678,0.038154936153454826,0.031935711968188916,-82620.04767385832
9937,0.014346611567238371,0.04959156384273976,0.03228360673076744,-151594.9006274034
9938,0.007123646598645417,0.041466864733413086,0.03768510474150563,-470491.8321346135
9939,0.02500143227828382,0.01167317621824553,0.04054381267717947,-377515.7170240638
9940,0.006225910868466334,0.02090176308956747,0.040866129727399614,-699092.7467218587
9941,0.04007203985591723,0.03149461184476453,0.00038711262501925917,-627182.7661161115
9942,0.016656115490366424,0.042659895966610406,0.03606829209226298,489823.37145613774
9943,0.040529765488456444,0.003149062555920618,0.047038472283372615,-246051.776668754
9944,0.011452494464259638,0.01661465046922851,0.04202915118411872,-414206.8907574016
9945,0.02031095816009414,0.03215383500379369,0.02761817866966452,80244.38258687098
9946,0.04330381517130483,0.0078061767833795155,0.004889558693494805,-557657.5607969892
9947,0.03161768742240508,0.04223208531966634,0.04615508113442523,814215.4782850656
9948,0.01999628209205939,0.03674283005931438,0.019539325013413995,-78915.88263731905
9949,0.01594376685549284,0.0012106125871362062,0.01250552678101764,-969088.0760259996
9950,0.008508613291747374,0.01343063092250933,0.014436356352755543,-963079.6713573856
9951,0.042945473546916024,0.010168805471504373,0.040964937229289816,-499388.11249418365
9952,0.042967119180245816,0.023188812509191404,0.03622577832232291,295175.76196042413
9953,0.015930381313988728,0.0008885465876949938,0.035482576143179574,-678331.115030083
9954,0.03032064050481936,0.02306818177924093,0.04493450144489922,381152.1560021044
9955,0.036362891966952686,0.021279060733406498,0.002668942058264373,-615007.3251439164
9956,0.04380428675192086,0.04923214034041028,0.03172605195459283,785856.9293516825
9957,0.038410030294647776,0.025301241978176743,0.011832141735411146,-650192.3177154486
9958,0.045603374548829484,0.034417531401892784,0.027428153010588693,559817.6646768849
9959,0.03410421763979323,0.025593069790114956,0.002919224707058571,-404244.7766378388
9960,0.03302205720044575,0.00026084425724761664,0.011017289561745153,-584162.9544034796
9961,0.007798963364663708,0.017006112770648587,0.045415781980095896,-499800.33697895857
9962,0.003985081157394138,0.017870312720642812,0.03797809754974161,-757534.6984822934
9963,0.043154580944897825,0.036806456851566416,0.04826058156286991,879235.8918592137
9964,0.03479587128049742,0.03724004371584973,0.021103386770087586,320952.365757111
9965,0.015102663928607507,0.02309376635909857,0.03839584917379913,-170218.99739388644
9966,0.032513152873792396,0.03859494899752561,0.03137932928134301,388726.9808408726
9967,0.03665506738683448,0.007783453661098627,0.016182926663671753,-478618.36480542494
9968,0.02805958835174075,0.0008273706759180099,0.04561486134928319,-411529.22821946157
9969,0.011974491396580168,0.004425109892259182,0.033212510645896996,-489412.04110251565
9970,0.009686952354761098,0.028096735660116497,0.012448833670339221,-758504.575857053
9971,0.008297075889939864,0.03674980419662716,0.01941863980103294,-709774.632852385
9972,0.028721910677109067,0.01080622338227577,0.027620727670347303,-259985.29842715495
9973,0.02106152174405584,0.002561222252732115,0.03633459081490218,-380401.9312812105
9974,0.027618216819676352,0.04636699270008643,0.040397498301484744,931370.1019130435
9975,0.02855596060088458,0.00215298007251995,0.0375959302699595,-355279.7696448052
9976,0.027452210024116748,0.04175157608644233,0.028887250956051574,309642.16587040405
9977,0.00010137397403112703,0.04074560556695611,0.039963692601373516,-1157299.9070675792
9978,0.004970132911781539,0.03419117328123912,0.02630503259185714,-1002759.8409162883
9979,0.029495854698294882,0.04446766305871247,0.01247842653040936,2062.4594405936123
9980,0.0006579946746514631,0.01042810582968598,0.045756301761992545,-1239991.5217310688
9981,0.010571157745575871,0.03372552990216999,0.03948428424107063,-360759.4151735113
9982,0.04066051367261304,0.0005218531652188274,0.000470120560152143,-651187.9020443291
9983,0.049450505325176086,0.026371340013042272,0.0031851676797572896,-700623.2234411017
9984,0.0013404440213654945,0.040538561425917385,0.04524775607607092,-1058045.633307677
9985,0.026224624919638152,0.018585703433598468,0.03511782951216399,117128.730405135
9986,0.0011194173433601684,0.044945788457099234,0.01280452504861801,-1545300.2740022016
9987,0.009545437819668596,0.015539617904707453,0.0031863817863353075,-861274.0295774902
9988,0.01947802038501832,0.0357373923028926,0.024910318063922684,-147508.09338913657
9989,0.033398951649448665,0.010688597821558633,0.019894522302730883,-321333.6594152499
9990,0.025974069124696637,0.02862792358572705,0.009319824198110017,-228911.57601830136
9991,0.040383456757345955,0.004510811044889102,0.0049143625414616865,-627131.7161274379
9992,0.012485036196436967,0.032713698185415196,0.0038543581407892713,-787228.3635171914
9993,0.00038627985578821856,0.023609078779404116,0.017332853181221308,-1679175.9805613055
9994,0.00783731571061559,0.032796193536276816,0.032071570731613395,-497882.1155762937
9995,0.006094643124032417,0.011490066905259916,0.018248965929018163,-1073126.4678378266
9996,0.04950199518810859,0.03842952819942028,0.016858266840398563,-38206.07075215416
9997,0.04827189110427907,0.022746605466330685,0.019016597055930947,-244938.54638379303
9998,0.0472142892952714,0.03680877408534988,0.027392213132661148,183386.04415053563
9999,0.030034827893950775,0.04864052585813874,0.007645077498225655,-412821.56619755796
